Hashcode,Player,Team,Pos,Age,G,AB,R,H,2B,3B,HR,RBI,SB,CS,BB,SO,SH,SF,HBP,AVG,OBP,SLG,OPS,WAR,salary,League,Teams,Leagues,Season,Total_OB,Total_Outs,Game_Fatigue_Factor,Condition,Status,Injured Days
508835,Marcus Semien,TEX,2B,33,162,670,122,185,40,4,29,100,14,3,72,110,0,5,5,0.276,0.35,0.477,0.827,7.37,26000000.0,AL,['TEX'],['AL'],[2023],262,490,0,100,Active,0
268861,Julio Rodriguez,SEA,OF,22,155,654,102,180,37,2,32,103,37,10,47,175,0,2,11,0.275,0.334,0.484,0.818,0.0,720000.0,AL,['SEA'],['AL'],[2023],238,485,0,100,Active,0
604527,Ronald Acuna,ATL,OF,25,159,643,149,217,35,4,41,106,73,14,80,84,0,3,9,0.337,0.418,0.595,1.012,0.0,720000.0,NL,['ATL'],['NL'],[2023],306,435,0,100,Active,0
913881,Bobby Witt,KC,SS,23,158,641,97,177,28,11,30,96,49,15,40,121,1,8,4,0.276,0.322,0.494,0.816,0.0,720000.0,AL,['KC'],['AL'],[2023],221,468,0,100,Active,0
864684,Trea Turner,PHI,SS,30,155,639,102,170,35,5,26,76,30,0,45,150,0,1,6,0.266,0.32,0.458,0.778,3.38,27272727.0,NL,['PHI'],['NL'],[2023],221,475,0,100,Active,0
77541,Steven Kwan,CLE,OF,26,158,638,93,171,36,7,5,54,21,3,70,75,1,6,3,0.268,0.343,0.369,0.712,3.57,727300.0,AL,['CLE'],['AL'],[2023],244,470,0,100,Active,0
898369,Freddie Freeman,LAD,1B,34,161,637,131,211,59,2,29,102,23,1,72,121,0,5,16,0.331,0.412,0.566,0.978,6.52,27000000.0,AL,['LAD'],['AL'],[2023],299,442,0,100,Active,0
698420,Austin Riley,ATL,3B,26,159,636,117,179,32,3,37,97,3,1,59,172,0,11,9,0.281,0.35,0.515,0.865,5.85,15000000.0,NL,['ATL'],['NL'],[2023],247,466,0,100,Active,0
829179,Lane Thomas,WSH,OF,28,157,628,101,168,36,3,28,86,20,5,36,176,0,7,11,0.268,0.318,0.468,0.786,3.3,2200000.0,NL,['WSH'],['NL'],[2023],215,471,0,100,Active,0
29291,Nick Castellanos,PHI,OF,31,157,626,79,170,37,2,29,106,11,2,36,185,0,6,3,0.272,0.314,0.476,0.79,1.51,20000000.0,NL,['PHI'],['NL'],[2023],209,459,0,100,Active,0
453643,Teoscar Hernandez,SEA,OF,30,160,625,70,161,29,2,26,93,7,2,38,211,0,7,8,0.258,0.308,0.435,0.743,0.0,720000.0,AL,['SEA'],['AL'],[2023],207,472,0,100,Active,0
631822,Nathaniel Lowe,TEX,1B,28,161,623,89,163,38,3,17,82,1,0,93,165,0,3,5,0.262,0.361,0.414,0.774,2.57,4050000.0,AL,['TEX'],['AL'],[2023],261,465,0,100,Active,0
972320,Alex Bregman,HOU,3B,29,161,622,103,163,28,4,25,98,3,1,92,87,0,2,8,0.262,0.364,0.44,0.804,4.87,30500000.0,AL,['HOU'],['AL'],[2023],263,467,0,100,Active,0
840432,Nico Hoerner,CHC,SS,26,150,619,98,175,27,4,9,68,43,7,49,83,1,5,14,0.283,0.348,0.382,0.73,5.06,2525000.0,NL,['CHC'],['NL'],[2023],238,458,0,100,Active,0
842624,George Springer,TOR,OF,34,154,613,87,158,25,1,21,72,20,5,60,125,0,3,5,0.258,0.328,0.404,0.732,2.09,24166667.0,AL,['TOR'],['AL'],[2023],223,460,0,100,Active,0
621771,Jose Ramirez,CLE,3B,31,156,611,87,172,36,5,24,80,28,6,73,73,0,6,1,0.282,0.359,0.474,0.833,0.0,720000.0,AL,['CLE'],['AL'],[2023],246,440,0,100,Active,0
296864,Joey Meneses,WSH,1B,31,154,611,71,168,36,1,13,89,0,0,38,130,0,3,5,0.275,0.322,0.4,0.722,0.51,723300.0,NL,['WSH'],['NL'],[2023],211,448,0,100,Active,0
777344,Matt Olson,ATL,1B,29,162,608,127,172,27,3,54,139,1,0,104,167,0,4,4,0.283,0.391,0.603,0.994,7.37,21000000.0,NL,['ATL'],['NL'],[2023],280,440,0,100,Active,0
883053,Spencer Torkelson,DET,1B,24,159,606,88,141,34,1,31,94,3,0,67,171,0,5,6,0.233,0.315,0.445,0.76,0.76,723100.0,AL,['DET'],['AL'],[2023],214,471,0,100,Active,0
974670,Francisco Lindor,NYM,SS,29,160,602,108,153,33,2,31,98,31,4,66,137,0,7,12,0.254,0.339,0.47,0.808,6.01,34100000.0,NL,['NYM'],['NL'],[2023],231,461,0,100,Active,0
441426,Vladimir Guerrero,TOR,1B,24,156,602,78,159,30,0,26,94,5,3,67,100,0,4,9,0.264,0.346,0.443,0.788,0.0,720000.0,AL,['TOR'],['AL'],[2023],235,452,0,100,Active,0
708706,Eugenio Suarez,SEA,3B,32,162,598,68,139,29,0,22,96,2,1,70,214,0,11,15,0.232,0.327,0.391,0.718,0.0,720000.0,AL,['SEA'],['AL'],[2023],224,474,0,100,Active,0
848361,Xander Bogaerts,SD,SS,31,155,596,83,170,31,2,19,58,19,2,56,110,0,6,7,0.285,0.353,0.439,0.792,4.39,25454545.0,NL,['SD'],['NL'],[2023],233,433,0,100,Active,0
758502,Ozzie Albies,ATL,2B,26,148,596,96,167,30,5,33,109,13,1,46,107,0,8,8,0.28,0.34,0.513,0.853,4.7,7000000.0,NL,['ATL'],['NL'],[2023],221,437,0,100,Active,0
991968,Gleyber Torres,NYY,2B,26,158,596,90,163,28,2,25,68,13,6,67,98,0,6,3,0.273,0.349,0.453,0.802,2.91,9950000.0,AL,['NYY'],['AL'],[2023],233,436,0,100,Active,0
410759,Paul Goldschmidt,STL,1B,36,154,593,89,159,31,0,25,80,11,2,87,161,0,3,3,0.268,0.364,0.446,0.81,3.37,26000000.0,NL,['STL'],['NL'],[2023],249,437,0,100,Active,0
956850,Brandon Nimmo,NYM,OF,30,152,592,89,162,30,6,24,68,3,3,74,146,1,4,11,0.274,0.364,0.466,0.83,3.9,18500000.0,NL,['NYM'],['NL'],[2023],247,441,0,100,Active,0
528436,Anthony Santander,BAL,OF,28,153,591,81,152,41,1,28,95,5,1,55,152,0,4,6,0.257,0.326,0.472,0.798,3.03,7400000.0,AL,['BAL'],['AL'],[2023],213,445,0,100,Active,0
461082,Adley Rutschman,BAL,C,25,154,588,84,163,31,1,20,80,1,2,92,101,0,5,2,0.277,0.376,0.435,0.811,4.31,733900.0,AL,['BAL'],['AL'],[2023],257,427,0,100,Active,0
840637,Ty France,SEA,1B,29,158,587,79,147,32,0,12,58,1,0,43,117,0,1,34,0.25,0.337,0.366,0.703,0.65,4100000.0,AL,['SEA'],['AL'],[2023],224,474,0,100,Active,0
925981,Bryson Stott,PHI,SS,26,151,585,78,164,32,2,15,62,31,3,39,100,1,8,7,0.28,0.332,0.418,0.75,4.27,734500.0,NL,['PHI'],['NL'],[2023],210,428,0,100,Active,0
16828,Jeff McNeil,NYM,2B,31,156,585,75,158,25,4,10,55,10,0,39,65,3,3,18,0.27,0.334,0.377,0.711,2.35,6250000.0,NL,['NYM'],['NL'],[2023],215,445,0,100,Active,0
516184,Kyle Schwarber,PHI,OF,30,160,585,108,115,19,1,47,104,0,2,126,215,0,3,6,0.197,0.344,0.473,0.817,0.64,20000000.0,NL,['PHI'],['NL'],[2023],247,476,0,100,Active,0
839511,Mookie Betts,LAD,OF,31,152,584,126,179,40,1,39,107,14,3,96,107,0,5,8,0.307,0.411,0.578,0.988,8.31,25416667.0,AL,['LAD'],['AL'],[2023],283,413,0,100,Active,0
238037,Christian Walker,ARI,1B,32,157,582,86,150,36,2,33,103,11,0,62,127,0,8,8,0.258,0.337,0.496,0.833,3.81,6500000.0,AL,['ARI'],['AL'],[2023],220,440,0,100,Active,0
708093,Spencer Steer,CIN,3B,25,156,582,74,158,37,3,23,86,15,3,68,139,0,4,11,0.271,0.358,0.463,0.821,2.9,720000.0,NL,['CIN'],['NL'],[2023],237,435,0,100,Active,0
193121,Ezequiel Tovar,COL,SS,22,153,581,79,147,37,4,15,73,11,5,25,166,2,3,4,0.253,0.288,0.407,0.695,2.46,722000.0,NL,['COL'],['NL'],[2023],176,438,0,100,Active,0
437742,Rafael Devers,BOS,3B,26,153,580,90,157,34,0,33,100,5,1,62,126,0,3,11,0.271,0.352,0.5,0.852,3.49,17500000.0,AL,['BOS'],['AL'],[2023],230,434,0,100,Active,0
423532,Ian Happ,CHC,OF,29,158,580,86,144,35,4,21,84,14,3,99,153,0,6,6,0.248,0.363,0.431,0.794,3.02,10850000.0,NL,['CHC'],['NL'],[2023],249,442,0,100,Active,0
114469,Bryan De La Cruz,MIA,OF,26,153,579,60,149,32,0,19,78,4,1,40,142,0,5,1,0.257,0.306,0.411,0.717,-0.32,736000.0,NL,['MIA'],['NL'],[2023],190,431,0,100,Active,0
345745,Jeremy Pena,HOU,SS,26,150,577,81,152,32,3,10,52,13,9,43,129,1,1,9,0.263,0.324,0.381,0.705,0.0,720000.0,AL,['HOU'],['AL'],[2023],204,434,0,100,Active,0
905645,Fernando Tatis,SD,OF,24,141,575,91,148,33,1,25,78,29,4,53,141,1,3,3,0.257,0.323,0.448,0.771,0.0,720000.0,NL,['SD'],['NL'],[2023],204,430,0,100,Active,0
14113,Luis Arraez,MIA,2B,26,147,574,71,203,30,3,10,69,3,2,35,34,1,3,4,0.354,0.394,0.468,0.862,4.88,6100000.0,NL,['MIA'],['NL'],[2023],242,375,0,100,Active,0
162428,Bryan Reynolds,PIT,OF,28,145,574,85,151,31,5,24,84,12,1,53,138,0,6,7,0.263,0.332,0.459,0.791,2.41,7000000.0,NL,['PIT'],['NL'],[2023],211,430,0,100,Active,0
520018,Kyle Tucker,HOU,OF,26,157,574,97,163,37,5,29,112,30,5,80,92,0,10,3,0.284,0.374,0.517,0.891,5.41,5000000.0,AL,['HOU'],['AL'],[2023],246,414,0,100,Active,0
1024151,Bo Bichette,TOR,SS,25,135,571,69,175,30,3,20,73,5,3,27,115,0,1,2,0.306,0.34,0.474,0.814,4.92,3933333.0,AL,['TOR'],['AL'],[2023],204,398,0,100,Active,0
602253,Ketel Marte,ARI,2B,29,150,569,94,157,26,9,25,82,8,2,71,109,0,5,5,0.276,0.361,0.485,0.846,4.94,11600000.0,AL,['ARI'],['AL'],[2023],233,417,0,100,Active,0
547988,Juan Soto,SD,OF,24,162,568,97,156,32,1,35,109,12,5,132,129,1,5,2,0.275,0.413,0.519,0.931,5.46,23000000.0,NL,['SD'],['NL'],[2023],290,414,0,100,Active,0
468159,Pete Alonso,NYM,1B,28,154,568,92,123,21,2,46,118,4,1,65,151,0,4,21,0.217,0.319,0.503,0.822,3.18,14500000.0,NL,['NYM'],['NL'],[2023],209,466,0,100,Active,0
144411,Andrew Vaughn,CWS,1B,25,152,566,67,146,30,2,21,80,0,0,36,129,0,2,11,0.258,0.314,0.429,0.743,0.9,760000.0,AL,['CWS'],['AL'],[2023],193,431,0,100,Active,0
808661,Corbin Carroll,ARI,OF,23,155,565,116,161,30,10,25,76,54,5,57,125,6,4,13,0.285,0.363,0.506,0.869,5.43,1625000.0,AL,['ARI'],['AL'],[2023],231,417,0,100,Active,0
957163,Dansby Swanson,CHC,SS,29,147,565,81,138,25,3,22,80,9,1,66,154,0,2,5,0.244,0.328,0.415,0.743,4.79,14000000.0,NL,['CHC'],['NL'],[2023],209,432,0,100,Active,0
442957,CJ Abrams,WSH,SS,23,151,563,83,138,28,6,18,64,47,4,32,118,3,3,13,0.245,0.3,0.412,0.712,3.36,724200.0,NL,['WSH'],['NL'],[2023],183,438,0,100,Active,0
875323,Andrew Benintendi,CWS,OF,29,151,562,72,147,34,2,5,45,13,2,52,89,1,3,3,0.262,0.327,0.355,0.681,0.22,8600000.0,AL,['CWS'],['AL'],[2023],202,418,0,100,Active,0
228180,Nolan Arenado,STL,3B,32,144,560,71,149,26,2,26,93,3,3,41,101,0,8,3,0.266,0.319,0.458,0.777,2.37,35000000.0,NL,['STL'],['NL'],[2023],193,414,0,100,Active,0
985921,Gunnar Henderson,BAL,3B,22,150,560,100,143,29,9,28,82,10,3,56,159,0,3,3,0.255,0.326,0.489,0.815,6.18,723200.0,AL,['BAL'],['AL'],[2023],202,420,0,100,Active,0
870242,Alec Bohm,PHI,3B,27,145,558,74,153,31,0,20,97,4,1,42,94,0,6,5,0.274,0.33,0.437,0.767,0.43,748000.0,NL,['PHI'],['NL'],[2023],200,410,0,100,Active,0
206318,Justin Turner,BOS,3B,38,146,558,86,154,31,0,23,96,4,1,51,110,0,6,11,0.276,0.348,0.455,0.802,2.1,8300000.0,AL,['BOS'],['AL'],[2023],216,415,0,100,Active,0
398452,Andres Gimenez,CLE,2B,25,153,557,76,140,27,5,15,62,30,6,32,112,4,3,20,0.251,0.315,0.398,0.713,0.0,720000.0,AL,['CLE'],['AL'],[2023],192,437,0,100,Active,0
196904,Ryan McMahon,COL,3B,28,152,555,80,133,31,3,23,70,5,5,68,198,0,3,1,0.24,0.323,0.43,0.753,2.92,9000000.0,NL,['COL'],['NL'],[2023],202,423,0,100,Active,0
1002966,Adolis Garcia,TEX,OF,30,148,555,108,136,29,0,39,107,9,1,65,175,0,6,6,0.245,0.33,0.508,0.838,0.0,720000.0,AL,['TEX'],['AL'],[2023],207,425,0,100,Active,0
520723,Willy Adames,MIL,SS,28,149,553,73,120,29,2,24,80,5,3,71,165,0,6,6,0.217,0.312,0.406,0.718,2.98,8700000.0,NL,['MIL'],['NL'],[2023],197,439,0,100,Active,0
975297,Randy Arozarena,TB,OF,28,151,551,95,140,19,3,23,83,22,10,80,156,0,5,18,0.254,0.366,0.424,0.79,3.5,4150000.0,AL,['TB'],['AL'],[2023],238,429,0,100,Active,0
70294,Lourdes Gurriel,ARI,OF,29,145,551,65,144,35,2,24,82,5,0,33,103,0,2,6,0.261,0.31,0.462,0.772,0.0,720000.0,AL,['ARI'],['AL'],[2023],183,413,0,100,Active,0
647549,Christian Yelich,MIL,OF,31,144,550,106,153,34,1,19,76,28,3,78,140,0,1,3,0.278,0.37,0.447,0.817,3.61,26000000.0,NL,['MIL'],['NL'],[2023],234,400,0,100,Active,0
736182,Whit Merrifield,TOR,2B,34,145,547,66,149,27,0,11,67,26,10,36,101,0,6,3,0.272,0.32,0.382,0.702,0.67,6750000.0,AL,['TOR'],['AL'],[2023],188,401,0,100,Active,0
278294,Luis Robert,CWS,OF,26,145,546,90,144,36,1,38,80,20,4,30,172,0,2,12,0.264,0.316,0.542,0.858,0.0,720000.0,AL,['CWS'],['AL'],[2023],186,414,0,100,Active,0
194705,Alex Verdugo,BOS,OF,27,142,546,81,144,37,5,13,54,5,3,45,93,0,5,6,0.264,0.326,0.421,0.747,2.62,6300000.0,AL,['BOS'],['AL'],[2023],195,408,0,100,Active,0
992131,Manny Machado,SD,3B,31,138,543,75,140,21,0,30,91,3,2,50,109,0,6,2,0.258,0.322,0.462,0.784,2.88,17090909.0,NL,['SD'],['NL'],[2023],192,405,0,100,Active,0
493280,Anthony Volpe,NYY,SS,22,159,541,62,113,23,4,21,60,24,5,52,167,1,2,5,0.209,0.284,0.382,0.665,3.25,720000.0,AL,['NYY'],['AL'],[2023],170,433,0,100,Active,0
239398,William Contreras,MIL,C,25,141,540,86,156,38,1,17,78,6,1,63,126,1,2,5,0.289,0.368,0.457,0.825,3.76,739000.0,NL,['MIL'],['NL'],[2023],224,389,0,100,Active,0
1781,Jose Abreu,HOU,1B,36,141,540,62,128,23,1,18,90,0,1,42,130,0,6,6,0.237,0.299,0.383,0.681,0.0,720000.0,AL,['HOU'],['AL'],[2023],176,418,0,100,Active,0
8769,Salvador Perez,KC,C,33,140,538,59,137,21,0,23,80,0,0,19,135,0,8,13,0.255,0.296,0.421,0.717,0.53,20000000.0,AL,['KC'],['AL'],[2023],169,414,0,100,Active,0
1043477,Ha-Seong Kim,SD,SS,27,152,538,84,140,23,0,17,60,38,9,75,124,5,5,3,0.26,0.353,0.397,0.75,5.77,7000000.0,NL,['SD'],['NL'],[2023],218,401,0,100,Active,0
308960,Masataka Yoshida,BOS,OF,30,140,537,71,155,33,3,15,72,8,0,34,81,0,2,7,0.289,0.339,0.445,0.784,1.39,15600000.0,AL,['BOS'],['AL'],[2023],196,389,0,100,Active,0
888518,J.P. Crawford,SEA,SS,28,145,534,94,142,35,0,19,65,2,0,94,125,3,2,5,0.266,0.38,0.438,0.818,5.14,11000000.0,AL,['SEA'],['AL'],[2023],241,397,0,100,Active,0
28464,MJ Melendez,KC,C,24,148,533,65,125,29,5,16,56,6,4,62,170,0,4,3,0.235,0.317,0.397,0.714,-0.35,726500.0,AL,['KC'],['AL'],[2023],190,411,0,100,Active,0
53158,Marcell Ozuna,ATL,OF,32,144,530,84,145,29,1,40,100,0,0,57,134,0,2,3,0.274,0.347,0.558,0.905,3.29,18000000.0,NL,['ATL'],['NL'],[2023],205,388,0,100,Active,0
257744,Dominic Smith,WSH,1B,28,153,527,57,134,21,1,12,46,1,1,47,91,0,2,10,0.254,0.327,0.366,0.693,0.9,2000000.0,NL,['WSH'],['NL'],[2023],191,403,0,100,Active,0
308845,Daulton Varsho,TOR,C,27,158,527,65,116,23,3,20,61,16,7,45,135,1,3,4,0.22,0.286,0.388,0.673,3.88,3050000.0,AL,['TOR'],['AL'],[2023],165,415,0,100,Active,0
399490,Yandy Diaz,TB,3B,32,137,525,95,173,35,0,22,78,0,1,65,94,0,2,8,0.33,0.411,0.521,0.931,0.0,720000.0,AL,['TB'],['AL'],[2023],246,360,0,100,Active,0
672372,Keibert Ruiz,WSH,C,25,136,523,55,136,24,0,18,67,1,1,31,58,0,2,6,0.26,0.308,0.409,0.717,1.3,1375000.0,NL,['WSH'],['NL'],[2023],173,393,0,100,Active,0
466971,Austin Hays,BAL,OF,28,144,520,76,143,36,2,16,67,5,1,38,141,0,5,3,0.275,0.327,0.444,0.771,2.49,3200000.0,AL,['BAL'],['AL'],[2023],184,380,0,100,Active,0
161256,Seiya Suzuki,CHC,OF,29,138,515,75,147,31,6,20,74,6,7,59,130,0,7,2,0.285,0.361,0.485,0.846,2.84,18000000.0,NL,['CHC'],['NL'],[2023],208,370,0,100,Active,0
465027,Carlos Correa,MIN,SS,29,135,514,60,118,29,2,18,65,0,0,59,131,0,3,4,0.23,0.313,0.398,0.711,1.4,33333333.0,AL,['MIN'],['AL'],[2023],181,400,0,100,Active,0
495522,Cal Raleigh,SEA,C,26,145,513,78,119,23,1,30,75,0,0,54,158,0,1,1,0.232,0.306,0.456,0.762,3.22,758300.0,AL,['SEA'],['AL'],[2023],174,395,0,100,Active,0
305969,Leody Taveras,TEX,OF,25,143,511,67,136,31,3,14,67,14,4,35,117,3,4,1,0.266,0.314,0.42,0.734,2.58,733445.0,AL,['TEX'],['AL'],[2023],172,376,0,100,Active,0
551211,Javier Baez,DET,SS,30,136,510,58,113,18,4,9,59,12,0,24,125,0,3,9,0.222,0.268,0.325,0.593,0.0,720000.0,AL,['DET'],['AL'],[2023],146,406,0,100,Active,0
561515,Matt Chapman,TOR,3B,30,140,509,66,122,39,2,17,54,4,2,62,165,0,2,8,0.24,0.331,0.424,0.755,4.38,12500000.0,AL,['TOR'],['AL'],[2023],192,395,0,100,Active,0
537625,Michael Harris,ATL,OF,22,138,505,76,148,33,3,18,57,20,4,25,101,1,3,5,0.293,0.332,0.477,0.808,0.0,720000.0,NL,['ATL'],['NL'],[2023],178,362,0,100,Active,0
12261,Jorge Soler,MIA,OF,31,137,504,77,126,24,0,36,75,1,0,66,141,0,4,6,0.25,0.343,0.511,0.854,1.76,15000000.0,NL,['MIA'],['NL'],[2023],198,384,0,100,Active,0
1022524,Cody Bellinger,CHC,OF,28,130,499,95,153,29,1,26,97,20,6,40,87,0,12,5,0.307,0.363,0.525,0.888,4.35,12500000.0,NL,['CHC'],['NL'],[2023],198,351,0,100,Active,0
859480,Shohei Ohtani,LAA,DH,29,135,497,102,151,26,8,44,95,20,6,91,143,0,3,3,0.304,0.414,0.653,1.067,6.04,30000000.0,AL,['LAA'],['AL'],[2023],245,349,0,100,Active,0
374055,DJ LeMahieu,NYY,3B,35,136,497,55,121,22,3,15,44,2,2,60,125,0,2,3,0.243,0.328,0.39,0.718,1.29,15000000.0,AL,['NYY'],['AL'],[2023],184,379,0,100,Active,0
860547,Thairo Estrada,SF,2B,27,120,495,63,134,26,2,14,49,23,7,22,120,0,2,11,0.271,0.316,0.416,0.732,2.27,2250000.0,NL,['SF'],['NL'],[2023],167,372,0,100,Active,0
148351,Ke'Bryan Hayes,PIT,3B,26,124,494,65,134,31,7,15,61,10,6,28,104,0,3,0,0.271,0.31,0.453,0.763,4.0,10000000.0,NL,['PIT'],['NL'],[2023],162,360,0,100,Active,0
596465,Tim Anderson,CWS,SS,30,123,493,52,121,18,2,1,25,13,2,26,122,0,2,3,0.245,0.287,0.296,0.583,-2.0,12500000.0,AL,['CWS'],['AL'],[2023],150,375,0,100,Active,0
611858,Isaac Paredes,TB,3B,24,143,492,71,123,24,0,31,98,1,0,58,104,0,1,20,0.25,0.352,0.487,0.839,4.16,735000.0,AL,['TB'],['AL'],[2023],201,389,0,100,Active,0
254799,J.T. Realmuto,PHI,C,32,135,489,70,123,28,5,20,63,16,5,35,138,0,5,9,0.252,0.313,0.451,0.764,3.58,23875000.0,NL,['PHI'],['NL'],[2023],167,375,0,100,Active,0
898500,Orlando Arcia,ATL,2B,29,139,488,66,129,25,0,17,65,1,0,39,102,0,3,3,0.264,0.322,0.42,0.742,1.59,2300000.0,NL,['ATL'],['NL'],[2023],171,362,0,100,Active,0
845991,TJ Friedl,CIN,OF,28,138,488,73,136,22,8,18,66,27,6,47,90,8,3,10,0.279,0.354,0.467,0.821,3.81,722500.0,NL,['CIN'],['NL'],[2023],193,362,0,100,Active,0
1020528,Elias Diaz,COL,C,32,141,486,48,130,25,1,14,72,1,0,34,118,0,4,2,0.267,0.318,0.409,0.727,0.0,720000.0,NL,['COL'],['NL'],[2023],166,358,0,100,Active,0
1012925,Brandon Drury,LAA,3B,31,125,485,61,127,30,3,26,83,0,2,25,136,0,5,8,0.262,0.308,0.496,0.804,1.91,8500000.0,AL,['LAA'],['AL'],[2023],160,366,0,100,Active,0
793447,James Outman,LAD,OF,26,151,483,86,120,16,3,23,70,16,3,68,181,0,4,12,0.248,0.355,0.436,0.79,3.29,722500.0,AL,['LAD'],['AL'],[2023],200,375,0,100,Active,0
871320,Max Muncy,LAD,3B,33,135,482,95,102,17,1,36,105,1,2,85,153,0,6,6,0.212,0.336,0.475,0.811,2.63,13500000.0,AL,['LAD'],['AL'],[2023],193,386,0,100,Active,0
758039,J.D. Davis,SF,3B,30,144,480,61,119,23,1,18,69,1,0,52,152,0,6,6,0.248,0.328,0.412,0.74,0.9,4210000.0,NL,['SF'],['NL'],[2023],177,367,0,100,Active,0
180082,Tommy Edman,STL,2B,28,137,479,69,119,25,4,13,47,27,4,35,84,3,4,7,0.248,0.309,0.398,0.707,2.11,4200000.0,NL,['STL'],['NL'],[2023],161,367,0,100,Active,0
360419,Matt Vierling,DET,OF,27,134,479,63,125,21,5,10,44,6,6,44,112,1,1,5,0.261,0.329,0.388,0.717,1.45,727100.0,AL,['DET'],['AL'],[2023],174,359,0,100,Active,0
648628,Josh Jung,TEX,3B,25,122,478,75,127,25,1,23,70,1,3,30,151,0,2,5,0.266,0.315,0.466,0.781,2.35,721485.0,AL,['TEX'],['AL'],[2023],162,356,0,100,Active,0
12006,Eddie Rosario,ATL,OF,32,142,478,64,122,24,3,21,74,3,4,34,122,1,2,1,0.255,0.306,0.449,0.755,1.07,9000000.0,NL,['ATL'],['NL'],[2023],157,357,0,100,Active,0
396326,Corey Seager,TEX,SS,29,119,477,88,156,42,0,33,96,2,1,49,88,0,6,4,0.327,0.394,0.622,1.016,6.94,35500000.0,AL,['TEX'],['AL'],[2023],209,325,0,100,Active,0
301685,Trent Grisham,SD,OF,26,153,469,67,93,31,1,13,50,15,3,75,154,4,1,5,0.198,0.315,0.351,0.665,2.0,3175000.0,NL,['SD'],['NL'],[2023],173,381,0,100,Active,0
48994,Mauricio Dubon,HOU,OF,29,132,467,76,130,26,3,10,46,7,2,19,70,0,3,3,0.278,0.31,0.411,0.721,0.0,720000.0,AL,['HOU'],['AL'],[2023],152,340,0,100,Active,0
537147,Josh Lowe,TB,OF,25,135,466,71,136,33,2,20,83,32,3,31,124,0,3,1,0.292,0.337,0.5,0.837,3.72,723200.0,AL,['TB'],['AL'],[2023],168,331,0,100,Active,0
18294,Tyler Stephenson,CIN,C,27,142,465,59,113,20,2,13,56,0,1,47,135,0,1,4,0.243,0.317,0.378,0.695,0.66,740000.0,NL,['CIN'],['NL'],[2023],164,356,0,100,Active,0
1041928,Will Smith,LAD,C,28,252,928,160,242,42,4,38,152,6,0,126,178,0,24,30,0.261,0.367,0.437,0.804,4.11,5250000.0,AL,['LAD'],['AL'],[2023],398,716,0,100,Active,0
225923,Zach McKinstry,DET,2B,28,148,464,60,107,21,4,9,35,16,6,44,113,2,3,5,0.231,0.304,0.351,0.655,1.1,734500.0,AL,['DET'],['AL'],[2023],156,362,0,100,Active,0
157744,Maikel Garcia,KC,SS,23,123,464,59,126,20,4,4,50,23,7,38,115,1,10,2,0.272,0.329,0.357,0.686,1.05,5550864.0,AL,['KC'],['AL'],[2023],166,340,0,100,Active,0
88982,Brent Rooker,OAK,OF,28,137,463,61,114,20,1,30,69,4,0,49,172,0,4,10,0.246,0.331,0.488,0.819,2.2,725000.0,AL,['OAK'],['AL'],[2023],173,359,0,100,Active,0
515645,Myles Straw,CLE,OF,28,147,462,52,110,18,3,1,29,20,6,42,97,6,6,2,0.238,0.304,0.296,0.6,1.11,2900000.0,AL,['CLE'],['AL'],[2023],154,354,0,100,Active,0
580537,Jake Cronenworth,SD,2B,29,127,458,54,105,24,7,10,48,6,1,46,97,1,5,11,0.229,0.314,0.377,0.691,1.0,4225000.0,NL,['SD'],['NL'],[2023],162,364,0,100,Active,0
747382,Jonah Heim,TEX,C,28,131,457,61,118,28,0,18,95,2,0,40,96,0,3,1,0.258,0.319,0.437,0.756,2.86,745660.0,AL,['TEX'],['AL'],[2023],159,340,0,100,Active,0
323342,Bryce Harper,PHI,DH,30,126,457,84,134,29,1,21,72,11,3,80,119,0,4,5,0.293,0.404,0.498,0.902,3.69,27538462.0,NL,['PHI'],['NL'],[2023],219,328,0,100,Active,0
568666,Eloy Jimenez,CWS,OF,26,120,456,50,124,23,0,18,64,0,0,30,93,0,2,1,0.272,0.318,0.44,0.758,0.0,720000.0,AL,['CWS'],['AL'],[2023],155,333,0,100,Active,0
265663,Jonathan India,CIN,2B,26,119,454,78,111,23,0,17,61,14,2,52,109,0,7,16,0.244,0.342,0.407,0.749,1.39,760000.0,NL,['CIN'],['NL'],[2023],179,359,0,100,Active,0
719781,Josh Naylor,CLE,1B,26,121,452,52,139,31,0,17,97,10,3,33,68,0,7,3,0.308,0.358,0.488,0.846,2.45,3350000.0,AL,['CLE'],['AL'],[2023],175,316,0,100,Active,0
29943,Esteury Ruiz,OAK,OF,24,132,449,47,114,24,1,5,47,67,13,20,99,4,1,16,0.254,0.309,0.345,0.653,-0.12,720000.0,AL,['OAK'],['AL'],[2023],150,351,0,100,Active,0
422421,Shea Langeliers,OAK,C,25,135,448,52,92,19,4,22,63,3,2,34,143,1,2,5,0.205,0.268,0.412,0.679,1.06,720000.0,AL,['OAK'],['AL'],[2023],131,361,0,100,Active,0
310133,Luis Garcia,WSH,2B,23,122,447,61,119,18,4,9,50,9,4,27,60,1,7,0,0.266,0.308,0.384,0.692,0.0,720000.0,NL,['WSH'],['NL'],[2023],146,328,0,100,Active,0
256710,Jack Suwinski,PIT,OF,25,144,447,63,100,21,2,26,74,13,2,75,172,0,6,6,0.224,0.342,0.454,0.796,2.21,725000.0,NL,['PIT'],['NL'],[2023],181,353,0,100,Active,0
372153,Wander Franco,TB,SS,22,112,442,65,124,23,6,17,58,30,10,42,69,0,4,3,0.281,0.347,0.475,0.822,5.53,2454546.0,AL,['TB'],['AL'],[2023],169,321,0,100,Active,0
809775,Max Kepler,MIN,OF,30,130,438,72,114,22,2,24,66,1,1,45,106,0,4,4,0.26,0.334,0.484,0.818,2.85,8500000.0,AL,['MIN'],['AL'],[2023],163,328,0,100,Active,0
575942,J.D. Martinez,LAD,DH,36,113,432,61,117,27,2,33,103,1,0,34,149,0,9,2,0.271,0.326,0.571,0.897,1.9,10000000.0,AL,['LAD'],['AL'],[2023],153,317,0,100,Active,0
194476,Will Brennan,CLE,OF,25,138,432,41,115,24,0,5,41,13,5,16,57,0,2,5,0.266,0.3,0.356,0.655,0.52,720100.0,AL,['CLE'],['AL'],[2023],136,322,0,100,Active,0
379544,LaMonte Wade,SF,OF,29,135,429,64,110,14,2,17,45,2,0,76,95,4,4,6,0.256,0.375,0.417,0.792,0.0,720000.0,NL,['SF'],['NL'],[2023],192,325,0,100,Active,0
531578,Triston Casas,BOS,1B,23,132,429,66,113,21,2,24,65,0,0,70,126,0,2,1,0.263,0.368,0.489,0.857,2.22,723500.0,AL,['BOS'],['AL'],[2023],184,317,0,100,Active,0
954119,Willson Contreras,STL,C,31,125,428,55,113,27,0,20,67,6,3,51,111,1,2,13,0.264,0.359,0.467,0.826,3.38,10000000.0,NL,['STL'],['NL'],[2023],177,328,0,100,Active,0
78090,Michael Massey,KC,2B,25,129,428,42,98,18,1,15,55,6,2,24,99,1,4,4,0.229,0.276,0.38,0.656,-0.09,722850.0,AL,['KC'],['AL'],[2023],126,334,0,100,Active,0
90995,Lars Nootbaar,STL,OF,26,117,426,74,111,23,1,14,46,11,1,72,99,1,3,1,0.261,0.368,0.417,0.784,3.33,732400.0,NL,['STL'],['NL'],[2023],184,316,0,100,Active,0
937243,Ryan Mountcastle,BAL,1B,26,115,423,64,114,21,1,18,68,3,1,37,107,0,7,3,0.27,0.332,0.451,0.783,2.07,738400.0,AL,['BAL'],['AL'],[2023],154,312,0,100,Active,0
344435,Jordan Walker,STL,OF,21,117,420,51,116,19,2,16,51,7,4,37,104,0,2,6,0.276,0.343,0.445,0.788,-0.07,3924989.0,NL,['STL'],['NL'],[2023],159,310,0,100,Active,0
146337,Kerry Carpenter,DET,OF,26,118,418,57,116,17,2,20,64,6,0,32,115,0,1,8,0.278,0.34,0.471,0.811,1.94,723700.0,AL,['DET'],['AL'],[2023],156,310,0,100,Active,0
915660,Connor Joe,PIT,OF,31,133,413,63,102,31,4,11,42,3,5,50,110,0,1,8,0.247,0.339,0.421,0.76,0.72,735000.0,NL,['PIT'],['NL'],[2023],160,319,0,100,Active,0
90305,Adam Frazier,BAL,2B,31,141,412,59,99,21,2,13,60,11,4,32,68,4,2,4,0.24,0.301,0.395,0.696,1.7,8000000.0,AL,['BAL'],['AL'],[2023],135,317,0,100,Active,0
571735,Yordan Alvarez,HOU,OF,26,114,410,77,120,24,1,31,97,0,0,69,92,0,4,13,0.293,0.41,0.582,0.992,4.62,7833333.0,AL,['HOU'],['AL'],[2023],202,303,0,100,Active,0
977333,Geraldo Perdomo,ARI,SS,23,144,407,71,100,20,4,6,47,16,4,64,86,14,4,6,0.246,0.356,0.358,0.714,2.29,738600.0,AL,['ARI'],['AL'],[2023],170,313,0,100,Active,0
236436,Nolan Gorman,STL,2B,23,119,406,59,96,17,0,27,76,7,2,53,148,0,2,3,0.236,0.329,0.477,0.806,2.42,726950.0,NL,['STL'],['NL'],[2023],152,313,0,100,Active,0
500912,Ryan Noda,OAK,1B,27,128,406,63,93,22,1,16,54,3,1,77,170,0,2,10,0.229,0.365,0.406,0.771,2.29,7350941.0,AL,['OAK'],['AL'],[2023],180,323,0,100,Active,0
75895,Michael Conforto,SF,OF,30,125,406,58,97,14,0,15,58,4,0,53,106,0,4,7,0.239,0.336,0.384,0.72,0.66,18000000.0,NL,['SF'],['NL'],[2023],157,316,0,100,Active,0
129765,Ezequiel Duran,TEX,SS,24,122,406,55,112,22,2,14,46,8,4,23,120,1,2,7,0.276,0.325,0.443,0.768,0.9,724170.0,AL,['TEX'],['AL'],[2023],142,301,0,100,Active,0
380293,Wilmer Flores,SF,3B,32,126,405,51,115,22,0,23,60,0,0,41,63,0,3,5,0.284,0.356,0.508,0.864,2.62,6500000.0,NL,['SF'],['NL'],[2023],161,295,0,100,Active,0
46074,Brice Turang,MIL,2B,23,137,404,46,88,9,3,6,34,26,4,38,94,3,2,1,0.218,0.286,0.299,0.585,1.56,6291218.0,NL,['MIL'],['NL'],[2023],127,317,0,100,Active,0
198408,Brandon Marsh,PHI,OF,25,133,404,58,112,25,6,12,60,10,2,59,144,1,4,4,0.277,0.374,0.457,0.831,3.42,734500.0,NL,['PHI'],['NL'],[2023],175,296,0,100,Active,0
168006,Cedric Mullins,BAL,OF,29,116,404,51,94,23,3,15,74,19,3,43,101,3,4,1,0.233,0.308,0.415,0.723,2.78,4100000.0,AL,['BAL'],['AL'],[2023],138,311,0,100,Active,0
488387,Chas McCormick,HOU,OF,28,115,403,59,110,17,2,22,70,19,6,40,117,1,2,11,0.273,0.354,0.488,0.842,3.62,752500.0,AL,['HOU'],['AL'],[2023],161,304,0,100,Active,0
269378,Harold Ramirez,TB,OF,29,122,400,58,125,19,2,12,68,5,3,22,79,0,6,6,0.313,0.357,0.46,0.817,0.0,720000.0,AL,['TB'],['AL'],[2023],153,281,0,100,Active,0
201413,Brenton Doyle,COL,OF,25,126,399,48,81,16,5,10,48,22,5,22,151,3,3,4,0.203,0.251,0.343,0.594,0.85,5260529.0,NL,['COL'],['NL'],[2023],107,322,0,100,Active,0
923059,David Peralta,LAD,OF,36,133,394,47,102,25,1,7,55,4,1,20,72,0,6,2,0.259,0.298,0.38,0.677,0.64,6500000.0,AL,['LAD'],['AL'],[2023],124,294,0,100,Active,0
868653,Donovan Solano,MIN,2B,35,134,394,43,111,26,1,5,38,0,0,40,100,0,1,15,0.282,0.369,0.39,0.759,1.66,2000000.0,AL,['MIN'],['AL'],[2023],166,298,0,100,Active,0
586723,Luis Rengifo,LAA,2B,26,126,394,55,104,15,4,16,51,6,4,41,82,0,4,6,0.264,0.342,0.444,0.786,1.89,2300000.0,AL,['LAA'],['AL'],[2023],151,296,0,100,Active,0
723630,Andrew McCutchen,PIT,OF,37,112,390,55,100,19,0,12,43,11,3,75,100,0,4,4,0.256,0.381,0.397,0.778,1.49,5000000.0,NL,['PIT'],['NL'],[2023],179,294,0,100,Active,0
940409,Elly De La Cruz,CIN,SS,21,98,388,67,91,15,7,13,44,35,8,35,144,1,1,2,0.235,0.301,0.409,0.71,0.83,5231496.0,NL,['CIN'],['NL'],[2023],128,299,0,100,Active,0
280595,Christopher Morel,CHC,OF,24,107,388,62,96,17,3,26,70,6,2,36,133,1,2,2,0.247,0.314,0.507,0.821,1.15,5696032.0,NL,['CHC'],['NL'],[2023],134,294,0,100,Active,0
893139,Jon Berti,MIA,2B,33,133,388,53,114,16,3,7,33,16,6,29,77,2,3,2,0.294,0.346,0.404,0.75,2.4,2100000.0,NL,['MIA'],['NL'],[2023],145,276,0,100,Active,0
455767,Miguel Rojas,LAD,SS,34,125,385,49,91,16,1,5,31,8,3,26,48,2,5,5,0.236,0.293,0.322,0.615,1.25,4250000.0,AL,['LAD'],['AL'],[2023],122,299,0,100,Active,0
925280,Yan Gomes,CHC,C,36,116,382,44,102,20,2,10,63,1,0,21,81,0,7,9,0.267,0.32,0.408,0.728,1.67,6000000.0,NL,['CHC'],['NL'],[2023],132,289,0,100,Active,0
807428,Francisco Alvarez,NYM,C,21,123,382,51,80,12,0,25,63,2,0,34,110,0,1,6,0.209,0.284,0.437,0.721,0.99,5463764.0,NL,['NYM'],['NL'],[2023],120,308,0,100,Active,0
84037,Riley Greene,DET,OF,23,99,378,51,109,19,4,11,37,7,0,35,114,0,2,1,0.288,0.35,0.447,0.796,1.89,727800.0,AL,['DET'],['AL'],[2023],145,270,0,100,Active,0
75805,Brandon Lowe,TB,2B,29,109,377,58,87,15,1,21,68,7,0,50,119,0,3,6,0.231,0.33,0.442,0.772,2.09,5250000.0,AL,['TB'],['AL'],[2023],143,296,0,100,Active,0
318734,Alex Call,WSH,OF,29,128,375,43,75,14,1,8,38,9,8,53,78,3,2,6,0.2,0.308,0.306,0.614,1.06,721800.0,NL,['WSH'],['NL'],[2023],134,306,0,100,Active,0
839254,Alek Thomas,ARI,OF,23,125,374,51,86,17,5,9,39,9,1,19,86,2,3,4,0.23,0.274,0.374,0.648,1.07,735200.0,AL,['ARI'],['AL'],[2023],109,292,0,100,Active,0
483921,Elvis Andrus,CWS,SS,35,112,374,39,94,20,1,6,44,12,4,25,71,1,2,4,0.251,0.305,0.358,0.663,0.55,3000000.0,AL,['CWS'],['AL'],[2023],123,284,0,100,Active,0
852341,Anthony Rizzo,NYY,1B,34,99,373,45,91,14,0,12,41,0,3,35,97,0,1,12,0.244,0.328,0.378,0.706,0.45,17000000.0,AL,['NYY'],['AL'],[2023],138,294,0,100,Active,0
32900,Jarred Kelenic,SEA,OF,24,105,372,44,94,25,2,11,49,13,5,41,132,0,2,1,0.253,0.328,0.419,0.747,2.01,729400.0,AL,['SEA'],['AL'],[2023],136,279,0,100,Active,0
1009618,Alejandro Kirk,TOR,C,24,123,372,34,93,16,0,8,43,0,0,42,45,0,2,6,0.25,0.335,0.357,0.692,1.94,767300.0,AL,['TOR'],['AL'],[2023],141,285,0,100,Active,0
140221,Connor Wong,BOS,C,27,126,371,55,87,25,2,9,36,8,2,22,134,3,1,6,0.235,0.288,0.385,0.673,2.18,722000.0,AL,['BOS'],['AL'],[2023],115,290,0,100,Active,0
189508,Giancarlo Stanton,NYY,OF,33,101,371,43,71,13,0,24,60,0,0,41,124,0,1,2,0.191,0.275,0.42,0.695,-0.76,32000000.0,AL,['NYY'],['AL'],[2023],114,302,0,100,Active,0
539235,Sean Murphy,ATL,C,29,108,370,65,93,21,0,21,68,0,0,49,98,0,1,18,0.251,0.366,0.478,0.844,3.93,4000000.0,NL,['ATL'],['NL'],[2023],160,295,0,100,Active,0
484025,Kevin Kiermaier,TOR,OF,33,129,370,58,98,21,6,8,36,14,1,29,86,1,4,4,0.265,0.325,0.418,0.743,3.86,9000000.0,AL,['TOR'],['AL'],[2023],131,276,0,100,Active,0
199503,Aaron Judge,NYY,OF,31,106,367,79,98,16,0,37,75,3,1,88,130,0,3,0,0.267,0.408,0.613,1.02,4.46,40000000.0,AL,['NYY'],['AL'],[2023],186,269,0,100,Active,0
512895,Nolan Jones,COL,OF,25,106,367,60,109,22,4,20,62,20,4,53,126,0,1,3,0.297,0.39,0.542,0.932,4.28,10239773.0,NL,['COL'],['NL'],[2023],165,261,0,100,Active,0
585801,Joey Wiemer,MIL,OF,24,132,367,48,75,19,0,13,42,11,4,36,116,0,2,5,0.204,0.284,0.362,0.645,0.94,5391180.0,NL,['MIL'],['NL'],[2023],116,297,0,100,Active,0
773463,Matt McLain,CIN,SS,24,89,365,65,106,23,4,16,50,14,5,31,115,0,0,7,0.29,0.357,0.506,0.863,3.65,9325218.0,NL,['CIN'],['NL'],[2023],144,266,0,100,Active,0
212085,Yasmani Grandal,CWS,C,34,118,363,33,85,14,0,8,33,0,0,36,86,0,2,4,0.234,0.31,0.338,0.648,-0.69,18250000.0,AL,['CWS'],['AL'],[2023],125,282,0,100,Active,0
240848,Martin Maldonado,HOU,C,37,117,362,33,69,12,0,15,36,0,0,30,139,12,0,3,0.191,0.258,0.348,0.606,0.0,720000.0,AL,['HOU'],['AL'],[2023],102,296,0,100,Active,0
476601,Jose Altuve,HOU,2B,33,90,360,76,112,21,2,17,51,14,2,44,71,0,1,5,0.311,0.393,0.522,0.915,2.8,29000000.0,AL,['HOU'],['AL'],[2023],161,253,0,100,Active,0
971658,Jesus Sanchez,MIA,OF,26,125,360,43,91,23,3,14,52,3,1,38,107,1,1,2,0.253,0.327,0.45,0.777,0.0,720000.0,NL,['MIA'],['NL'],[2023],131,271,0,100,Active,0
84019,Ramon Urias,BAL,3B,29,116,360,45,95,22,3,4,42,3,1,27,101,0,1,8,0.264,0.329,0.375,0.704,0.0,720000.0,AL,['BAL'],['AL'],[2023],130,273,0,100,Active,0
667235,Tony Kemp,OAK,2B,31,124,359,42,75,13,3,5,27,15,4,44,40,7,3,6,0.209,0.305,0.303,0.608,-1.04,3725000.0,AL,['OAK'],['AL'],[2023],125,290,0,100,Active,0
460377,Charlie Blackmon,COL,OF,37,96,359,57,100,24,5,8,40,4,1,39,55,0,4,11,0.279,0.366,0.44,0.806,1.31,15000000.0,NL,['COL'],['NL'],[2023],150,270,0,100,Active,0
588753,Joc Pederson,SF,OF,31,121,358,59,84,14,3,15,51,0,0,57,89,0,3,7,0.235,0.35,0.416,0.766,0.59,19650000.0,NL,['SF'],['NL'],[2023],148,281,0,100,Active,0
1016599,Willi Castro,MIN,2B,26,124,358,60,92,18,5,9,34,33,5,34,99,2,3,12,0.257,0.341,0.41,0.751,2.67,1800000.0,AL,['MIN'],['AL'],[2023],138,278,0,100,Active,0
107986,Luke Raley,TB,OF,29,118,357,56,89,23,3,19,49,14,3,28,128,1,2,18,0.249,0.334,0.49,0.824,2.75,722300.0,AL,['TB'],['AL'],[2023],135,286,0,100,Active,0
681154,Andy Ibanez,DET,2B,30,114,356,42,94,23,2,11,41,1,0,24,69,1,1,1,0.264,0.312,0.432,0.744,0.0,720000.0,AL,['DET'],['AL'],[2023],119,263,0,100,Active,0
261161,Taylor Ward,LAA,OF,29,97,356,60,90,18,0,14,47,4,2,39,80,0,6,8,0.253,0.339,0.421,0.76,1.66,2750000.0,AL,['LAA'],['AL'],[2023],137,274,0,100,Active,0
255517,Michael Taylor,MIN,OF,32,129,355,48,78,14,1,21,51,13,1,26,130,3,1,3,0.22,0.278,0.442,0.72,0.0,720000.0,AL,['MIN'],['AL'],[2023],107,280,0,100,Active,0
923257,Yainer Diaz,HOU,DH,25,104,355,51,100,22,0,23,60,0,0,11,74,0,6,5,0.282,0.312,0.538,0.85,3.18,720300.0,AL,['HOU'],['AL'],[2023],116,260,0,100,Active,0
390130,Edward Olivares,KC,OF,27,107,354,47,93,23,4,12,36,11,5,22,64,0,2,7,0.263,0.318,0.451,0.769,0.33,740750.0,AL,['KC'],['AL'],[2023],122,268,0,100,Active,0
494711,Brett Baty,NYM,3B,23,108,353,41,75,12,0,9,34,2,0,29,109,1,1,2,0.212,0.276,0.322,0.598,-0.76,2923333.0,NL,['NYM'],['NL'],[2023],106,280,0,100,Active,0
13266,Robbie Grossman,TEX,OF,34,115,353,56,84,23,1,10,49,1,0,57,98,0,8,2,0.238,0.347,0.393,0.74,-0.12,2000000.0,AL,['TEX'],['AL'],[2023],143,271,0,100,Active,0
303722,Jazz Chisholm,MIA,2B,25,97,352,50,88,12,2,19,51,22,3,26,118,1,2,2,0.25,0.305,0.457,0.762,0.0,720000.0,NL,['MIA'],['NL'],[2023],116,266,0,100,Active,0
835556,Ryan O'Hearn,BAL,1B,30,112,346,48,100,22,1,14,60,5,1,15,82,1,3,3,0.289,0.324,0.479,0.802,1.23,1400000.0,AL,['BAL'],['AL'],[2023],118,249,0,100,Active,0
448654,Seth Brown,OAK,OF,31,112,343,33,76,19,1,14,52,3,1,30,101,1,2,2,0.222,0.288,0.405,0.693,0.49,730000.0,AL,['OAK'],['AL'],[2023],108,269,0,100,Active,0
684199,Gabriel Moreno,ARI,C,23,111,341,33,97,19,1,7,50,6,2,29,75,0,7,3,0.284,0.345,0.407,0.752,4.32,722500.0,AL,['ARI'],['AL'],[2023],129,247,0,100,Active,0
866016,Brandon Belt,TOR,1B,35,103,339,53,86,23,0,19,43,0,0,61,141,0,2,2,0.254,0.37,0.489,0.859,2.01,9300000.0,AL,['TOR'],['AL'],[2023],149,255,0,100,Active,0
733696,Chris Taylor,LAD,OF,33,117,338,51,80,15,1,15,56,16,3,41,125,0,1,4,0.237,0.326,0.42,0.746,1.44,15000000.0,AL,['LAD'],['AL'],[2023],125,262,0,100,Active,0
1039903,Jose Siri,TB,OF,28,101,338,58,75,13,2,25,56,12,3,20,130,1,3,2,0.222,0.269,0.494,0.763,1.69,731600.0,AL,['TB'],['AL'],[2023],97,265,0,100,Active,0
805015,Edouard Julien,MIN,2B,24,109,338,60,89,16,1,16,37,3,0,64,128,1,3,2,0.263,0.383,0.458,0.841,2.62,7829993.0,AL,['MIN'],['AL'],[2023],155,251,0,100,Active,0
372281,Mike Tauchman,CHC,OF,32,108,337,64,85,18,0,8,48,7,1,56,86,1,3,4,0.252,0.365,0.376,0.741,2.41,7525142.0,NL,['CHC'],['NL'],[2023],145,256,0,100,Active,0
717510,Jake Fraley,CIN,OF,28,111,336,41,86,18,0,15,65,21,5,37,71,0,1,6,0.256,0.34,0.443,0.783,0.89,740000.0,NL,['CIN'],['NL'],[2023],129,256,0,100,Active,0
1012255,Kyle Farmer,MIN,SS,33,120,336,49,86,14,2,11,46,2,4,23,86,0,2,8,0.256,0.318,0.407,0.725,1.71,5585000.0,AL,['MIN'],['AL'],[2023],117,258,0,100,Active,0
483634,Ji Hwan Bae,PIT,OF,24,111,334,54,77,17,2,2,32,24,9,30,92,3,2,2,0.231,0.297,0.311,0.608,-0.36,725000.0,NL,['PIT'],['NL'],[2023],109,259,0,100,Active,0
12831,Yoan Moncada,CWS,3B,28,92,334,39,87,20,1,11,40,1,0,20,107,0,1,2,0.26,0.306,0.425,0.731,0.0,720000.0,AL,['CWS'],['AL'],[2023],109,249,0,100,Active,0
363684,Miguel Cabrera,DET,DH,40,98,334,21,86,20,0,4,34,0,0,31,74,0,3,2,0.257,0.324,0.353,0.677,-0.39,32000000.0,AL,['DET'],['AL'],[2023],119,250,0,100,Active,0
234496,Jason Heyward,LAD,OF,34,124,334,56,90,23,0,15,40,2,2,34,64,0,3,3,0.269,0.342,0.473,0.815,1.93,720000.0,AL,['LAD'],['AL'],[2023],127,247,0,100,Active,0
1022045,Jarren Duran,BOS,OF,27,102,332,46,98,34,2,8,40,24,2,24,90,0,2,3,0.295,0.348,0.481,0.829,2.1,7075123.0,AL,['BOS'],['AL'],[2023],125,237,0,100,Active,0
1009717,Jake Rogers,DET,C,28,107,331,47,73,11,0,21,49,1,1,28,118,1,2,3,0.221,0.287,0.444,0.731,0.74,726000.0,AL,['DET'],['AL'],[2023],104,261,0,100,Active,0
799091,Mike Yastrzemski,SF,OF,33,106,330,54,77,23,1,15,43,2,2,45,99,2,1,3,0.233,0.33,0.445,0.775,2.35,6100000.0,NL,['SF'],['NL'],[2023],125,256,0,100,Active,0
406201,Christian Vazquez,MIN,C,33,102,327,34,73,13,0,6,32,1,0,25,82,1,1,1,0.223,0.28,0.318,0.598,0.0,720000.0,AL,['MIN'],['AL'],[2023],99,255,0,100,Active,0
325629,Brendan Donovan,STL,2B,26,95,327,48,93,10,1,11,34,5,1,33,53,1,1,9,0.284,0.365,0.422,0.786,1.89,728600.0,NL,['STL'],['NL'],[2023],135,243,0,100,Active,0
862772,Patrick Bailey,SF,C,24,97,326,29,76,18,1,7,48,1,0,21,100,2,1,3,0.233,0.285,0.358,0.643,0.79,5173429.0,NL,['SF'],['NL'],[2023],100,253,0,100,Active,0
17895,Isiah Kiner-Falefa,NYY,SS,28,115,326,39,79,12,1,6,37,14,5,28,70,1,3,3,0.242,0.308,0.34,0.648,-0.04,6000000.0,AL,['NYY'],['AL'],[2023],110,250,0,100,Active,0
445983,Adam Duvall,BOS,OF,35,92,320,45,79,24,2,21,58,4,0,22,110,0,5,6,0.247,0.307,0.531,0.838,1.57,7000000.0,AL,['BOS'],['AL'],[2023],107,247,0,100,Active,0
486969,Brian Anderson,MIL,3B,30,96,318,38,72,12,3,9,40,1,3,36,108,0,3,4,0.226,0.312,0.367,0.679,0.52,3500000.0,NL,['MIL'],['NL'],[2023],112,250,0,100,Active,0
559981,Jorge Mateo,BAL,SS,28,116,318,58,69,14,2,7,34,32,5,22,82,5,3,1,0.217,0.269,0.339,0.608,0.8,2000000.0,AL,['BAL'],['AL'],[2023],92,250,0,100,Active,0
407915,Aledmys Diaz,OAK,2B,33,109,315,25,72,20,1,4,24,1,0,17,66,1,4,7,0.229,0.283,0.336,0.619,0.0,720000.0,AL,['OAK'],['AL'],[2023],96,250,0,100,Active,0
705394,Starling Marte,NYM,OF,35,86,315,38,78,7,1,5,28,24,4,16,69,2,0,8,0.248,0.3,0.323,0.623,-0.78,20750000.0,NL,['NYM'],['NL'],[2023],102,245,0,100,Active,0
809154,Christian Bethancourt,TB,C,32,104,315,49,71,16,0,11,33,1,0,13,91,1,3,0,0.225,0.256,0.38,0.636,0.72,1350000.0,AL,['TB'],['AL'],[2023],84,244,0,100,Active,0
871444,Gabriel Arias,CLE,3B,23,122,315,36,66,15,0,10,26,3,4,28,113,0,1,1,0.21,0.276,0.352,0.628,-0.07,720100.0,AL,['CLE'],['AL'],[2023],95,250,0,100,Active,0
205583,Alec Burleson,STL,OF,24,107,315,34,77,20,1,8,36,3,1,23,45,1,2,3,0.244,0.302,0.39,0.692,-0.64,721450.0,NL,['STL'],['NL'],[2023],103,241,0,100,Active,0
413388,Akil Baddoo,DET,OF,25,112,312,40,68,13,1,11,34,14,3,42,89,2,1,0,0.218,0.31,0.371,0.681,0.61,4912127.0,AL,['DET'],['AL'],[2023],110,244,0,100,Active,0
825986,Mickey Moniak,LAA,OF,25,85,311,35,87,21,2,14,45,6,3,9,113,0,0,3,0.28,0.306,0.495,0.8,2.15,7147706.0,AL,['LAA'],['AL'],[2023],99,227,0,100,Active,0
749995,Gavin Sheets,CWS,OF,27,118,311,24,63,10,0,10,43,1,0,28,66,0,4,1,0.203,0.27,0.331,0.601,-1.53,735000.0,AL,['CWS'],['AL'],[2023],92,249,0,100,Active,0
831384,Rowdy Tellez,MIL,1B,28,106,311,26,67,9,1,13,47,0,0,35,86,0,5,0,0.215,0.294,0.376,0.669,-0.63,4950000.0,NL,['MIL'],['NL'],[2023],102,244,0,100,Active,0
232249,Manuel Margot,TB,OF,29,99,311,39,82,21,1,4,38,9,3,18,55,0,3,4,0.264,0.312,0.376,0.688,0.62,7000000.0,AL,['TB'],['AL'],[2023],104,233,0,100,Active,0
867808,Blake Sabol,SF,C,25,110,310,36,73,10,0,13,44,4,2,24,117,2,2,6,0.235,0.302,0.393,0.695,0.2,4316941.0,NL,['SF'],['NL'],[2023],103,243,0,100,Active,0
391600,Jake Meyers,HOU,OF,27,112,309,42,70,16,1,10,33,5,2,26,88,0,1,5,0.227,0.297,0.381,0.677,1.55,732000.0,AL,['HOU'],['AL'],[2023],101,244,0,100,Active,0
654141,Mike Trout,LAA,OF,32,82,308,54,81,14,1,18,44,2,0,45,104,0,2,7,0.263,0.369,0.49,0.859,2.87,37116667.0,AL,['LAA'],['AL'],[2023],133,234,0,100,Active,0
60925,Nick Pratto,KC,1B,25,95,306,33,71,16,0,7,35,1,1,29,138,0,4,6,0.232,0.31,0.352,0.661,-1.25,2212012.0,AL,['KC'],['AL'],[2023],106,241,0,100,Active,0
367265,Byron Buxton,MIN,OF,29,85,304,49,63,17,1,17,42,9,0,35,109,0,4,4,0.207,0.297,0.437,0.734,0.75,15142857.0,AL,['MIN'],['AL'],[2023],102,245,0,100,Active,0
822349,Nick Allen,OAK,SS,25,106,303,29,67,4,2,4,20,5,1,17,52,6,2,1,0.221,0.264,0.287,0.55,0.28,720000.0,AL,['OAK'],['AL'],[2023],85,237,0,100,Active,0
752637,Taylor Walls,TB,SS,27,99,303,50,61,12,2,8,36,22,1,44,92,1,0,1,0.201,0.304,0.333,0.637,2.01,727600.0,AL,['TB'],['AL'],[2023],106,243,0,100,Active,0
902728,Drew Waters,KC,OF,24,98,302,40,69,11,5,8,32,16,5,27,107,0,3,5,0.228,0.302,0.377,0.679,0.7,5042778.0,AL,['KC'],['AL'],[2023],101,238,0,100,Active,0
19512,Jorge Polanco,MIN,2B,30,80,302,38,77,18,0,14,48,4,0,36,88,0,3,2,0.255,0.338,0.453,0.791,1.95,7500000.0,AL,['MIN'],['AL'],[2023],115,227,0,100,Active,0
566236,Jean Segura,MIA,2B,33,85,301,25,66,5,2,3,21,6,2,22,47,1,0,2,0.219,0.276,0.279,0.555,-1.9,6500000.0,NL,['MIA'],['NL'],[2023],90,237,0,100,Active,0
180902,Nick Senzel,CIN,OF,28,104,301,49,71,10,0,13,42,6,2,26,74,0,2,1,0.236,0.298,0.398,0.696,-0.01,1950000.0,NL,['CIN'],['NL'],[2023],98,231,0,100,Active,0
576196,Kris Bryant,COL,OF,31,80,300,36,70,10,0,10,31,0,0,29,68,0,0,6,0.233,0.313,0.366,0.679,-1.03,28000000.0,NL,['COL'],['NL'],[2023],105,236,0,100,Active,0
128585,Yuli Gurriel,MIA,1B,39,108,298,32,73,16,3,4,27,4,0,26,44,0,4,1,0.245,0.307,0.359,0.665,-0.49,1250000.0,NL,['MIA'],['NL'],[2023],100,226,0,100,Active,0
247299,Corey Julks,HOU,OF,27,93,298,35,73,14,0,6,33,15,3,22,75,0,2,1,0.245,0.299,0.352,0.651,0.31,4476625.0,AL,['HOU'],['AL'],[2023],96,226,0,100,Active,0
281067,Oswaldo Cabrera,NYY,OF,24,115,298,35,63,11,0,5,29,8,0,25,72,3,2,2,0.211,0.276,0.298,0.574,-1.45,742100.0,AL,['NYY'],['AL'],[2023],90,237,0,100,Active,0
581597,Joey Wendle,MIA,3B,33,112,297,33,63,16,3,2,20,7,1,13,67,3,3,2,0.212,0.25,0.306,0.556,-0.19,6000000.0,NL,['MIA'],['NL'],[2023],78,236,0,100,Active,0
614818,Mitch Garver,TEX,DH,32,87,296,45,80,11,0,19,50,0,0,44,82,0,0,3,0.27,0.37,0.5,0.87,2.13,3900000.0,AL,['TEX'],['AL'],[2023],127,219,0,100,Active,0
35263,Nick Fortes,MIA,C,26,108,294,33,60,10,0,6,26,4,2,17,59,3,2,7,0.204,0.264,0.299,0.563,-0.1,730000.0,NL,['MIA'],['NL'],[2023],84,241,0,100,Active,0
973346,Kyle Isbel,KC,OF,26,91,292,45,70,22,2,5,34,7,1,17,59,1,2,1,0.24,0.283,0.38,0.663,2.07,727500.0,AL,['KC'],['AL'],[2023],88,223,0,100,Active,0
660657,Owen Miller,MIL,2B,26,90,291,29,76,17,0,5,27,13,2,17,61,0,4,2,0.261,0.306,0.371,0.677,0.42,731100.0,NL,['MIL'],['NL'],[2023],95,217,0,100,Active,0
313436,Cavan Biggio,TOR,2B,28,111,289,54,68,12,0,9,40,5,2,40,88,0,2,7,0.235,0.342,0.37,0.712,0.76,2800000.0,AL,['TOR'],['AL'],[2023],115,228,0,100,Active,0
367817,Zach Neto,LAA,SS,22,84,289,38,65,17,0,9,34,5,1,20,77,1,3,16,0.225,0.31,0.377,0.687,1.62,6378319.0,AL,['LAA'],['AL'],[2023],101,240,0,100,Active,0
721701,Will Benson,CIN,OF,25,108,287,51,79,15,8,11,31,19,3,40,103,0,1,1,0.275,0.365,0.498,0.863,1.63,720000.0,NL,['CIN'],['NL'],[2023],120,209,0,100,Active,0
512867,Ryan Jeffers,MIN,C,26,96,286,46,79,15,2,14,43,3,2,33,93,4,2,10,0.276,0.37,0.489,0.859,3.27,741650.0,AL,['MIN'],['AL'],[2023],122,217,0,100,Active,0
608397,Elehuris Montero,COL,3B,25,85,284,40,69,15,2,11,39,0,0,15,111,0,3,5,0.243,0.292,0.426,0.718,-0.09,722000.0,NL,['COL'],['NL'],[2023],89,220,0,100,Active,0
223645,Brandon Crawford,SF,SS,36,94,283,31,55,11,1,7,38,3,0,28,81,1,4,4,0.194,0.276,0.314,0.59,-1.29,2153946.0,NL,['SF'],['NL'],[2023],87,232,0,100,Active,0
483221,Joey Gallo,MIN,OF,29,111,282,39,50,9,1,21,40,1,1,48,142,0,0,2,0.177,0.301,0.439,0.74,0.53,11000000.0,AL,['MIN'],['AL'],[2023],100,234,0,100,Active,0
397117,Andruw Monasterio,MIL,2B,26,92,282,38,73,14,1,3,27,7,2,28,66,0,2,3,0.259,0.332,0.347,0.679,1.31,5928300.0,NL,['MIL'],['NL'],[2023],104,212,0,100,Active,0
306027,Alex Kirilloff,MIN,OF,25,88,281,35,76,14,1,11,41,1,0,28,80,0,3,7,0.27,0.351,0.444,0.794,0.42,4636309.0,AL,['MIN'],['AL'],[2023],111,212,0,100,Active,0
130225,Edmundo Sosa,PHI,SS,27,104,279,34,70,15,2,10,30,4,2,8,74,2,1,9,0.251,0.293,0.426,0.719,0.67,950000.0,NL,['PHI'],['NL'],[2023],87,218,0,100,Active,0
354972,Jake McCarthy,ARI,OF,26,99,276,37,67,7,5,2,16,26,4,26,62,4,1,5,0.243,0.319,0.326,0.645,0.46,735600.0,AL,['ARI'],['AL'],[2023],98,214,0,100,Active,0
976949,Daniel Vogelbach,NYM,DH,30,104,275,33,64,8,0,13,48,0,0,42,81,0,0,2,0.233,0.338,0.403,0.741,0.19,1500000.0,NL,['NYM'],['NL'],[2023],108,213,0,100,Active,0
869944,Jordan Diaz,OAK,2B,23,90,272,20,60,9,0,10,27,0,1,17,69,0,1,3,0.221,0.273,0.363,0.636,-1.09,2444280.0,AL,['OAK'],['AL'],[2023],80,215,0,100,Active,0
831863,Nick Madrigal,CHC,2B,26,92,270,34,71,16,1,2,28,10,2,10,24,5,0,9,0.263,0.311,0.351,0.661,1.18,1225000.0,NL,['CHC'],['NL'],[2023],90,208,0,100,Active,0
177063,Zack Gelof,OAK,2B,23,69,270,40,72,20,1,14,32,14,2,26,82,0,1,3,0.267,0.337,0.503,0.84,2.62,7829993.0,AL,['OAK'],['AL'],[2023],101,201,0,100,Active,0
525310,Danny Jansen,TOR,C,28,86,268,38,61,15,0,17,53,0,0,23,62,0,0,10,0.228,0.312,0.473,0.784,1.63,3500000.0,AL,['TOR'],['AL'],[2023],94,217,0,100,Active,0
268508,Patrick Wisdom,CHC,3B,32,97,268,43,55,8,1,23,46,4,2,30,111,1,1,2,0.205,0.29,0.5,0.79,0.25,763000.0,NL,['CHC'],['NL'],[2023],87,215,0,100,Active,0
649286,Travis d'Arnaud,ATL,C,34,74,267,31,60,13,0,11,39,0,0,21,67,0,1,3,0.225,0.288,0.397,0.685,0.17,8000000.0,NL,['ATL'],['NL'],[2023],84,210,0,100,Active,0
245032,Ildemaro Vargas,WSH,3B,32,86,262,32,66,13,2,4,31,1,1,19,20,3,1,1,0.252,0.304,0.362,0.665,0.74,975000.0,NL,['WSH'],['NL'],[2023],86,197,0,100,Active,0
975468,Matt Thaiss,LAA,C,28,95,262,32,56,6,0,9,31,2,0,36,83,0,3,6,0.214,0.322,0.339,0.661,0.37,740000.0,AL,['LAA'],['AL'],[2023],98,212,0,100,Active,0
247433,Harold Castro,COL,2B,29,99,258,24,65,13,0,1,31,1,0,9,66,1,2,0,0.252,0.277,0.313,0.59,-1.43,1300000.0,NL,['COL'],['NL'],[2023],74,193,0,100,Active,0
163393,Emmanuel Rivera,ARI,3B,27,86,257,32,67,13,0,4,29,1,0,22,56,0,4,0,0.261,0.318,0.357,0.675,0.27,4418558.0,AL,['ARI'],['AL'],[2023],89,190,0,100,Active,0
58440,Miguel Vargas,LAD,2B,23,81,256,36,50,15,4,7,32,3,2,38,61,1,4,4,0.195,0.308,0.367,0.675,-0.06,722500.0,AL,['LAD'],['AL'],[2023],92,210,0,100,Active,0
910945,JJ Bleday,OAK,OF,25,82,256,35,50,11,0,10,27,5,1,42,72,0,3,2,0.195,0.313,0.355,0.667,0.0,4026606.0,AL,['OAK'],['AL'],[2023],94,208,0,100,Active,0
1026311,Casey Schmitt,SF,3B,24,90,253,28,52,15,0,5,30,2,1,13,65,3,3,5,0.206,0.258,0.324,0.582,-0.48,3329802.0,NL,['SF'],['NL'],[2023],70,206,0,100,Active,0
313700,Nick Maton,DET,OF,26,93,249,29,43,9,0,8,32,1,2,38,73,1,2,3,0.173,0.289,0.305,0.594,-1.47,726600.0,AL,['DET'],['AL'],[2023],84,209,0,100,Active,0
464321,Josh Palacios,PIT,OF,28,91,247,26,59,9,2,10,40,5,0,12,56,2,1,2,0.239,0.279,0.412,0.691,0.0,720000.0,NL,['PIT'],['NL'],[2023],73,190,0,100,Active,0
732641,Travis Jankowski,TEX,OF,32,107,247,34,65,12,1,1,30,19,1,35,42,1,2,2,0.263,0.359,0.331,0.69,1.44,1250000.0,AL,['TEX'],['AL'],[2023],102,184,0,100,Active,0
188316,Oscar Colas,CWS,OF,25,75,245,32,53,9,0,5,19,4,3,12,71,2,2,2,0.216,0.258,0.314,0.572,0.0,720000.0,AL,['CWS'],['AL'],[2023],67,194,0,100,Active,0
138309,Jake Bauers,NYY,1B,28,84,242,28,49,15,0,12,30,3,2,27,95,0,3,0,0.202,0.282,0.413,0.695,-0.94,2662032.0,AL,['NYY'],['AL'],[2023],76,193,0,100,Active,0
721782,Kyle Higashioka,NYY,C,33,92,242,24,57,13,0,10,34,0,0,14,74,1,3,0,0.236,0.277,0.413,0.69,-0.26,1462500.0,AL,['NYY'],['AL'],[2023],71,185,0,100,Active,0
523585,Jacob Stallings,MIA,C,33,89,241,22,46,14,0,3,20,0,0,27,67,3,2,3,0.191,0.28,0.286,0.566,-0.61,3350000.0,NL,['MIA'],['NL'],[2023],76,198,0,100,Active,0
851540,Tyler O'Neill,STL,OF,28,72,238,27,55,14,0,9,21,5,0,28,67,0,0,0,0.231,0.312,0.403,0.715,0.3,4950000.0,NL,['STL'],['NL'],[2023],83,183,0,100,Active,0
925247,Trey Mancini,CHC,1B,31,79,235,31,55,12,0,4,28,0,0,21,78,0,3,2,0.234,0.302,0.336,0.638,-1.41,7000000.0,NL,['CHC'],['NL'],[2023],78,182,0,100,Active,0
1030699,Stone Garrett,WSH,OF,27,89,234,40,63,17,0,9,40,3,1,26,82,0,5,3,0.269,0.349,0.457,0.806,1.87,6741237.0,NL,['WSH'],['NL'],[2023],92,174,0,100,Active,0
855108,Jose Caballero,SEA,2B,27,104,231,37,51,9,1,4,26,26,3,28,66,0,4,17,0.221,0.347,0.32,0.667,0.0,720000.0,AL,['SEA'],['AL'],[2023],96,197,0,100,Active,0
612607,Tyrone Taylor,MIL,OF,29,81,231,36,54,17,1,10,35,9,0,8,55,0,1,3,0.234,0.268,0.445,0.713,0.46,735400.0,NL,['MIL'],['NL'],[2023],65,180,0,100,Active,0
243460,Vinnie Pasquantino,KC,1B,26,61,231,24,57,17,0,9,26,0,0,25,31,0,1,2,0.247,0.325,0.437,0.762,0.13,725500.0,AL,['KC'],['AL'],[2023],84,176,0,100,Active,0
575585,Santiago Espinal,TOR,2B,28,93,230,30,57,14,0,2,25,2,1,18,36,2,1,3,0.248,0.31,0.334,0.644,0.46,2100000.0,AL,['TOR'],['AL'],[2023],78,176,0,100,Active,0
658545,Luis Matos,SF,OF,21,76,228,24,57,13,1,2,14,3,0,20,33,2,0,3,0.25,0.318,0.342,0.66,-0.4,3445936.0,NL,['SF'],['NL'],[2023],80,174,0,100,Active,0
937948,Kevin Newman,CIN,SS,30,74,225,28,57,16,0,3,28,8,1,17,34,2,5,4,0.253,0.317,0.364,0.681,-0.44,2662000.0,NL,['CIN'],['NL'],[2023],78,172,0,100,Active,0
289856,Henry Davis,PIT,C,24,62,225,27,48,10,0,7,24,3,5,25,69,0,1,4,0.213,0.303,0.351,0.653,-1.42,1965228.0,NL,['PIT'],['NL'],[2023],77,181,0,100,Active,0
862975,Andrew Knizner,STL,C,28,70,224,30,54,11,0,10,31,2,0,12,62,1,1,3,0.241,0.288,0.424,0.712,1.03,1100000.0,NL,['STL'],['NL'],[2023],69,173,0,100,Active,0
921008,Christian Encarnacion-Strand,CIN,3B,23,63,222,29,60,7,0,13,37,2,0,14,69,0,0,5,0.27,0.327,0.477,0.804,0.61,4912127.0,NL,['CIN'],['NL'],[2023],79,167,0,100,Active,0
810032,Zack Short,DET,SS,28,112,221,17,45,9,0,7,33,5,0,28,66,3,1,0,0.204,0.293,0.339,0.632,0.52,4781477.0,AL,['DET'],['AL'],[2023],73,176,0,100,Active,0
800472,Garrett Hampson,MIA,2B,29,98,221,30,61,12,1,3,23,5,0,23,67,3,2,3,0.276,0.352,0.38,0.732,1.27,5870233.0,NL,['MIA'],['NL'],[2023],87,163,0,100,Active,0
668486,Dylan Carlson,STL,OF,24,76,219,27,48,8,1,5,27,3,0,26,49,0,3,7,0.219,0.321,0.333,0.654,0.48,742400.0,NL,['STL'],['NL'],[2023],81,178,0,100,Active,0
630620,Stuart Fairchild,CIN,OF,27,97,219,34,50,16,2,5,28,10,3,25,69,3,2,6,0.228,0.324,0.388,0.712,0.48,722500.0,NL,['CIN'],['NL'],[2023],81,175,0,100,Active,0
962816,Mike Ford,SEA,1B,31,84,219,32,50,6,0,16,34,0,0,24,81,0,1,7,0.228,0.324,0.474,0.798,0.75,5115362.0,AL,['SEA'],['AL'],[2023],81,176,0,100,Active,0
1009272,Mark Vientos,NYM,DH,23,65,218,19,46,5,1,9,22,1,0,10,71,0,2,3,0.211,0.255,0.366,0.621,-1.05,2502347.0,NL,['NYM'],['NL'],[2023],59,175,0,100,Active,0
1032075,Royce Lewis,MIN,SS,24,58,217,36,67,7,0,15,52,6,1,20,55,0,0,2,0.309,0.372,0.548,0.92,2.44,7568692.0,AL,['MIN'],['AL'],[2023],89,152,0,100,Active,0
997767,Freddy Fermin,KC,C,28,70,217,26,61,10,1,9,32,0,0,13,50,1,3,1,0.281,0.324,0.46,0.784,1.68,6465419.0,AL,['KC'],['AL'],[2023],75,157,0,100,Active,0
834779,Gio Urshela,LAA,3B,32,62,214,22,64,8,1,2,24,3,2,10,36,0,3,1,0.299,0.333,0.373,0.706,0.79,8400000.0,AL,['LAA'],['AL'],[2023],75,151,0,100,Active,0
270651,Matt Wallner,MIN,OF,25,76,213,42,53,11,1,14,41,2,1,28,80,0,0,13,0.249,0.37,0.507,0.877,2.18,7191257.0,AL,['MIN'],['AL'],[2023],94,173,0,100,Active,0
22885,Evan Longoria,ARI,3B,38,74,211,25,47,9,0,11,28,0,0,23,73,0,3,0,0.223,0.299,0.421,0.72,0.45,4000000.0,AL,['ARI'],['AL'],[2023],70,164,0,100,Active,0
1024355,Mitch Haniger,SF,OF,32,61,211,27,44,13,1,6,28,1,0,15,65,0,1,2,0.209,0.267,0.364,0.631,-0.27,8000000.0,NL,['SF'],['NL'],[2023],61,169,0,100,Active,0
614289,Joey Votto,CIN,1B,40,65,208,26,42,6,0,14,38,0,0,27,62,0,0,7,0.202,0.314,0.432,0.746,-0.08,25000000.0,NL,['CIN'],['NL'],[2023],76,173,0,100,Active,0
376307,Jordan Westburg,BAL,SS,24,68,208,26,54,17,2,3,23,4,1,16,56,0,3,1,0.26,0.315,0.403,0.718,1.24,5826682.0,AL,['BAL'],['AL'],[2023],71,155,0,100,Active,0
114482,James McCann,BAL,C,33,70,207,25,46,14,0,6,26,3,1,9,57,3,2,5,0.222,0.271,0.376,0.647,0.53,12150000.0,AL,['BAL'],['AL'],[2023],60,166,0,100,Active,0
682901,Alan Trejo,COL,SS,27,83,207,24,48,11,0,4,26,5,1,16,51,1,2,1,0.232,0.29,0.342,0.632,0.04,722000.0,NL,['COL'],['NL'],[2023],65,160,0,100,Active,0
333292,Carlos Santana,MIL,1B,37,292,1100,156,264,66,2,46,172,12,0,130,208,0,8,0,0.249,0.32,0.429,0.749,1.61,6750000.0,NL,"['PIT', 'MIL']",['NL'],[2023],394,836,0,100,Active,0
919670,Tucupita Marcano,PIT,OF,24,75,202,16,47,12,2,3,18,5,2,10,35,3,2,3,0.233,0.279,0.356,0.635,-0.25,3663687.0,NL,['PIT'],['NL'],[2023],60,158,0,100,Active,0
591356,Rob Refsnyder,BOS,OF,32,89,202,31,50,9,1,1,28,7,2,33,47,1,1,5,0.248,0.366,0.316,0.681,0.42,1200000.0,AL,['BOS'],['AL'],[2023],88,157,0,100,Active,0
186220,Victor Caratini,MIL,C,30,62,201,23,52,4,0,7,25,1,1,19,45,0,3,3,0.259,0.331,0.383,0.714,0.69,2800000.0,NL,['MIL'],['NL'],[2023],74,152,0,100,Active,0
308043,Josh Bell,MIA,1B,31,300,1094,104,270,56,0,44,148,0,2,126,268,0,6,4,0.27,0.326,0.418,0.744,0.4,16500000.0,NL,"['MIA', 'CLE']","['AL', 'NL']",[2023],400,828,0,100,Active,0
342395,Nick Ahmed,ARI,SS,33,72,198,14,42,10,1,2,17,5,1,12,52,0,0,0,0.212,0.257,0.303,0.56,-0.14,10375000.0,AL,['ARI'],['AL'],[2023],54,156,0,100,Active,0
80556,Bo Naylor,CLE,C,23,67,198,33,47,13,0,11,32,5,0,30,53,0,1,1,0.237,0.34,0.469,0.808,1.53,6247668.0,AL,['CLE'],['AL'],[2023],78,152,0,100,Active,0
689001,Jake Burger,MIA,3B,27,282,984,142,246,56,2,68,160,2,2,64,298,0,8,24,0.303,0.311,0.518,0.829,1.14,5681515.0,NL,"['MIA', 'CWS']","['AL', 'NL']",[2023],334,762,0,100,Active,0
10831,Liover Peguero,PIT,SS,22,59,198,21,47,4,1,7,26,6,2,11,67,2,1,1,0.237,0.28,0.373,0.653,-0.54,3242701.0,NL,['PIT'],['NL'],[2023],59,152,0,100,Active,0
521256,Kevin Pillar,ATL,OF,34,81,197,29,45,10,0,9,32,4,1,6,50,0,3,0,0.228,0.251,0.416,0.667,-0.1,3000000.0,NL,['ATL'],['NL'],[2023],51,152,0,100,Active,0
192979,Tommy Pham,ARI,OF,35,258,852,110,218,54,6,32,136,44,6,94,212,0,12,4,0.241,0.332,0.446,0.778,1.2,6000000.0,AL,"['ARI', 'NYM']","['AL', 'NL']",[2023],316,638,0,100,Active,0
343476,Christian Arroyo,BOS,2B,28,66,195,23,47,16,0,3,24,1,3,7,45,1,2,1,0.241,0.27,0.369,0.639,-0.19,2000000.0,AL,['BOS'],['AL'],[2023],55,149,0,100,Active,0
700739,Josh Smith,TEX,OF,26,90,195,29,36,8,1,6,15,1,0,25,55,2,1,9,0.185,0.305,0.328,0.633,0.0,720000.0,AL,['TEX'],['AL'],[2023],70,168,0,100,Active,0
65586,Randal Grichuk,LAA,OF,32,236,868,130,232,62,4,32,88,4,4,58,192,0,4,12,0.216,0.321,0.458,0.779,0.88,5304080.0,AL,"['COL', 'LAA']","['AL', 'NL']",[2023],302,648,0,100,Active,0
558873,Matt Duffy,KC,3B,32,79,191,17,48,8,0,2,16,1,0,12,39,0,2,4,0.251,0.309,0.324,0.633,0.34,1500000.0,AL,['KC'],['AL'],[2023],64,147,0,100,Active,0
999710,Pavin Smith,ARI,OF,27,69,191,26,36,5,0,7,30,1,1,35,45,0,0,1,0.188,0.317,0.324,0.641,-0.8,2865266.0,AL,['ARI'],['AL'],[2023],72,156,0,100,Active,0
868055,Sal Frelick,MIL,OF,23,57,191,29,47,9,1,3,24,7,0,28,37,0,3,1,0.246,0.345,0.35,0.695,1.15,5696032.0,NL,['MIL'],['NL'],[2023],76,145,0,100,Active,0
649764,Matt Carpenter,SD,DH,37,76,188,18,33,12,0,5,31,1,0,41,67,0,5,2,0.176,0.329,0.319,0.648,-0.25,6500000.0,NL,['SD'],['NL'],[2023],76,157,0,100,Active,0
296964,Reese McGuire,BOS,C,28,72,187,15,50,12,1,1,16,2,1,11,53,2,1,1,0.267,0.311,0.358,0.669,-0.31,1225000.0,AL,['BOS'],['AL'],[2023],62,138,0,100,Active,0
232072,Endy Rodriguez,PIT,C,23,57,186,27,41,7,2,3,13,0,0,17,49,0,1,0,0.22,0.285,0.327,0.612,0.0,720000.0,NL,['PIT'],['NL'],[2023],58,145,0,100,Active,0
750707,Austin Slater,SF,OF,30,89,185,24,50,9,0,5,20,2,2,20,58,0,0,2,0.27,0.347,0.4,0.747,0.71,3200000.0,NL,['SF'],['NL'],[2023],72,137,0,100,Active,0
540737,Jake Cave,PHI,OF,30,65,184,18,39,8,1,5,21,3,0,15,55,1,2,1,0.212,0.275,0.347,0.622,-0.23,950000.0,NL,['PHI'],['NL'],[2023],55,146,0,100,Active,0
411819,Trevor Larnach,MIN,OF,26,58,183,26,39,7,3,8,40,1,1,27,72,0,2,0,0.213,0.314,0.415,0.729,0.05,733650.0,AL,['MIN'],['AL'],[2023],66,144,0,100,Active,0
892008,Logan O'Hoppe,LAA,C,23,51,182,23,43,6,0,14,29,0,1,14,48,0,1,2,0.236,0.297,0.5,0.796,0.6,730000.0,AL,['LAA'],['AL'],[2023],59,141,0,100,Active,0
135609,Jared Triolo,PIT,3B,25,54,181,30,54,9,0,3,21,6,1,24,63,0,1,3,0.298,0.389,0.397,0.786,2.07,7031572.0,NL,['PIT'],['NL'],[2023],81,130,0,100,Active,0
479345,Luke Maile,CIN,C,32,78,179,17,42,10,0,6,25,2,1,14,49,1,0,5,0.235,0.308,0.391,0.699,0.87,1175000.0,NL,['CIN'],['NL'],[2023],61,142,0,100,Active,0
1031729,Austin Barnes,LAD,C,33,59,178,15,32,5,0,2,11,2,1,17,43,1,2,2,0.18,0.258,0.241,0.499,-1.11,3500000.0,AL,['LAD'],['AL'],[2023],51,148,0,100,Active,0
186435,Brendan Rodgers,COL,2B,27,46,178,21,46,9,1,4,20,0,0,11,41,0,0,3,0.258,0.312,0.387,0.699,0.12,2700000.0,NL,['COL'],['NL'],[2023],60,135,0,100,Active,0
60475,Mark Canha,MIL,OF,34,278,870,102,228,50,2,22,124,22,2,98,158,0,12,34,0.287,0.359,0.4,0.759,1.16,5710548.0,NL,"['MIL', 'NYM']",['NL'],[2023],360,676,0,100,Active,0
691909,Oswald Peraza,NYY,SS,23,52,173,15,33,8,0,2,14,4,3,13,50,0,0,5,0.191,0.267,0.271,0.538,-0.67,3053984.0,AL,['NYY'],['AL'],[2023],51,145,0,100,Active,0
265117,Oscar Gonzalez,CLE,OF,25,54,173,15,37,7,2,2,12,0,0,5,46,0,1,1,0.214,0.24,0.312,0.552,-1.35,722600.0,AL,['CLE'],['AL'],[2023],43,137,0,100,Active,0
850134,Enrique Hernandez,LAD,OF,32,140,465,57,110,23,0,11,61,4,1,34,97,0,6,3,0.262,0.292,0.356,0.647,0.0,720000.0,AL,"['LAD', 'BOS']",['AL'],[2023],147,358,0,100,Active,0
255200,Jason Delay,PIT,C,28,70,167,20,42,11,1,1,18,0,0,14,44,2,1,3,0.251,0.32,0.347,0.667,-0.01,720000.0,NL,['PIT'],['NL'],[2023],59,128,0,100,Active,0
299203,Pablo Reyes,BOS,3B,30,64,167,27,48,9,0,2,20,7,2,14,21,2,2,0,0.287,0.342,0.377,0.719,0.39,4592759.0,AL,['BOS'],['AL'],[2023],62,119,0,100,Active,0
602026,Jesse Winker,MIL,OF,30,61,166,16,33,5,0,1,23,0,0,26,51,0,1,4,0.199,0.321,0.246,0.567,-0.7,8250000.0,NL,['MIL'],['NL'],[2023],63,137,0,100,Active,0
211891,Lenyn Sosa,CWS,2B,23,52,164,12,33,6,0,6,14,0,1,5,40,3,1,0,0.201,0.224,0.347,0.571,-0.78,2894300.0,AL,['CWS'],['AL'],[2023],38,131,0,100,Active,0
123850,Luis Campusano,SD,C,25,49,163,27,52,7,0,7,30,0,0,7,21,0,1,3,0.319,0.358,0.49,0.848,1.13,722700.0,NL,['SD'],['NL'],[2023],62,114,0,100,Active,0
202425,DJ Stewart,NYM,OF,29,58,160,21,39,9,0,11,26,1,1,15,56,1,1,7,0.244,0.335,0.506,0.841,0.34,4520175.0,NL,['NYM'],['NL'],[2023],61,128,0,100,Active,0
44757,Jake Alu,WSH,3B,26,51,159,14,36,2,1,2,16,5,1,10,42,1,2,3,0.226,0.284,0.289,0.573,-0.14,3823371.0,NL,['WSH'],['NL'],[2023],49,126,0,100,Active,0
197007,Trevor Story,BOS,2B,30,43,158,12,32,9,0,3,14,10,3,9,55,0,0,1,0.203,0.25,0.316,0.566,0.79,20000000.0,AL,['BOS'],['AL'],[2023],42,127,0,100,Active,0
485782,Kole Calhoun,CLE,OF,35,43,157,18,34,7,0,6,25,0,1,13,37,0,2,2,0.217,0.284,0.375,0.659,0.07,4128223.0,AL,['CLE'],['AL'],[2023],49,125,0,100,Active,0
418819,Jose Trevino,NYY,C,30,55,157,15,33,4,0,4,15,0,0,8,22,1,0,2,0.21,0.257,0.312,0.569,0.49,2360000.0,AL,['NYY'],['AL'],[2023],43,126,0,100,Active,0
757998,Chad Wallach,LAA,C,31,65,157,18,31,5,1,7,15,0,1,13,57,2,0,0,0.197,0.258,0.375,0.633,0.1,4171773.0,AL,['LAA'],['AL'],[2023],44,126,0,100,Active,0
661131,Tyler Freeman,CLE,3B,24,64,153,20,37,7,0,4,18,5,0,10,30,2,1,2,0.242,0.296,0.366,0.661,-0.27,3634654.0,AL,['CLE'],['AL'],[2023],49,118,0,100,Active,0
747148,Francisco Mejia,TB,C,27,50,150,22,34,11,0,5,19,0,1,6,38,1,2,1,0.227,0.261,0.4,0.661,0.0,720000.0,AL,['TB'],['AL'],[2023],41,117,0,100,Active,0
215021,Johan Rojas,PHI,OF,23,59,149,24,45,9,2,2,23,14,1,5,42,6,0,4,0.302,0.341,0.429,0.77,2.48,7626759.0,NL,['PHI'],['NL'],[2023],54,108,0,100,Active,0
462336,Anthony Rendon,LAA,3B,33,43,148,23,35,6,0,2,22,2,0,25,27,0,4,6,0.236,0.368,0.317,0.685,0.08,38571428.0,AL,['LAA'],['AL'],[2023],66,119,0,100,Active,0
704561,Zach Remillard,CWS,3B,29,54,147,16,37,7,0,1,18,4,3,8,48,4,0,1,0.252,0.294,0.319,0.613,0.05,4099190.0,AL,['CWS'],['AL'],[2023],46,111,0,100,Active,0
317744,Tom Murphy,SEA,C,32,47,145,19,42,12,0,8,17,0,0,10,44,0,2,1,0.29,0.339,0.537,0.876,1.17,1625000.0,AL,['SEA'],['AL'],[2023],53,104,0,100,Active,0
606737,Dylan Moore,SEA,OF,31,67,145,18,30,9,1,7,19,7,3,16,56,0,0,4,0.207,0.303,0.427,0.73,0.46,2083333.0,AL,['SEA'],['AL'],[2023],50,119,0,100,Active,0
790202,Corey Dickerson,WSH,OF,34,50,144,12,36,7,1,2,17,0,1,7,28,0,1,0,0.25,0.284,0.354,0.637,-0.64,2250000.0,NL,['WSH'],['NL'],[2023],43,108,0,100,Active,0
26687,Cam Gallagher,CLE,C,30,56,143,6,18,6,0,0,7,0,0,4,46,0,1,1,0.126,0.155,0.167,0.322,-1.08,1250000.0,AL,['CLE'],['AL'],[2023],23,126,0,100,Active,0
647828,Blake Perkins,MIL,OF,27,67,143,28,31,7,0,4,20,5,2,23,46,2,0,0,0.217,0.325,0.349,0.673,1.24,5826682.0,NL,['MIL'],['NL'],[2023],54,112,0,100,Active,0
97605,Riley Adams,WSH,C,27,44,143,8,39,13,2,4,21,0,0,11,45,1,1,2,0.273,0.333,0.475,0.808,1.04,728800.0,NL,['WSH'],['NL'],[2023],52,106,0,100,Active,0
700055,Nelson Cruz,SD,DH,43,49,143,9,35,5,1,5,23,1,0,6,46,0,1,2,0.245,0.284,0.398,0.681,-0.3,1000000.0,NL,['SD'],['NL'],[2023],43,110,0,100,Active,0
781113,Jose Miranda,MIN,3B,25,40,142,12,30,4,0,3,13,0,0,9,24,0,0,1,0.211,0.263,0.302,0.565,-0.23,727850.0,AL,['MIN'],['AL'],[2023],40,113,0,100,Active,0
15699,Michael Toglia,COL,OF,25,45,141,18,23,5,0,4,9,1,1,10,50,0,0,1,0.163,0.223,0.283,0.506,-1.49,1863611.0,NL,['COL'],['NL'],[2023],34,119,0,100,Active,0
535239,Kody Clemens,PHI,3B,27,49,139,15,32,7,0,4,13,0,0,8,40,0,0,1,0.23,0.277,0.366,0.643,-0.04,3968539.0,NL,['PHI'],['NL'],[2023],41,108,0,100,Active,0
711655,Enmanuel Valdez,BOS,2B,24,49,139,17,37,8,0,6,19,5,1,8,37,0,0,1,0.266,0.31,0.453,0.763,0.0,4026606.0,AL,['BOS'],['AL'],[2023],46,103,0,100,Active,0
488803,Rougned Odor,SD,2B,29,59,138,21,28,9,0,4,18,2,1,17,37,0,0,2,0.203,0.299,0.355,0.653,-0.27,800000.0,NL,['SD'],['NL'],[2023],47,112,0,100,Active,0
881950,Jeimer Candelario,CHC,3B,29,280,1010,154,254,78,6,44,140,16,2,106,254,0,8,26,0.234,0.338,0.471,0.808,2.82,5000000.0,NL,"['CHC', 'WSH']",['NL'],[2023],386,782,0,100,Active,0
290007,Jonathan Schoop,DET,2B,31,55,136,15,29,8,0,0,7,0,0,13,37,0,2,0,0.213,0.281,0.272,0.553,-0.41,7500000.0,AL,['DET'],['AL'],[2023],42,107,0,100,Active,0
269417,Ramon Laureano,CLE,OF,29,105,361,46,81,18,4,9,35,12,1,33,114,0,1,9,0.243,0.305,0.371,0.675,0.0,720000.0,AL,"['OAK', 'CLE']",['AL'],[2023],123,289,0,100,Active,0
902992,Kevin Smith,OAK,3B,27,49,135,15,25,4,0,5,11,1,0,5,51,5,0,1,0.185,0.219,0.325,0.544,-0.26,3649170.0,AL,['OAK'],['AL'],[2023],31,111,0,100,Active,0
736268,Willie Calhoun,NYY,OF,28,44,134,16,32,7,0,5,16,0,0,14,20,0,1,0,0.239,0.31,0.402,0.712,-0.19,3750788.0,AL,['NYY'],['AL'],[2023],46,102,0,100,Active,0
266603,Jose Barrero,CIN,SS,25,46,133,15,29,8,0,2,17,3,2,15,44,0,1,0,0.218,0.297,0.323,0.62,-0.51,730000.0,NL,['CIN'],['NL'],[2023],44,104,0,100,Active,0
237633,Miles Mastrobuoni,CHC,2B,27,61,133,24,32,5,0,1,5,13,1,13,32,3,0,0,0.241,0.308,0.3,0.608,0.5,720500.0,NL,['CHC'],['NL'],[2023],45,101,0,100,Active,0
1009048,Miguel Amaya,CHC,C,24,53,131,17,28,4,0,5,18,0,0,12,40,1,1,11,0.214,0.331,0.358,0.689,0.21,4331457.0,NL,['CHC'],['NL'],[2023],51,114,0,100,Active,0
899322,Austin Nola,SD,C,33,52,130,9,19,3,0,1,8,0,0,18,31,4,0,2,0.146,0.26,0.192,0.452,-0.49,2350000.0,NL,['SD'],['NL'],[2023],39,113,0,100,Active,0
852725,Omar Narvaez,NYM,C,31,49,128,12,27,5,0,2,7,0,0,14,27,1,3,0,0.211,0.288,0.296,0.584,0.0,720000.0,NL,['NYM'],['NL'],[2023],41,101,0,100,Active,0
23444,Billy McKinney,NYY,OF,29,48,128,19,29,3,1,6,14,1,0,17,39,0,1,1,0.227,0.321,0.406,0.727,0.18,4287907.0,AL,['NYY'],['AL'],[2023],47,100,0,100,Active,0
24418,Wil Myers,CIN,OF,32,37,127,11,24,3,0,3,12,2,1,12,48,1,1,0,0.189,0.258,0.283,0.54,-0.63,6000000.0,NL,['CIN'],['NL'],[2023],36,103,0,100,Active,0
30650,Amed Rosario,LAD,SS,27,284,1020,140,268,50,16,12,116,30,4,58,198,0,6,6,0.256,0.306,0.378,0.683,0.71,5057295.0,AL,"['LAD', 'CLE']",['AL'],[2023],332,758,0,100,Active,0
634064,Parker Meadows,DET,OF,23,37,125,19,29,4,2,3,13,8,1,17,37,0,1,2,0.232,0.333,0.368,0.701,0.92,5362146.0,AL,['DET'],['AL'],[2023],48,98,0,100,Active,0
465950,Josh Rojas,SEA,2B,29,210,628,94,154,34,0,8,80,24,0,54,162,4,8,2,0.272,0.307,0.337,0.644,-0.28,2575000.0,AL,"['SEA', 'ARI']",['AL'],[2023],210,476,0,100,Active,0
331133,Tyler Soderstrom,OAK,C,21,45,125,9,20,1,0,3,7,0,0,11,43,0,1,1,0.16,0.233,0.24,0.473,-1.07,2473314.0,AL,['OAK'],['AL'],[2023],32,106,0,100,Active,0
222396,David Villar,SF,3B,26,46,124,15,18,6,0,5,12,1,1,11,45,0,1,4,0.145,0.237,0.314,0.55,-0.41,723750.0,NL,['SF'],['NL'],[2023],33,110,0,100,Active,0
311650,Dairon Blanco,KC,OF,30,69,124,19,32,7,4,3,18,24,5,10,33,2,0,2,0.258,0.323,0.451,0.774,1.17,5725065.0,AL,['KC'],['AL'],[2023],44,94,0,100,Active,0
309301,Mike Zunino,CLE,C,32,42,124,11,22,7,0,3,11,0,0,15,61,0,0,1,0.177,0.271,0.306,0.577,-0.5,6000000.0,AL,['CLE'],['AL'],[2023],38,103,0,100,Active,0
873152,Lawrence Butler,OAK,OF,23,42,123,10,26,4,0,4,10,0,0,4,35,0,1,1,0.211,0.242,0.341,0.583,-0.49,3315285.0,AL,['OAK'],['AL'],[2023],31,98,0,100,Active,0
564408,Masyn Winn,STL,SS,21,37,122,8,21,2,0,2,12,2,1,10,26,2,3,0,0.172,0.234,0.237,0.471,-0.55,3228185.0,NL,['STL'],['NL'],[2023],31,101,0,100,Active,0
306059,Ryan McKenna,BAL,OF,26,89,122,23,31,7,0,2,18,5,0,9,40,3,2,3,0.254,0.32,0.36,0.679,0.51,725800.0,AL,['BAL'],['AL'],[2023],43,94,0,100,Active,0
1047951,Matthew Batten,SD,3B,28,43,120,19,31,6,0,2,11,2,2,17,30,1,0,1,0.258,0.355,0.358,0.713,0.38,4578242.0,NL,['SD'],['NL'],[2023],49,90,0,100,Active,0
433703,Brett Wisely,SF,2B,24,51,120,10,21,5,0,2,8,2,1,9,40,1,1,0,0.175,0.232,0.266,0.498,-0.17,3779821.0,NL,['SF'],['NL'],[2023],30,99,0,100,Active,0
151250,Garrett Cooper,SD,1B,32,246,844,84,212,36,2,34,122,0,0,62,264,0,4,4,0.239,0.305,0.419,0.724,0.1,3900000.0,NL,"['SD', 'MIA']",['NL'],[2023],278,636,0,100,Active,0
355022,Davis Schneider,TOR,2B,24,35,116,23,32,12,1,8,20,1,0,21,43,0,0,4,0.276,0.404,0.603,1.007,1.84,6697687.0,AL,['TOR'],['AL'],[2023],57,88,0,100,Active,0
765640,Nick Gonzales,PIT,2B,24,35,115,12,24,8,1,2,13,0,1,6,36,1,2,4,0.209,0.272,0.347,0.619,-0.15,3808855.0,NL,['PIT'],['NL'],[2023],34,95,0,100,Active,0
570230,Mike Moustakas,COL,3B,35,224,704,86,174,30,0,24,96,0,0,46,190,0,16,6,0.27,0.298,0.392,0.69,0.47,720000.0,NL,"['LAA', 'COL']","['AL', 'NL']",[2023],226,536,0,100,Active,0
939400,Rafael Ortega,NYM,OF,32,47,114,16,25,3,0,1,8,6,1,20,33,1,0,1,0.219,0.34,0.271,0.611,0.19,4302424.0,NL,['NYM'],['NL'],[2023],46,90,0,100,Active,0
1018115,Noelvi Marte,CIN,3B,21,35,114,15,36,7,0,3,15,6,2,8,25,0,0,1,0.316,0.365,0.456,0.821,0.82,5216979.0,NL,['CIN'],['NL'],[2023],45,79,0,100,Active,0
676127,Garrett Stubbs,PHI,C,30,41,113,15,23,4,1,1,12,2,0,9,29,1,0,2,0.204,0.274,0.283,0.556,0.15,741000.0,NL,['PHI'],['NL'],[2023],34,92,0,100,Active,0
57713,Eduardo Escobar,NYM,3B,34,200,576,64,130,12,10,12,62,4,2,36,156,2,4,0,0.236,0.271,0.343,0.614,0.1,4171773.0,NL,"['LAA', 'NYM']","['AL', 'NL']",[2023],166,446,0,100,Active,0
908559,Tucker Barnhart,CHC,C,32,47,109,6,22,3,0,1,9,1,0,12,42,0,1,1,0.202,0.286,0.256,0.542,-0.58,3250000.0,NL,['CHC'],['NL'],[2023],35,88,0,100,Active,0
370525,Nolan Schanuel,LAA,1B,21,29,109,19,30,3,0,1,6,0,0,20,19,0,0,3,0.275,0.401,0.33,0.731,0.06,4113706.0,AL,['LAA'],['AL'],[2023],53,82,0,100,Active,0
644871,Avisail Garcia,MIA,OF,32,37,108,8,20,3,1,3,12,2,0,6,39,0,0,2,0.185,0.241,0.314,0.554,0.0,720000.0,NL,['MIA'],['NL'],[2023],28,90,0,100,Active,0
1005584,Victor Robles,WSH,OF,26,36,107,15,32,5,1,0,8,8,1,11,18,4,0,4,0.299,0.385,0.364,0.749,-0.05,2325000.0,NL,['WSH'],['NL'],[2023],47,79,0,100,Active,0
659820,Luis Guillorme,NYM,2B,29,54,107,12,24,6,1,1,9,0,0,10,28,2,1,0,0.224,0.29,0.327,0.617,-0.11,1600000.0,NL,['NYM'],['NL'],[2023],34,83,0,100,Active,0
218216,Jacob Young,WSH,OF,24,33,107,9,27,7,1,0,12,13,0,10,22,3,0,1,0.252,0.322,0.336,0.658,0.57,4854060.0,NL,['WSH'],['NL'],[2023],38,81,0,100,Active,0
524002,Yu Chang,BOS,3B,28,39,105,12,17,2,0,6,18,4,0,3,34,2,0,2,0.162,0.2,0.352,0.552,0.12,850000.0,AL,['BOS'],['AL'],[2023],22,90,0,100,Active,0
216854,Jackie Bradley,KC,OF,33,43,105,10,14,5,0,1,6,0,0,5,29,1,0,2,0.133,0.187,0.209,0.396,0.0,720000.0,AL,['KC'],['AL'],[2023],21,93,0,100,Active,0
45426,Jesus Aguilar,OAK,1B,33,36,104,8,23,2,0,5,9,0,0,8,31,0,1,1,0.221,0.283,0.384,0.667,0.0,720000.0,AL,['OAK'],['AL'],[2023],32,82,0,100,Active,0
198669,Jared Walsh,LAA,1B,30,39,104,10,13,4,0,4,11,0,0,11,45,0,0,1,0.125,0.215,0.278,0.493,-0.91,2650000.0,AL,['LAA'],['AL'],[2023],25,92,0,100,Active,0
308799,Josh Harrison,PHI,2B,36,41,103,8,21,3,0,2,10,0,0,3,20,0,2,6,0.204,0.267,0.291,0.558,-0.62,2000000.0,NL,['PHI'],['NL'],[2023],30,88,0,100,Active,0
1029408,Rene Pinto,TB,C,26,39,103,10,26,3,0,6,16,0,0,2,34,0,0,0,0.252,0.266,0.456,0.722,0.0,720000.0,AL,['TB'],['AL'],[2023],28,77,0,100,Active,0
693357,David Fry,CLE,C,27,58,101,12,24,6,0,4,15,2,0,8,30,0,0,4,0.238,0.318,0.415,0.733,0.3,4462108.0,AL,['CLE'],['AL'],[2023],36,81,0,100,Active,0
781108,Alika Williams,PIT,SS,24,46,101,7,20,5,0,0,6,0,0,9,35,1,0,1,0.198,0.27,0.247,0.517,-0.22,3707237.0,NL,['PIT'],['NL'],[2023],30,82,0,100,Active,0
499236,Ronny Mauricio,NYM,SS,22,26,101,11,25,4,0,2,9,7,0,7,31,0,0,0,0.248,0.296,0.346,0.641,0.15,4244357.0,NL,['NYM'],['NL'],[2023],32,76,0,100,Active,0
662594,Jose Herrera,ARI,C,26,43,101,15,21,5,0,0,7,1,0,13,30,5,1,0,0.208,0.298,0.257,0.554,-0.14,724300.0,AL,['ARI'],['AL'],[2023],34,80,0,100,Active,0
763267,Tyler Nevin,DET,3B,26,41,95,11,19,3,1,2,10,0,1,12,25,0,1,3,0.2,0.309,0.315,0.624,-0.55,3228185.0,AL,['DET'],['AL'],[2023],34,79,0,100,Active,0
1038046,Eric Hosmer,CHC,1B,33,31,94,7,22,3,0,2,14,0,0,6,25,0,0,0,0.234,0.28,0.329,0.609,-0.5,720000.0,NL,['CHC'],['NL'],[2023],28,72,0,100,Active,0
306835,Richie Palacios,STL,OF,26,32,93,9,24,6,0,6,16,2,0,6,11,1,1,1,0.258,0.31,0.516,0.826,0.46,4694376.0,NL,['STL'],['NL'],[2023],31,70,0,100,Active,0
844520,Romy Gonzalez,CWS,2B,27,44,93,11,18,4,2,3,14,7,0,2,36,1,1,0,0.194,0.21,0.376,0.586,-0.37,723000.0,AL,['CWS'],['AL'],[2023],20,75,0,100,Active,0
668263,Everson Pereira,NYY,OF,22,27,93,6,14,4,0,0,10,4,0,8,40,0,0,2,0.151,0.233,0.193,0.426,-0.61,3141084.0,AL,['NYY'],['AL'],[2023],24,81,0,100,Active,0
657687,Jace Peterson,ARI,3B,33,268,748,70,158,20,8,12,74,30,4,94,202,4,6,8,0.183,0.305,0.307,0.612,-0.78,4500000.0,AL,"['ARI', 'OAK']",['AL'],[2023],260,598,0,100,Active,0
1028135,Dominic Fletcher,ARI,OF,25,28,93,10,28,5,1,2,14,0,2,7,22,2,0,0,0.301,0.35,0.44,0.79,0.73,5086328.0,AL,['ARI'],['AL'],[2023],35,65,0,100,Active,0
835393,Nick Gordon,MIN,OF,27,34,91,13,16,5,1,2,7,0,0,1,11,1,0,0,0.176,0.184,0.318,0.502,-0.24,735400.0,AL,['MIN'],['AL'],[2023],17,75,0,100,Active,0
855845,Michael Chavis,WSH,2B,28,48,91,16,22,3,0,2,5,1,0,5,33,0,0,0,0.242,0.281,0.34,0.621,0.48,1000000.0,NL,['WSH'],['NL'],[2023],27,69,0,100,Active,0
852463,Sam Haggerty,SEA,OF,29,52,91,13,23,3,1,1,5,10,1,15,17,1,0,1,0.253,0.364,0.34,0.704,0.24,726600.0,AL,['SEA'],['AL'],[2023],39,69,0,100,Active,0
782198,Jose Azocar,SD,OF,27,55,91,16,21,6,0,2,9,8,2,4,24,5,0,2,0.231,0.278,0.362,0.64,0.0,720000.0,NL,['SD'],['NL'],[2023],27,72,0,100,Active,0
124163,Jonathan Davis,MIA,OF,31,34,90,22,22,4,1,2,10,1,2,7,29,2,2,2,0.244,0.313,0.377,0.69,0.02,4055639.0,NL,['MIA'],['NL'],[2023],31,70,0,100,Active,0
231552,Matt Mervis,CHC,1B,25,27,90,8,15,2,0,3,11,0,0,8,32,0,0,1,0.167,0.242,0.288,0.53,-0.38,3474969.0,NL,['CHC'],['NL'],[2023],24,76,0,100,Active,0
1037578,David Fletcher,LAA,2B,29,33,89,7,22,1,0,2,12,0,0,7,9,1,0,0,0.247,0.302,0.325,0.627,0.05,6000000.0,AL,['LAA'],['AL'],[2023],29,67,0,100,Active,0
93382,Jonah Bride,OAK,2B,27,40,88,9,15,3,0,0,7,0,1,11,22,1,2,4,0.17,0.291,0.204,0.495,-0.43,3402386.0,AL,['OAK'],['AL'],[2023],30,77,0,100,Active,0
541763,Cade Marlowe,SEA,OF,26,34,88,14,21,3,2,3,11,4,2,12,33,0,0,0,0.239,0.33,0.42,0.75,1.03,5521831.0,AL,['SEA'],['AL'],[2023],33,67,0,100,Active,0
810741,Jonathan Aranda,TB,2B,25,34,87,13,20,4,1,2,13,0,0,13,31,0,1,2,0.23,0.343,0.367,0.71,0.22,4345974.0,AL,['TB'],['AL'],[2023],35,69,0,100,Active,0
387055,Carter Kieboom,WSH,3B,26,27,87,12,18,2,0,4,11,0,0,6,27,0,0,1,0.207,0.265,0.367,0.632,-0.1,3881438.0,NL,['WSH'],['NL'],[2023],25,70,0,100,Active,0
509029,Osleivis Basabe,TB,SS,23,31,87,15,19,5,0,1,12,0,1,6,25,0,0,1,0.218,0.276,0.31,0.586,0.36,4549209.0,AL,['TB'],['AL'],[2023],26,69,0,100,Active,0
349961,Joey Bart,SF,C,26,30,87,9,18,5,0,0,5,0,0,3,23,0,1,4,0.207,0.265,0.264,0.529,-0.43,735000.0,NL,['SF'],['NL'],[2023],25,73,0,100,Active,0
1017016,Luken Baker,STL,1B,26,33,86,9,18,3,0,2,10,0,0,13,31,0,0,0,0.209,0.313,0.313,0.626,-0.43,3402386.0,NL,['STL'],['NL'],[2023],31,68,0,100,Active,0
248123,Cristian Pache,PHI,OF,24,48,84,12,20,7,1,2,11,2,3,10,27,1,0,0,0.238,0.319,0.416,0.735,0.68,5013745.0,NL,['PHI'],['NL'],[2023],30,64,0,100,Active,0
577327,Miguel Andujar,PIT,OF,28,30,84,9,21,7,0,4,18,2,0,6,13,0,0,0,0.25,0.3,0.476,0.776,0.04,1525000.0,NL,['PIT'],['NL'],[2023],27,63,0,100,Active,0
159629,David Hensley,HOU,DH,27,30,84,12,10,1,0,1,3,1,0,10,35,0,0,0,0.119,0.212,0.166,0.378,-0.7,722600.0,AL,['HOU'],['AL'],[2023],20,74,0,100,Active,0
240696,Curtis Mead,TB,3B,22,24,83,12,21,3,1,1,5,0,0,7,21,0,0,2,0.253,0.326,0.349,0.675,0.54,4810510.0,AL,['TB'],['AL'],[2023],30,64,0,100,Active,0
348323,Ceddanne Rafaela,BOS,OF,23,28,83,11,20,6,0,2,5,3,1,4,28,0,1,1,0.241,0.284,0.385,0.669,-0.04,3968539.0,AL,['BOS'],['AL'],[2023],25,64,0,100,Active,0
409092,Hunter Dozier,KC,3B,32,29,82,8,15,2,1,2,9,2,0,8,29,0,1,0,0.183,0.255,0.304,0.558,-0.13,7500000.0,AL,['KC'],['AL'],[2023],23,67,0,100,Active,0
1044594,Hanser Alberto,CWS,2B,30,30,82,11,18,5,0,3,16,0,0,4,13,2,1,1,0.22,0.264,0.39,0.654,0.26,720000.0,AL,['CWS'],['AL'],[2023],23,65,0,100,Active,0
658977,Andrew Velazquez,LAA,SS,29,54,81,12,14,3,0,2,3,13,3,10,30,3,0,0,0.173,0.263,0.283,0.546,-0.52,3271735.0,AL,['LAA'],['AL'],[2023],24,67,0,100,Active,0
20161,Brayan Rocchio,CLE,SS,22,23,81,9,20,6,0,0,8,0,0,4,27,0,1,0,0.247,0.282,0.32,0.602,0.06,4113706.0,AL,['CLE'],['AL'],[2023],24,61,0,100,Active,0
119427,Brett Sullivan,SD,C,29,33,81,7,17,3,0,1,6,0,0,4,19,0,1,0,0.21,0.247,0.283,0.53,0.07,4128223.0,NL,['SD'],['NL'],[2023],21,64,0,100,Active,0
982720,Curt Casali,CIN,C,34,40,80,8,14,2,0,0,6,0,0,11,23,3,0,2,0.175,0.29,0.2,0.49,0.09,2500000.0,NL,['CIN'],['NL'],[2023],27,68,0,100,Active,0
62435,Brandon Dixon,SD,3B,31,33,79,10,16,4,0,2,9,1,0,1,31,0,2,4,0.203,0.25,0.329,0.579,-0.23,3692721.0,NL,['SD'],['NL'],[2023],21,67,0,100,Active,0
614920,Xavier Edwards,MIA,2B,24,30,78,12,23,3,0,0,3,5,0,3,14,2,0,1,0.295,0.329,0.333,0.662,0.14,4229840.0,NL,['MIA'],['NL'],[2023],27,56,0,100,Active,0
889533,Vidal Brujan,TB,2B,25,37,76,14,13,2,0,0,6,3,2,5,21,1,0,2,0.171,0.24,0.197,0.437,0.0,720000.0,AL,['TB'],['AL'],[2023],20,65,0,100,Active,0
507486,Taylor Motter,STL,SS,34,29,76,3,13,3,0,0,2,0,0,5,31,0,0,1,0.171,0.231,0.21,0.441,-0.58,775000.0,NL,['STL'],['NL'],[2023],19,64,0,100,Active,0
1031175,Wilyer Abreu,BOS,OF,24,28,76,10,24,6,0,2,14,3,1,9,23,0,0,0,0.316,0.388,0.473,0.861,0.77,5144395.0,AL,['BOS'],['AL'],[2023],33,52,0,100,Active,0
934102,Vaughn Grissom,ATL,2B,22,23,75,5,21,3,1,0,9,0,1,2,15,0,1,2,0.28,0.316,0.346,0.661,-0.73,2966883.0,NL,['ATL'],['NL'],[2023],25,56,0,100,Active,0
381925,Yonathan Daza,COL,OF,29,24,74,8,20,6,0,0,7,1,0,3,13,1,1,1,0.27,0.307,0.351,0.657,-0.4,730000.0,NL,['COL'],['NL'],[2023],24,55,0,100,Active,0
764395,Henry Ramos,CIN,OF,31,23,74,9,18,3,1,0,5,2,1,11,21,0,0,1,0.243,0.348,0.31,0.657,0.16,4258874.0,NL,['CIN'],['NL'],[2023],30,57,0,100,Active,0
176440,Mike Brosseau,MIL,3B,29,29,73,4,15,2,0,4,8,0,0,4,20,0,0,1,0.205,0.256,0.397,0.653,-0.4,1400000.0,NL,['MIL'],['NL'],[2023],20,59,0,100,Active,0
898735,Conner Capel,OAK,OF,26,32,73,6,19,5,0,0,3,5,3,12,25,0,0,1,0.26,0.372,0.328,0.7,0.35,720000.0,AL,['OAK'],['AL'],[2023],32,55,0,100,Active,0
140591,Sam Hilliard,ATL,OF,29,40,72,15,17,5,0,3,6,4,0,6,33,0,0,0,0.236,0.294,0.43,0.724,0.21,750000.0,NL,['ATL'],['NL'],[2023],23,55,0,100,Active,0
697928,Michael Busch,LAD,2B,25,27,72,9,12,3,0,2,7,1,0,8,27,0,1,0,0.167,0.25,0.291,0.54,-0.46,3358835.0,AL,['LAD'],['AL'],[2023],20,60,0,100,Active,0
332342,Nick Martini,CIN,OF,33,29,72,10,19,3,1,6,16,0,0,5,15,0,0,2,0.264,0.329,0.583,0.911,0.22,4345974.0,NL,['CIN'],['NL'],[2023],26,55,0,100,Active,0
116228,Trayce Thompson,LAD,OF,32,144,306,34,50,4,0,12,34,4,0,48,154,0,0,4,0.155,0.284,0.294,0.578,-0.34,1450000.0,AL,"['LAD', 'CWS']",['AL'],[2023],102,260,0,100,Active,0
998899,Austin Wells,NYY,C,24,19,70,8,16,6,0,4,13,0,0,3,14,0,1,0,0.229,0.26,0.485,0.745,0.06,4113706.0,AL,['NYY'],['AL'],[2023],19,54,0,100,Active,0
510837,Hunter Goodman,COL,OF,24,23,70,6,14,4,3,1,17,1,0,5,24,0,2,0,0.2,0.253,0.385,0.638,-0.54,3242701.0,NL,['COL'],['NL'],[2023],19,56,0,100,Active,0
441647,Aaron Hicks,NYY,OF,34,186,538,88,136,18,2,16,72,12,0,84,138,0,2,0,0.188,0.353,0.382,0.735,0.95,10785714.0,AL,"['NYY', 'BAL']",['AL'],[2023],220,402,0,100,Active,0
632326,Franchy Cordero,NYY,OF,29,24,69,9,13,2,0,6,13,0,0,2,25,0,0,0,0.188,0.211,0.478,0.689,-0.13,1000000.0,AL,['NYY'],['AL'],[2023],15,56,0,100,Active,0
584446,Luke Voit,MIL,1B,32,22,68,5,15,3,0,0,4,2,0,4,27,0,0,2,0.221,0.283,0.264,0.546,-0.24,2000000.0,NL,['MIL'],['NL'],[2023],21,55,0,100,Active,0
882750,Ben Rortvedt,NYY,C,26,32,68,6,8,1,0,2,4,0,0,11,19,0,0,0,0.118,0.24,0.22,0.459,-0.2,3736271.0,AL,['NYY'],['AL'],[2023],19,60,0,100,Active,0
56017,Dane Myers,MIA,OF,27,22,67,9,18,3,0,1,9,1,1,2,19,0,1,0,0.269,0.289,0.358,0.647,-0.32,3562070.0,NL,['MIA'],['NL'],[2023],20,49,0,100,Active,0
701414,Clint Frazier,CWS,OF,29,33,66,10,13,1,1,0,3,4,2,10,23,0,0,0,0.197,0.302,0.242,0.544,-0.3,3591103.0,AL,['CWS'],['AL'],[2023],23,53,0,100,Active,0
96298,Nicky Lopez,ATL,SS,28,188,450,64,104,16,6,2,50,12,4,52,80,8,2,12,0.277,0.326,0.306,0.632,0.79,5173429.0,NL,"['KC', 'ATL']","['AL', 'NL']",[2023],168,358,0,100,Active,0
683853,Garrett Mitchell,MIL,OF,25,19,65,10,16,2,1,3,7,1,1,7,26,0,1,0,0.246,0.319,0.446,0.765,0.67,724300.0,NL,['MIL'],['NL'],[2023],23,49,0,100,Active,0
154666,Danny Mendick,NYM,SS,30,35,65,4,12,3,0,1,4,1,0,4,15,0,0,0,0.185,0.231,0.276,0.507,-0.86,1000000.0,NL,['NYM'],['NL'],[2023],16,53,0,100,Active,0
723505,Korey Lee,CWS,C,25,24,65,4,5,1,0,1,3,0,0,5,20,0,0,0,0.077,0.142,0.138,0.28,-0.66,3068501.0,AL,['CWS'],['AL'],[2023],10,60,0,100,Active,0
281119,Brett Phillips,LAA,OF,29,40,63,9,11,1,0,3,6,3,1,8,36,0,0,0,0.175,0.267,0.333,0.6,-0.09,1200000.0,AL,['LAA'],['AL'],[2023],19,52,0,100,Active,0
493117,Jason Vosler,CIN,3B,30,20,62,6,10,2,1,3,10,0,0,3,25,0,0,0,0.161,0.2,0.37,0.57,-0.37,1000000.0,NL,['CIN'],['NL'],[2023],13,52,0,100,Active,0
560116,Nick Loftin,KC,3B,25,19,62,10,20,5,1,0,10,2,0,4,12,0,1,1,0.323,0.373,0.435,0.808,0.57,4854060.0,AL,['KC'],['AL'],[2023],25,43,0,100,Active,0
642276,Evan Carter,TEX,OF,21,23,62,15,19,4,1,5,12,3,0,12,24,0,1,0,0.306,0.418,0.645,1.063,1.56,6291218.0,AL,['TEX'],['AL'],[2023],31,43,0,100,Active,0
453150,Michael Stefanic,LAA,2B,27,25,62,5,18,2,1,0,6,0,1,8,8,0,0,1,0.29,0.38,0.354,0.734,0.15,4244357.0,AL,['LAA'],['AL'],[2023],27,45,0,100,Active,0
669252,Colton Cowser,BAL,OF,23,26,61,15,7,2,0,0,4,1,0,13,22,0,1,2,0.115,0.289,0.147,0.435,-0.75,2937850.0,AL,['BAL'],['AL'],[2023],22,56,0,100,Active,0
970793,Estevan Florial,NYY,OF,25,19,61,5,14,3,1,0,8,3,0,7,20,0,1,2,0.23,0.328,0.311,0.639,0.02,4055639.0,AL,['NYY'],['AL'],[2023],23,49,0,100,Active,0
809123,Juan Yepez,STL,OF,25,28,60,5,11,1,0,2,2,0,1,4,20,0,0,1,0.183,0.246,0.3,0.546,-0.74,2952367.0,NL,['STL'],['NL'],[2023],16,50,0,100,Active,0
1041424,Samad Taylor,KC,2B,25,31,60,11,12,2,1,0,4,8,0,7,22,1,1,0,0.2,0.283,0.266,0.548,-0.16,3794338.0,AL,['KC'],['AL'],[2023],19,48,0,100,Active,0
503069,Jonathan Arauz,NYM,2B,25,27,59,3,8,0,0,3,9,0,0,5,18,2,0,0,0.136,0.203,0.288,0.491,0.0,720000.0,NL,['NYM'],['NL'],[2023],13,51,0,100,Active,0
893586,Franmil Reyes,KC,DH,28,19,59,5,11,0,0,2,7,0,0,4,24,0,2,0,0.186,0.238,0.288,0.526,-0.47,2000000.0,AL,['KC'],['AL'],[2023],15,48,0,100,Active,0
671193,Josh Donaldson,MIL,3B,37,102,330,36,50,10,0,26,52,0,0,44,100,0,4,0,0.169,0.251,0.418,0.669,0.14,4229840.0,NL,"['MIL', 'NYY']","['AL', 'NL']",[2023],94,280,0,100,Active,0
816643,Jo Adell,LAA,OF,24,17,58,7,12,3,1,3,6,1,0,4,25,0,0,0,0.207,0.258,0.448,0.706,0.32,4491142.0,AL,['LAA'],['AL'],[2023],16,46,0,100,Active,0
156805,Tomas Nido,NYM,C,29,22,56,5,7,0,0,0,1,0,0,2,18,2,1,0,0.125,0.155,0.125,0.28,0.0,720000.0,NL,['NYM'],['NL'],[2023],9,49,0,100,Active,0
621582,Heliot Ramos,SF,OF,24,25,56,5,10,4,0,1,2,0,0,4,20,0,0,0,0.179,0.233,0.303,0.536,-0.33,3547553.0,NL,['SF'],['NL'],[2023],14,46,0,100,Active,0
453000,Tim Locastro,NYM,OF,31,43,56,13,13,3,0,2,3,6,0,3,22,2,0,6,0.232,0.338,0.392,0.73,0.43,1400000.0,NL,['NYM'],['NL'],[2023],22,49,0,100,Active,0
335945,Brad Miller,TEX,OF,33,27,56,8,12,4,0,1,6,0,0,10,11,0,1,0,0.214,0.333,0.339,0.672,-0.03,4000000.0,AL,['TEX'],['AL'],[2023],22,44,0,100,Active,0
896540,Wade Meckler,SF,OF,23,20,56,6,13,1,0,0,4,0,0,6,25,0,0,2,0.232,0.328,0.25,0.578,-0.02,3997572.0,NL,['SF'],['NL'],[2023],21,45,0,100,Active,0
499123,Luis Urias,MIL,2B,26,52,144,18,28,6,0,3,18,0,0,21,41,0,0,10,0.145,0.337,0.298,0.635,0.0,720000.0,NL,"['MIL', 'BOS']","['AL', 'NL']",[2023],59,126,0,100,Active,0
682978,Darick Hall,PHI,DH,28,18,54,2,9,1,0,1,3,0,0,2,18,0,0,0,0.167,0.196,0.24,0.436,-0.64,724500.0,NL,['PHI'],['NL'],[2023],11,45,0,100,Active,0
559509,Michael Brantley,HOU,OF,36,15,54,7,15,2,0,2,7,0,0,2,2,0,1,0,0.278,0.303,0.425,0.728,0.11,12000000.0,AL,['HOU'],['AL'],[2023],17,39,0,100,Active,0
738328,Nate Eaton,KC,OF,26,28,53,2,4,0,0,0,1,3,0,2,21,0,0,1,0.075,0.125,0.075,0.2,-0.56,722200.0,AL,['KC'],['AL'],[2023],7,50,0,100,Active,0
765115,Bubba Thompson,TEX,OF,25,37,53,10,9,4,1,0,4,4,2,4,16,1,1,1,0.17,0.241,0.283,0.524,-0.35,724305.0,AL,['TEX'],['AL'],[2023],14,45,0,100,Active,0
253385,Trey Cabbage,LAA,OF,26,22,53,5,11,3,0,1,7,1,1,2,26,0,1,0,0.208,0.236,0.32,0.556,-0.34,3533036.0,AL,['LAA'],['AL'],[2023],13,42,0,100,Active,0
821881,Carson Kelly,DET,C,29,104,272,26,56,10,0,4,26,2,0,28,80,0,2,0,0.173,0.28,0.286,0.566,-0.08,4275000.0,AL,"['DET', 'ARI']",['AL'],[2023],84,216,0,100,Active,0
655348,Jake Lamb,LAA,OF,33,19,51,7,11,1,0,2,5,0,0,3,15,0,0,0,0.216,0.259,0.352,0.611,0.05,720000.0,AL,['LAA'],['AL'],[2023],14,40,0,100,Active,0
538465,Jose Fermin,STL,2B,24,21,51,2,12,1,0,0,4,0,1,6,8,2,0,2,0.235,0.338,0.254,0.592,0.0,720000.0,NL,['STL'],['NL'],[2023],20,41,0,100,Active,0
405459,Tyler Wade,OAK,3B,28,26,51,8,13,1,1,0,2,4,0,4,13,0,0,0,0.255,0.309,0.313,0.622,-0.27,3634654.0,AL,['OAK'],['AL'],[2023],17,38,0,100,Active,0
637565,Kyle Lewis,ARI,DH,28,16,51,2,8,2,0,1,2,0,0,3,21,0,0,0,0.157,0.203,0.254,0.457,-0.54,1610000.0,AL,['ARI'],['AL'],[2023],11,43,0,100,Active,0
396131,Ernie Clement,TOR,2B,27,30,50,7,19,1,1,1,10,1,0,1,4,0,1,0,0.38,0.392,0.5,0.892,0.99,5463764.0,AL,['TOR'],['AL'],[2023],20,31,0,100,Active,0
691421,C.J. Cron,LAA,1B,33,142,516,76,128,24,0,24,74,0,0,34,130,0,4,2,0.2,0.297,0.434,0.731,-0.05,7250000.0,AL,"['COL', 'LAA']","['AL', 'NL']",[2023],164,390,0,100,Active,0
420724,Bobby Dalbec,BOS,1B,28,21,49,6,10,2,0,1,1,1,0,4,28,0,0,0,0.204,0.264,0.306,0.57,-0.22,3707237.0,AL,['BOS'],['AL'],[2023],14,39,0,100,Active,0
104091,Terrin Vavra,BAL,2B,26,27,49,9,12,0,0,0,5,1,0,5,12,2,0,0,0.245,0.314,0.244,0.558,-0.51,722100.0,AL,['BAL'],['AL'],[2023],17,37,0,100,Active,0
671646,Carlos Perez,CWS,C,27,95,217,22,48,8,0,7,23,0,0,17,51,1,3,4,0.204,0.289,0.354,0.643,0.0,720000.0,AL,"['OAK', 'CWS']",['AL'],[2023],69,173,0,100,Active,0
70092,Derek Hill,WSH,OF,27,13,47,3,8,1,0,0,1,1,0,3,11,0,0,0,0.17,0.22,0.191,0.411,-0.31,3576587.0,NL,['WSH'],['NL'],[2023],11,39,0,100,Active,0
882598,Taylor Trammell,SEA,OF,26,22,46,7,6,0,0,3,11,0,1,9,22,0,0,1,0.13,0.285,0.326,0.611,-0.35,726700.0,AL,['SEA'],['AL'],[2023],16,41,0,100,Active,0
186292,Paul DeJong,TOR,SS,30,336,1116,123,231,39,0,42,114,12,12,63,363,0,6,15,0.068,0.258,0.354,0.612,0.72,5071812.0,AL,"['SF', 'TOR', 'STL']","['AL', 'NL']",[2023],309,900,0,100,Active,0
780435,Jurickson Profar,SD,OF,30,250,918,110,222,54,4,18,92,2,0,100,180,0,10,12,0.295,0.324,0.368,0.692,-1.67,7750000.0,NL,"['COL', 'SD']",['NL'],[2023],334,708,0,100,Active,0
880064,Bryce Johnson,SF,OF,27,30,43,7,7,1,0,1,3,3,0,4,15,0,1,0,0.163,0.234,0.255,0.489,-0.19,3750788.0,NL,['SF'],['NL'],[2023],11,36,0,100,Active,0
309066,Jared Young,CHC,1B,28,16,43,8,8,0,3,2,8,2,0,3,13,0,0,1,0.186,0.255,0.465,0.72,-0.14,3823371.0,NL,['CHC'],['NL'],[2023],12,36,0,100,Active,0
918908,Sam Huff,TEX,C,25,21,43,5,11,2,0,3,6,0,0,2,17,0,0,0,0.256,0.288,0.511,0.798,0.27,4418558.0,AL,['TEX'],['AL'],[2023],13,32,0,100,Active,0
118316,Cody Thomas,OAK,OF,29,19,42,1,10,3,0,1,2,0,0,4,17,0,0,0,0.238,0.304,0.38,0.683,-0.1,3881438.0,AL,['OAK'],['AL'],[2023],14,32,0,100,Active,0
369245,Jonny DeLuca,LAD,OF,25,24,42,5,11,1,0,2,6,1,0,3,8,0,0,0,0.262,0.311,0.428,0.739,0.0,720000.0,AL,['LAD'],['AL'],[2023],14,31,0,100,Active,0
937937,TJ Hopkins,CIN,OF,26,25,41,7,7,0,0,0,1,1,0,2,17,0,0,1,0.171,0.227,0.17,0.397,-0.26,3649170.0,NL,['CIN'],['NL'],[2023],10,35,0,100,Active,0
347582,Sandy Leon,TEX,C,34,22,41,4,6,2,0,0,4,0,0,1,20,1,0,1,0.146,0.186,0.195,0.381,0.0,720000.0,AL,['TEX'],['AL'],[2023],8,36,0,100,Active,0
53331,J.P. Martinez,TEX,OF,27,17,40,7,9,1,0,1,4,0,0,2,16,0,2,0,0.225,0.261,0.325,0.586,0.0,720000.0,AL,['TEX'],['AL'],[2023],11,31,0,100,Active,0
850153,Kyren Paris,LAA,SS,21,15,40,4,4,0,0,0,1,3,0,4,17,1,0,1,0.1,0.2,0.1,0.3,0.01,4041123.0,AL,['LAA'],['AL'],[2023],9,37,0,100,Active,0
70093,Grae Kessinger,HOU,SS,26,26,40,3,8,2,0,1,1,0,1,5,12,0,0,0,0.2,0.288,0.325,0.613,0.02,4055639.0,AL,['HOU'],['AL'],[2023],13,32,0,100,Active,0
496179,Spencer Horwitz,TOR,1B,25,15,39,5,10,2,0,1,7,0,0,4,12,0,0,1,0.256,0.34,0.384,0.724,0.26,4404041.0,AL,['TOR'],['AL'],[2023],15,30,0,100,Active,0
102500,Jordyn Adams,LAA,OF,23,17,39,1,5,0,0,0,1,1,2,0,16,0,1,0,0.128,0.128,0.128,0.256,-0.72,2981400.0,AL,['LAA'],['AL'],[2023],5,34,0,100,Active,0
1023207,Marco Luciano,SF,SS,22,14,39,4,9,3,0,0,0,1,0,6,17,0,0,0,0.231,0.333,0.307,0.64,0.07,4128223.0,NL,['SF'],['NL'],[2023],15,30,0,100,Active,0
448634,Hunter Renfroe,CIN,OF,31,280,996,120,232,62,0,40,120,0,0,88,250,0,6,6,0.128,0.299,0.415,0.714,-0.6,3155601.0,NL,"['CIN', 'LAA']","['AL', 'NL']",[2023],326,770,0,100,Active,0
877896,Sean Bouchard,COL,OF,27,21,38,11,12,2,0,4,7,0,1,4,14,0,1,0,0.316,0.38,0.684,1.064,0.58,4868577.0,NL,['COL'],['NL'],[2023],16,26,0,100,Active,0
940387,Coco Montes,COL,2B,27,18,38,3,7,2,0,1,3,0,0,2,12,0,0,1,0.184,0.243,0.315,0.558,-0.29,3605620.0,NL,['COL'],['NL'],[2023],10,32,0,100,Active,0
1030265,Dominic Canzone,ARI,OF,26,118,346,46,76,26,0,12,42,2,0,16,64,0,0,2,0.237,0.258,0.398,0.656,-0.21,3721754.0,AL,"['SEA', 'ARI']",['AL'],[2023],94,272,0,100,Active,0
861033,Ivan Herrera,STL,C,23,13,37,6,11,2,0,0,4,0,0,5,11,0,0,2,0.297,0.409,0.351,0.76,0.0,720000.0,NL,['STL'],['NL'],[2023],18,28,0,100,Active,0
435678,Andrew Stevenson,MIN,OF,29,25,37,4,7,1,0,0,1,4,1,2,8,0,0,1,0.189,0.25,0.216,0.465,0.06,4113706.0,AL,['MIN'],['AL'],[2023],10,31,0,100,Active,0
632574,Eguy Rosario,SD,3B,24,11,36,6,9,1,1,2,6,0,0,1,12,0,0,0,0.25,0.27,0.5,0.77,0.43,4650826.0,NL,['SD'],['NL'],[2023],10,27,0,100,Active,0
159906,Adam Haseley,CWS,OF,27,28,36,6,8,2,0,0,2,1,0,3,8,0,0,0,0.222,0.282,0.277,0.558,-0.13,3837888.0,AL,['CWS'],['AL'],[2023],11,28,0,100,Active,0
462149,Blake Rutherford,WSH,OF,26,16,35,4,6,0,0,0,2,0,0,1,10,0,0,0,0.171,0.194,0.171,0.365,-0.24,3678204.0,NL,['WSH'],['NL'],[2023],7,29,0,100,Active,0
354064,Andre Lipcius,DET,3B,25,13,35,3,10,1,0,1,4,0,0,3,8,0,0,0,0.286,0.342,0.4,0.742,-0.25,3663687.0,AL,['DET'],['AL'],[2023],13,25,0,100,Active,0
303925,Junior Caminero,TB,3B,20,7,34,4,8,1,0,1,7,0,0,2,8,0,0,0,0.235,0.277,0.352,0.629,0.04,4084673.0,AL,['TB'],['AL'],[2023],10,26,0,100,Active,0
299454,Joey Ortiz,BAL,SS,25,15,33,4,7,1,0,0,4,0,0,0,9,0,1,0,0.212,0.212,0.242,0.453,-0.01,4012089.0,AL,['BAL'],['AL'],[2023],7,26,0,100,Active,0
707642,Peyton Burdick,MIA,OF,26,14,33,4,6,2,0,1,2,1,0,3,18,0,0,1,0.182,0.27,0.333,0.603,-0.02,3997572.0,NL,['MIA'],['NL'],[2023],10,28,0,100,Active,0
613085,David Hamilton,BOS,SS,26,15,33,2,4,2,0,0,0,2,1,6,10,0,0,0,0.121,0.256,0.181,0.437,-0.08,3910472.0,AL,['BOS'],['AL'],[2023],10,29,0,100,Active,0
91252,Tyler Fitzgerald,SF,SS,26,10,32,3,7,2,0,2,5,2,0,2,10,0,0,0,0.219,0.264,0.468,0.732,0.16,4258874.0,NL,['SF'],['NL'],[2023],9,25,0,100,Active,0
331731,Oneil Cruz,PIT,SS,25,9,32,7,8,1,0,1,4,3,0,7,8,0,1,0,0.25,0.384,0.375,0.759,0.15,720000.0,NL,['PIT'],['NL'],[2023],15,24,0,100,Active,0
787587,Canaan Smith-Njigba,PIT,OF,24,15,32,3,4,1,1,0,5,1,0,4,16,0,1,0,0.125,0.222,0.218,0.44,-0.18,725000.0,NL,['PIT'],['NL'],[2023],8,28,0,100,Active,0
125095,Harrison Bader,CIN,OF,29,196,638,88,148,24,4,14,80,40,6,34,118,2,8,6,0.161,0.277,0.347,0.624,-0.34,3533036.0,NL,"['CIN', 'NYY']","['AL', 'NL']",[2023],188,496,0,100,Active,0
994478,Travis Blankenhorn,WSH,3B,27,10,31,2,5,0,0,1,1,0,0,6,6,0,0,0,0.161,0.297,0.258,0.554,-0.1,3881438.0,NL,['WSH'],['NL'],[2023],11,26,0,100,Active,0
608579,Oscar Mercado,STL,OF,28,20,31,3,9,3,0,0,5,2,1,1,4,0,0,0,0.29,0.312,0.387,0.699,0.0,720000.0,NL,['STL'],['NL'],[2023],10,22,0,100,Active,0
940426,Ji-Man Choi,SD,1B,32,39,104,12,17,5,0,6,13,0,0,10,35,0,2,1,0.065,0.243,0.384,0.627,0.0,720000.0,NL,"['PIT', 'SD']",['NL'],[2023],28,88,0,100,Active,0
600227,Jasson Dominguez,NYY,OF,20,8,31,6,8,1,0,4,7,1,0,2,8,0,0,0,0.258,0.303,0.677,0.98,0.0,720000.0,AL,['NYY'],['AL'],[2023],10,23,0,100,Active,0
951324,Jose Tena,CLE,SS,22,18,31,2,7,2,0,0,3,0,0,3,13,0,0,0,0.226,0.294,0.29,0.584,0.0,720000.0,AL,['CLE'],['AL'],[2023],10,24,0,100,Active,0
71831,Jordan Lawlar,ARI,SS,21,14,31,2,4,0,0,0,0,1,1,2,11,0,0,1,0.129,0.205,0.129,0.333,-0.15,3808855.0,AL,['ARI'],['AL'],[2023],7,28,0,100,Active,0
952756,Logan Porter,KC,C,28,11,31,4,6,1,0,1,3,0,0,5,11,1,0,1,0.194,0.324,0.322,0.646,-0.01,4012089.0,AL,['KC'],['AL'],[2023],12,26,0,100,Active,0
885701,Heston Kjerstad,BAL,1B,24,13,30,3,7,1,0,2,3,0,0,2,10,0,0,0,0.233,0.281,0.466,0.747,0.04,4084673.0,AL,['BAL'],['AL'],[2023],9,23,0,100,Active,0
494400,Kolten Wong,LAD,2B,33,174,448,50,82,12,0,8,54,6,4,36,106,0,6,10,0.3,0.259,0.263,0.522,0.39,4592759.0,AL,"['SEA', 'LAD']",['AL'],[2023],128,376,0,100,Active,0
243371,Kyle Stowers,BAL,OF,25,14,30,1,2,0,0,0,0,0,0,3,12,0,0,0,0.067,0.151,0.066,0.217,-0.3,722200.0,AL,['BAL'],['AL'],[2023],5,28,0,100,Active,0
567680,Rodolfo Castro,PHI,2B,24,184,454,42,96,14,0,12,48,2,8,46,148,0,2,10,0.1,0.298,0.321,0.619,-0.06,725000.0,NL,"['PIT', 'PHI']",['NL'],[2023],152,368,0,100,Active,0
638323,Nelson Velazquez,CHC,OF,24,53,162,35,38,6,0,17,34,0,0,14,51,0,1,2,0.241,0.303,0.586,0.889,0.0,720000.0,NL,"['CHC', 'KC']","['AL', 'NL']",[2023],54,126,0,100,Active,0
208871,Jon Singleton,MIL,1B,32,72,182,22,30,6,0,4,24,0,0,26,46,0,2,0,0.103,0.269,0.263,0.532,-0.42,3416902.0,NL,"['MIL', 'HOU']","['AL', 'NL']",[2023],56,152,0,100,Active,0
573776,Kyle Garlick,MIN,OF,31,14,28,2,5,1,0,2,4,0,0,2,11,0,0,0,0.179,0.233,0.428,0.661,-0.11,750000.0,AL,['MIN'],['AL'],[2023],7,23,0,100,Active,0
675050,Edwin Rios,CHC,1B,29,18,28,3,2,1,0,1,2,0,0,5,16,0,0,1,0.071,0.235,0.214,0.448,-0.3,1000000.0,NL,['CHC'],['NL'],[2023],8,27,0,100,Active,0
663886,Drew Millas,WSH,C,25,11,28,1,8,2,0,1,6,0,0,4,5,1,0,0,0.286,0.375,0.464,0.839,0.18,4287907.0,NL,['WSH'],['NL'],[2023],12,20,0,100,Active,0
396334,Nathan Lukes,TOR,OF,29,29,26,4,5,1,1,0,2,0,0,4,9,0,1,0,0.192,0.3,0.307,0.607,-0.06,3939505.0,AL,['TOR'],['AL'],[2023],9,21,0,100,Active,0
621922,Bligh Madris,HOU,OF,27,12,26,4,4,1,0,0,0,0,0,4,7,0,0,0,0.154,0.266,0.192,0.458,-0.31,3576587.0,AL,['HOU'],['AL'],[2023],8,22,0,100,Active,0
101521,Chris Owings,PIT,2B,32,11,25,0,4,0,0,0,0,0,0,0,12,0,0,0,0.16,0.16,0.16,0.32,-0.32,720000.0,NL,['PIT'],['NL'],[2023],4,21,0,100,Active,0
619033,Austin Hedges,TEX,C,31,164,370,28,68,10,0,2,32,2,0,22,94,20,6,4,0.208,0.237,0.227,0.463,-0.97,5000000.0,AL,"['PIT', 'TEX']","['AL', 'NL']",[2023],94,306,0,100,Active,0
805827,Darin Ruf,SF,OF,37,40,98,6,22,6,0,0,6,0,0,16,32,0,0,0,0.261,0.333,0.285,0.618,-0.2,3000000.0,NL,"['SF', 'MIL']",['NL'],[2023],38,76,0,100,Active,0
867729,Jorge Alfaro,BOS,C,30,36,96,4,14,8,0,2,8,0,0,4,30,0,0,4,0.118,0.211,0.291,0.502,-0.39,3460453.0,AL,"['COL', 'BOS']","['AL', 'NL']",[2023],22,86,0,100,Active,0
324745,Alfonso Rivas,SD,1B,27,96,218,16,50,20,2,6,30,2,0,18,72,2,2,6,0.2,0.305,0.422,0.727,0.34,4520175.0,NL,"['PIT', 'SD']",['NL'],[2023],74,174,0,100,Active,0
670814,Jordan Luplow,TOR,OF,30,78,154,22,32,6,0,4,10,4,0,24,54,0,0,2,0.214,0.322,0.324,0.646,0.06,4113706.0,AL,"['TOR', 'MIN']",['AL'],[2023],58,124,0,100,Active,0
16878,Seby Zavala,ARI,C,30,146,350,34,60,8,0,14,36,2,0,24,140,4,4,4,0.357,0.232,0.314,0.546,0.09,4157257.0,AL,"['ARI', 'CWS']",['AL'],[2023],88,294,0,100,Active,0
302715,Eric Haase,CLE,C,30,178,548,44,110,16,2,8,52,8,2,34,162,2,2,0,0.2,0.247,0.281,0.528,-0.88,740100.0,AL,"['DET', 'CLE']",['AL'],[2023],144,438,0,100,Active,0
603021,Mark Mathias,SF,DH,29,54,124,12,28,4,0,0,12,6,0,20,30,0,0,0,0.2,0.333,0.258,0.591,-0.19,3750788.0,NL,"['PIT', 'SF']",['NL'],[2023],48,96,0,100,Active,0
842285,Luke Williams,ATL,OF,27,22,38,2,2,0,0,0,0,8,0,0,14,0,0,0,0.0,0.052,0.052,0.104,-0.15,3808855.0,NL,"['ATL', 'LAD']","['AL', 'NL']",[2023],2,36,0,100,Active,0
303443,Tyler Heineman,PIT,C,32,44,76,10,18,2,2,0,6,2,0,16,16,0,0,2,0.111,0.382,0.315,0.697,-0.07,3924989.0,NL,"['PIT', 'TOR']","['AL', 'NL']",[2023],36,60,0,100,Active,0
949089,Raimel Tapia,TB,OF,29,192,444,84,105,12,3,9,39,30,6,51,120,3,3,3,0.333,0.319,0.337,0.656,-0.77,2908816.0,AL,"['TB', 'MIL', 'BOS']","['AL', 'NL']",[2023],159,342,0,100,Active,0
959216,Luis Torrens,SEA,C,27,36,56,2,14,6,0,0,8,0,0,2,18,0,0,2,0.25,0.3,0.357,0.657,-0.12,1200000.0,AL,"['SEA', 'CHC']","['AL', 'NL']",[2023],18,44,0,100,Active,0
572132,AJ Pollock,SF,OF,35,108,266,30,44,8,0,10,30,0,2,18,64,0,4,0,0.0,0.218,0.308,0.526,-0.26,3649170.0,NL,"['SEA', 'SF']","['AL', 'NL']",[2023],62,222,0,100,Active,0
671769,Gary Sanchez,NYM,C,30,75,240,33,52,9,0,19,47,0,0,21,67,0,2,4,0.167,0.29,0.491,0.78,0.0,720000.0,NL,"['NYM', 'SD']",['NL'],[2023],77,192,0,100,Active,0
266444,Matt Beaty,SF,1B,30,60,122,16,28,8,0,0,8,0,0,12,28,0,0,10,0.2,0.347,0.295,0.641,-0.07,1250000.0,NL,"['SF', 'KC']","['AL', 'NL']",[2023],50,104,0,100,Active,0
794021,Austin Wynns,SF,C,32,153,390,33,81,18,0,3,30,3,0,27,117,9,3,6,0.0,0.269,0.276,0.545,-0.21,3721754.0,NL,"['COL', 'SF', 'LAD']","['AL', 'NL']",[2023],114,315,0,100,Active,0
321727,Jake Marisnick,CWS,OF,32,138,228,30,54,9,6,6,30,6,9,9,63,3,3,6,0.0,0.283,0.407,0.69,0.03,4070156.0,AL,"['LAD', 'DET', 'CWS']",['AL'],[2023],69,180,0,100,Active,0
