Hashcode,Player,Team,Age,G,GS,CG,SHO,IP,H,ER,K,BB,HR,W,L,SV,BS,HLD,ERA,WHIP,League,Teams,Leagues,AB,2B,3B,HBP,Season,OBP,Total_OB,Total_Outs,AVG_faced,Game_Fatigue_Factor,Condition,Status,Injured Days
90910,Seth Lugo,KC,34,9,9,0,0,59.2,45,11,48,12,5,6,1,0,0,0,1.66,0.96,AL,['KC'],['AL'],222.60000000000002,0,0,0,[2024],0.24242424242424243,57,177.60000000000002,26.06666666666667,0,100,Active,0
760919,Tyler Glasnow,LAD,30,9,9,0,0,57.0,34,16,73,15,5,6,1,0,0,0,2.53,0.86,AL,['LAD'],['AL'],205.0,0,0,0,[2024],0.2227979274611399,49,171.0,24.444444444444443,0,100,Active,0
775073,Mitch Keller,PIT,28,9,9,1,0,55.0,57,24,51,16,6,4,3,0,0,0,3.93,1.33,NL,['PIT'],['NL'],222.0,0,0,0,[2024],0.3071593533487298,73,165.0,26.444444444444443,0,100,Active,0
34843,Luis Castillo,SEA,31,9,9,0,0,54.1,50,20,64,11,7,4,5,0,0,0,3.31,1.12,AL,['SEA'],['AL'],212.3,0,0,0,[2024],0.2718446601941748,61,162.3,24.811111111111114,0,100,Active,0
371859,Jose Berrios,TOR,29,9,9,1,0,54.1,41,17,42,16,8,4,3,0,0,0,2.82,1.05,AL,['TOR'],['AL'],203.3,0,0,0,[2024],0.2592592592592593,57,162.3,24.366666666666667,0,100,Active,0
736184,Ranger Suarez,PHI,28,8,8,1,1,54.0,31,9,55,8,4,7,0,0,0,0,1.5,0.72,NL,['PHI'],['NL'],193.0,0,0,0,[2024],0.1935483870967742,39,162.0,25.125,0,100,Active,0
438860,Nestor Cortes,NYY,29,9,9,0,0,53.2,47,24,51,11,7,1,4,0,0,0,4.02,1.08,AL,['NYY'],['AL'],206.60000000000002,0,0,0,[2024],0.2647058823529412,58,159.60000000000002,24.17777777777778,0,100,Active,0
797557,Corbin Burnes,BAL,29,9,9,0,0,53.2,40,16,49,14,6,3,2,0,0,0,2.68,1.01,AL,['BAL'],['AL'],199.60000000000002,0,0,0,[2024],0.2518703241895262,54,159.60000000000002,23.733333333333334,0,100,Active,0
136721,Logan Webb,SF,27,9,9,0,0,53.1,60,20,42,14,2,3,4,0,0,0,3.38,1.39,NL,['SF'],['NL'],219.3,0,0,0,[2024],0.31662870159453305,74,159.3,25.922222222222224,0,100,Active,0
545462,Zack Wheeler,PHI,33,9,9,0,0,53.1,37,15,65,16,4,4,3,0,0,0,2.53,0.99,NL,['PHI'],['NL'],196.3,0,0,0,[2024],0.24812030075187969,53,159.3,23.58888888888889,0,100,Active,0
434018,Zach Eflin,TB,30,9,9,0,0,53.0,56,23,41,4,8,3,4,0,0,0,3.91,1.13,AL,['TB'],['AL'],215.0,0,0,0,[2024],0.27360774818401934,60,159.0,24.333333333333332,0,100,Active,0
516876,Tanner Houck,BOS,27,8,8,1,1,52.1,43,13,50,8,1,3,4,0,0,0,2.24,0.97,AL,['BOS'],['AL'],199.3,0,0,0,[2024],0.2443324937027708,51,156.3,25.9125,0,100,Active,0
901895,Kutter Crawford,BOS,28,9,9,0,0,52.1,42,13,52,16,2,2,2,0,0,0,2.24,1.11,AL,['BOS'],['AL'],198.3,0,0,0,[2024],0.27007299270072993,58,156.3,23.811111111111114,0,100,Active,0
289666,Logan Gilbert,SEA,27,8,8,0,0,52.0,34,17,54,15,6,3,1,0,0,0,2.94,0.94,AL,['SEA'],['AL'],190.0,0,0,0,[2024],0.23857868020304568,49,156.0,25.625,0,100,Active,0
538888,Brady Singer,KC,27,9,9,0,0,50.2,40,16,52,16,5,3,2,0,0,0,2.84,1.11,AL,['KC'],['AL'],190.60000000000002,0,0,0,[2024],0.27007299270072993,56,150.60000000000002,22.95555555555556,0,100,Active,0
746697,George Kirby,SEA,26,9,9,0,0,50.1,43,20,51,5,5,4,3,0,0,0,3.58,0.95,AL,['SEA'],['AL'],193.3,0,0,0,[2024],0.24050632911392403,48,150.3,22.033333333333335,0,100,Active,0
596504,Kyle Harrison,SF,22,9,9,0,0,50.0,46,19,45,17,5,3,1,0,0,0,3.42,1.26,NL,['SF'],['NL'],196.0,0,0,0,[2024],0.29577464788732394,63,150.0,23.666666666666668,0,100,Active,0
33836,Dylan Cease,SD,28,8,8,0,0,49.1,21,12,60,16,2,5,2,0,0,0,2.19,0.75,NL,['SD'],['NL'],168.3,0,0,0,[2024],0.2,37,147.3,23.0375,0,100,Active,0
791339,Tyler Anderson,LAA,34,8,8,0,0,49.1,37,16,36,19,6,3,4,0,0,0,2.92,1.14,AL,['LAA'],['AL'],184.3,0,0,0,[2024],0.2753623188405797,56,147.3,25.4125,0,100,Active,0
373835,Aaron Nola,PHI,30,8,8,0,0,49.0,44,20,47,15,7,4,2,0,0,0,3.67,1.2,NL,['PHI'],['NL'],191.0,0,0,0,[2024],0.2857142857142857,59,147.0,25.75,0,100,Active,0
776566,Kyle Gibson,STL,36,8,8,0,0,49.0,39,20,40,20,6,2,2,0,0,0,3.67,1.2,NL,['STL'],['NL'],186.0,0,0,0,[2024],0.2857142857142857,59,147.0,25.75,0,100,Active,0
647080,Tarik Skubal,DET,27,8,8,0,0,49.0,34,11,60,8,3,5,0,0,0,0,2.02,0.86,AL,['DET'],['AL'],181.0,0,0,0,[2024],0.2227979274611399,42,147.0,23.625,0,100,Active,0
573650,Cole Ragans,KC,26,9,9,1,0,49.0,47,23,57,16,3,2,3,0,0,0,4.22,1.29,AL,['KC'],['AL'],194.0,0,0,0,[2024],0.30069930069930073,63,147.0,23.333333333333332,0,100,Active,0
128864,Michael King,SD,28,9,8,0,0,49.0,40,20,54,24,10,3,3,0,0,0,3.67,1.31,NL,['SD'],['NL'],187.0,0,0,0,[2024],0.3039443155452436,64,147.0,23.444444444444443,0,100,Active,0
137548,Jack Flaherty,DET,28,8,8,0,0,48.2,45,21,63,6,7,0,3,0,0,0,3.88,1.05,AL,['DET'],['AL'],189.60000000000002,0,0,0,[2024],0.2592592592592593,51,144.60000000000002,24.450000000000003,0,100,Active,0
805468,Miles Mikolas,STL,35,9,9,0,0,48.0,61,33,35,10,8,3,5,0,0,0,6.19,1.48,NL,['STL'],['NL'],205.0,0,0,0,[2024],0.33035714285714285,71,144.0,23.88888888888889,0,100,Active,0
1013156,Jordan Hicks,SF,27,9,9,0,0,48.0,39,13,39,16,2,3,1,0,0,0,2.44,1.15,NL,['SF'],['NL'],183.0,0,0,0,[2024],0.2771084337349397,55,144.0,22.11111111111111,0,100,Active,0
229769,Yoshinobu Yamamoto,LAD,25,9,9,0,0,47.2,39,17,53,10,6,4,1,0,0,0,3.21,1.03,AL,['LAD'],['AL'],180.60000000000002,0,0,0,[2024],0.25558312655086846,49,141.60000000000002,21.17777777777778,0,100,Active,0
395108,Yusei Kikuchi,TOR,32,8,8,0,0,47.2,41,14,46,9,3,2,3,0,0,0,2.64,1.05,AL,['TOR'],['AL'],182.60000000000002,0,0,0,[2024],0.2592592592592593,50,141.60000000000002,23.950000000000003,0,100,Active,0
431084,Joe Ryan,MIN,27,8,8,0,0,47.2,41,17,53,6,6,2,2,0,0,0,3.21,0.99,AL,['MIN'],['AL'],182.60000000000002,0,0,0,[2024],0.24812030075187969,47,141.60000000000002,23.575000000000003,0,100,Active,0
754484,Bryce Miller,SEA,25,8,8,0,0,47.1,30,14,51,15,7,3,3,0,0,0,2.66,0.95,AL,['SEA'],['AL'],171.3,0,0,0,[2024],0.24050632911392403,45,141.3,23.2875,0,100,Active,0
278651,Jared Jones,PIT,22,8,8,0,0,47.0,34,14,56,7,8,2,4,0,0,0,2.68,0.87,NL,['PIT'],['NL'],175.0,0,0,0,[2024],0.22480620155038758,41,141.0,22.75,0,100,Active,0
650467,Brandon Pfaadt,ARI,25,8,8,0,0,47.0,48,24,42,8,5,1,3,0,0,0,4.6,1.19,AL,['ARI'],['AL'],189.0,0,0,0,[2024],0.2840095465393795,56,141.0,24.625,0,100,Active,0
670077,Ross Stripling,OAK,34,9,9,0,0,47.0,60,26,30,12,5,1,7,0,0,0,4.98,1.53,AL,['OAK'],['AL'],201.0,0,0,0,[2024],0.33774834437086093,72,141.0,23.666666666666668,0,100,Active,0
236342,Garrett Crochet,CWS,24,9,9,0,0,46.2,37,24,64,9,8,3,4,0,0,0,4.63,0.99,AL,['CWS'],['AL'],175.60000000000002,0,0,0,[2024],0.24812030075187969,46,138.60000000000002,20.511111111111113,0,100,Active,0
830319,Shota Imanaga,CHC,30,8,8,0,0,46.2,36,5,51,8,3,5,0,0,0,0,0.96,0.94,NL,['CHC'],['NL'],174.60000000000002,0,0,0,[2024],0.23857868020304568,44,138.60000000000002,22.825000000000003,0,100,Active,0
842560,Dean Kremer,BAL,28,8,8,0,0,46.0,32,19,47,15,9,3,3,0,0,0,3.72,1.02,AL,['BAL'],['AL'],170.0,0,0,0,[2024],0.2537313432835821,47,138.0,23.125,0,100,Active,0
449154,Paul Blackburn,OAK,30,8,8,0,0,46.0,40,21,36,13,6,3,2,0,0,0,4.11,1.15,AL,['OAK'],['AL'],178.0,0,0,0,[2024],0.2771084337349397,53,138.0,23.875,0,100,Active,0
476246,Cal Quantrill,COL,29,8,8,0,0,45.2,42,20,31,17,7,2,3,0,0,0,3.94,1.29,NL,['COL'],['NL'],177.60000000000002,0,0,0,[2024],0.30069930069930073,59,135.60000000000002,24.325000000000003,0,100,Active,0
24428,Jon Gray,TEX,32,9,8,0,0,45.2,43,12,49,12,2,1,1,0,0,0,2.36,1.2,AL,['TEX'],['AL'],178.60000000000002,0,0,0,[2024],0.2857142857142857,55,135.60000000000002,21.17777777777778,0,100,Active,0
645384,Jake Irvin,WSH,27,8,8,0,0,45.2,42,18,36,8,4,2,3,0,0,0,3.55,1.09,NL,['WSH'],['NL'],177.60000000000002,0,0,0,[2024],0.2665036674816626,50,135.60000000000002,23.200000000000003,0,100,Active,0
743066,Tanner Bibee,CLE,25,9,9,0,0,45.2,45,22,48,15,6,2,1,0,0,0,4.34,1.31,AL,['CLE'],['AL'],180.60000000000002,0,0,0,[2024],0.3039443155452436,60,135.60000000000002,21.733333333333334,0,100,Active,0
923977,Reid Detmers,LAA,24,8,8,0,0,45.1,42,25,49,16,7,3,4,0,0,0,4.96,1.28,AL,['LAA'],['AL'],177.3,0,0,0,[2024],0.29906542056074764,58,135.3,24.1625,0,100,Active,0
658602,Hunter Greene,CIN,24,8,8,0,0,45.1,35,17,53,21,3,1,2,0,0,0,3.38,1.24,NL,['CIN'],['NL'],170.3,0,0,0,[2024],0.29245283018867924,56,135.3,23.9125,0,100,Active,0
860988,Max Fried,ATL,30,8,8,1,1,45.1,30,18,37,17,4,3,1,0,0,0,3.57,1.04,NL,['ATL'],['NL'],165.3,0,0,0,[2024],0.25742574257425743,47,135.3,22.7875,0,100,Active,0
626858,Luis Severino,NYM,30,8,8,0,0,45.0,34,15,41,20,3,2,2,0,0,0,3.0,1.2,NL,['NYM'],['NL'],169.0,0,0,0,[2024],0.2857142857142857,54,135.0,23.625,0,100,Active,0
169164,Erick Fedde,CWS,31,8,8,0,0,45.0,38,15,44,14,7,3,0,0,0,0,3.0,1.16,AL,['CWS'],['AL'],173.0,0,0,0,[2024],0.2788461538461538,52,135.0,23.375,0,100,Active,0
863629,Martin Perez,PIT,33,8,8,0,0,45.0,50,18,36,13,3,1,2,0,0,0,3.6,1.4,NL,['PIT'],['NL'],185.0,0,0,0,[2024],0.3181818181818181,63,135.0,24.75,0,100,Active,0
467055,Ryan Feltner,COL,27,8,8,0,0,45.0,52,26,40,12,5,1,3,0,0,0,5.2,1.42,NL,['COL'],['NL'],187.0,0,0,0,[2024],0.3212669683257918,64,135.0,24.875,0,100,Active,0
597403,Patrick Sandoval,LAA,27,9,9,0,0,45.0,52,25,48,17,2,2,6,0,0,0,5.0,1.53,AL,['LAA'],['AL'],187.0,0,0,0,[2024],0.33774834437086093,69,135.0,22.666666666666668,0,100,Active,0
11730,JP Sears,OAK,28,8,8,0,0,45.0,38,21,33,13,7,3,2,0,0,0,4.2,1.13,AL,['OAK'],['AL'],173.0,0,0,0,[2024],0.27360774818401934,51,135.0,23.25,0,100,Active,0
288650,Freddy Peralta,MIL,27,8,8,0,0,44.2,31,18,58,16,4,3,1,0,0,0,3.63,1.05,NL,['MIL'],['NL'],163.60000000000002,0,0,0,[2024],0.2592592592592593,47,132.60000000000002,22.450000000000003,0,100,Active,0
364796,Zack Littell,TB,28,8,8,0,0,44.2,50,15,45,7,3,2,2,0,0,0,3.02,1.28,AL,['TB'],['AL'],182.60000000000002,0,0,0,[2024],0.29906542056074764,57,132.60000000000002,23.700000000000003,0,100,Active,0
227809,Austin Gomber,COL,30,8,8,0,0,44.2,41,17,30,15,8,0,2,0,0,0,3.43,1.25,NL,['COL'],['NL'],173.60000000000002,0,0,0,[2024],0.29411764705882354,56,132.60000000000002,23.575000000000003,0,100,Active,0
92217,Colin Rea,MIL,33,8,8,0,0,44.1,43,17,30,13,6,3,1,0,0,0,3.45,1.26,NL,['MIL'],['NL'],175.3,0,0,0,[2024],0.29577464788732394,56,132.3,23.5375,0,100,Active,0
942764,Ronel Blanco,HOU,30,7,7,1,1,44.1,25,11,41,20,5,4,0,0,0,0,2.23,1.02,AL,['HOU'],['AL'],157.3,0,0,0,[2024],0.2537313432835821,45,132.3,25.32857142857143,0,100,Active,0
136930,Zac Gallen,ARI,28,8,8,0,0,44.0,35,14,45,14,5,5,2,0,0,0,2.86,1.11,AL,['ARI'],['AL'],167.0,0,0,0,[2024],0.27007299270072993,49,132.0,22.625,0,100,Active,0
496167,Pablo Lopez,MIN,28,8,8,0,0,44.0,35,19,55,8,6,4,2,0,0,0,3.89,0.98,AL,['MIN'],['AL'],167.0,0,0,0,[2024],0.24623115577889446,43,132.0,21.875,0,100,Active,0
10250,Michael Wacha,KC,32,8,8,0,0,43.2,48,25,37,15,4,2,4,0,0,0,5.15,1.44,AL,['KC'],['AL'],177.60000000000002,0,0,0,[2024],0.32432432432432434,63,129.60000000000002,24.075000000000003,0,100,Active,0
364129,Graham Ashcraft,CIN,26,8,8,0,0,43.2,48,20,35,15,7,3,2,0,0,0,4.12,1.44,NL,['CIN'],['NL'],177.60000000000002,0,0,0,[2024],0.32432432432432434,63,129.60000000000002,24.075000000000003,0,100,Active,0
213916,Michael Soroka,CWS,26,9,9,0,0,43.2,42,31,24,24,10,0,5,0,0,0,6.39,1.51,AL,['CWS'],['AL'],171.60000000000002,0,0,0,[2024],0.3348115299334812,66,129.60000000000002,21.733333333333334,0,100,Active,0
932314,Bailey Falter,PIT,27,8,8,0,0,43.1,34,20,27,11,8,2,2,0,0,0,4.15,1.04,NL,['PIT'],['NL'],163.3,0,0,0,[2024],0.25742574257425743,45,129.3,21.7875,0,100,Active,0
27988,Luis Gil,NYY,25,8,8,0,0,43.0,21,12,48,26,3,4,1,0,0,0,2.51,1.09,AL,['NYY'],['AL'],150.0,0,0,0,[2024],0.2665036674816626,47,129.0,22.0,0,100,Active,0
34400,Bailey Ober,MIN,28,8,8,0,0,43.0,30,18,45,8,5,4,1,0,0,0,3.77,0.88,AL,['MIN'],['AL'],159.0,0,0,0,[2024],0.2268041237113402,38,129.0,20.875,0,100,Active,0
478133,Andrew Abbott,CIN,24,8,8,0,0,43.0,39,16,37,12,8,2,4,0,0,0,3.35,1.19,NL,['CIN'],['NL'],168.0,0,0,0,[2024],0.2840095465393795,51,129.0,22.5,0,100,Active,0
223301,Carlos Rodon,NYY,31,8,8,0,0,43.0,40,17,43,14,7,3,2,0,0,0,3.56,1.26,AL,['NYY'],['AL'],169.0,0,0,0,[2024],0.29577464788732394,54,129.0,22.875,0,100,Active,0
635568,Charlie Morton,ATL,40,7,7,0,0,43.0,31,15,40,14,4,3,0,0,0,0,3.14,1.05,NL,['ATL'],['NL'],160.0,0,0,0,[2024],0.2592592592592593,45,129.0,24.857142857142858,0,100,Active,0
587950,Chris Sale,ATL,35,7,7,0,0,42.2,34,14,52,8,4,5,1,0,0,0,2.95,0.98,NL,['ATL'],['NL'],160.60000000000002,0,0,0,[2024],0.24623115577889446,42,126.60000000000001,24.08571428571429,0,100,Active,0
935443,Patrick Corbin,WSH,34,8,8,0,0,42.2,60,28,29,16,4,1,3,0,0,0,5.91,1.78,NL,['WSH'],['NL'],186.60000000000002,0,0,0,[2024],0.3723849372384937,76,126.60000000000001,25.325000000000003,0,100,Active,0
703341,Marcus Stroman,NYY,33,8,8,0,0,42.2,42,18,40,22,7,2,2,0,0,0,3.8,1.5,AL,['NYY'],['AL'],168.60000000000002,0,0,0,[2024],0.3333333333333333,64,126.60000000000001,23.825000000000003,0,100,Active,0
56123,Chris Bassitt,TOR,35,8,8,0,0,42.2,46,24,40,20,6,3,5,0,0,0,5.06,1.55,AL,['TOR'],['AL'],172.60000000000002,0,0,0,[2024],0.34065934065934067,66,126.60000000000001,24.075000000000003,0,100,Active,0
650796,Clarke Schmidt,NYY,28,8,8,0,0,42.2,39,14,47,15,5,4,1,0,0,0,2.95,1.27,AL,['NYY'],['AL'],165.60000000000002,0,0,0,[2024],0.29742388758782207,54,126.60000000000001,22.575000000000003,0,100,Active,0
375611,Javier Assad,CHC,26,8,8,0,0,42.1,31,8,35,14,2,3,0,0,0,0,1.7,1.06,NL,['CHC'],['NL'],157.3,0,0,0,[2024],0.2610837438423645,45,126.30000000000001,21.4125,0,100,Active,0
468773,Cristopher Sanchez,PHI,27,8,8,0,0,42.0,45,16,39,18,1,2,3,0,0,0,3.43,1.5,NL,['PHI'],['NL'],171.0,0,0,0,[2024],0.3333333333333333,63,126.0,23.625,0,100,Active,0
381557,Ryan Weathers,MIA,24,8,8,0,0,41.2,39,21,34,16,6,2,4,0,0,0,4.54,1.32,NL,['MIA'],['NL'],162.60000000000002,0,0,0,[2024],0.3055555555555555,55,123.60000000000001,22.325000000000003,0,100,Active,0
805351,Aaron Civale,TB,28,8,8,0,0,41.1,44,27,43,12,8,2,3,0,0,0,5.88,1.35,AL,['TB'],['AL'],167.3,0,0,0,[2024],0.31034482758620696,56,123.30000000000001,22.4125,0,100,Active,0
207282,Sean Manaea,NYM,32,8,8,0,0,41.1,34,14,37,20,1,2,1,0,0,0,3.05,1.31,NL,['NYM'],['NL'],157.3,0,0,0,[2024],0.3039443155452436,54,123.30000000000001,22.1625,0,100,Active,0
111891,Jose Quintana,NYM,35,8,8,0,0,41.1,46,25,28,18,6,1,4,0,0,0,5.44,1.55,NL,['NYM'],['NL'],169.3,0,0,0,[2024],0.34065934065934067,64,123.30000000000001,23.4125,0,100,Active,0
859320,Nathan Eovaldi,TEX,34,7,7,0,0,41.1,29,12,44,19,3,2,2,0,0,0,2.61,1.16,AL,['TEX'],['AL'],152.3,0,0,0,[2024],0.2788461538461538,48,123.30000000000001,24.47142857142857,0,100,Active,0
826126,Andrew Heaney,TEX,32,8,8,0,0,41.0,39,20,39,9,6,0,4,0,0,0,4.39,1.17,AL,['TEX'],['AL'],162.0,0,0,0,[2024],0.2805755395683453,48,123.0,21.375,0,100,Active,0
869081,Joe Musgrove,SD,31,8,8,0,0,41.0,49,29,36,13,10,3,3,0,0,0,6.37,1.51,NL,['SD'],['NL'],172.0,0,0,0,[2024],0.3348115299334812,62,123.0,23.125,0,100,Active,0
140609,Yu Darvish,SD,37,8,8,0,0,40.2,28,11,37,12,2,3,1,0,0,0,2.43,0.98,NL,['SD'],['NL'],148.60000000000002,0,0,0,[2024],0.24623115577889446,40,120.60000000000001,20.075000000000003,0,100,Active,0
913407,Griffin Canning,LAA,28,8,8,0,0,40.2,40,26,29,15,6,1,4,0,0,0,5.75,1.35,AL,['LAA'],['AL'],160.60000000000002,0,0,0,[2024],0.31034482758620696,55,120.60000000000001,21.950000000000003,0,100,Active,0
277543,Triston McKenzie,CLE,26,8,8,0,0,40.2,32,16,35,24,5,2,3,0,0,0,3.54,1.38,AL,['CLE'],['AL'],152.60000000000002,0,0,0,[2024],0.3150684931506849,56,120.60000000000001,22.075000000000003,0,100,Active,0
292168,Reynaldo Lopez,ATL,30,7,7,0,0,40.1,28,6,40,16,2,2,1,0,0,0,1.34,1.09,NL,['ATL'],['NL'],148.3,0,0,0,[2024],0.2665036674816626,44,120.30000000000001,23.47142857142857,0,100,Active,0
341066,Cole Irvin,BAL,30,7,7,0,0,40.1,35,13,28,8,3,4,1,0,0,0,2.9,1.07,AL,['BAL'],['AL'],155.3,0,0,0,[2024],0.2628992628992629,43,120.30000000000001,23.32857142857143,0,100,Active,0
171609,Carlos Carrasco,CLE,37,8,8,0,0,40.1,43,24,31,17,7,2,3,0,0,0,5.36,1.49,AL,['CLE'],['AL'],163.3,0,0,0,[2024],0.33184855233853006,60,120.30000000000001,22.5375,0,100,Active,0
536494,Lance Lynn,STL,37,8,8,0,0,40.1,39,17,38,18,5,1,1,0,0,0,3.79,1.41,NL,['STL'],['NL'],159.3,0,0,0,[2024],0.31972789115646255,57,120.30000000000001,22.1625,0,100,Active,0
326143,MacKenzie Gore,WSH,25,8,8,0,0,40.0,45,15,51,13,3,2,4,0,0,0,3.38,1.45,NL,['WSH'],['NL'],165.0,0,0,0,[2024],0.32584269662921345,58,120.0,22.25,0,100,Active,0
476478,Tyler Alexander,TB,29,8,5,0,0,39.2,42,24,33,12,9,1,2,0,0,0,5.45,1.36,AL,['TB'],['AL'],159.60000000000002,0,0,0,[2024],0.3119266055045872,54,117.60000000000001,21.450000000000003,0,100,Active,0
931932,Dakota Hudson,COL,29,8,8,0,0,39.2,42,27,23,25,5,1,6,0,0,0,6.13,1.69,NL,['COL'],['NL'],159.60000000000002,0,0,0,[2024],0.36034115138592754,67,117.60000000000001,23.075000000000003,0,100,Active,0
369185,Alex Wood,OAK,33,9,9,0,0,39.1,51,23,33,19,6,1,3,0,0,0,5.26,1.78,AL,['OAK'],['AL'],168.3,0,0,0,[2024],0.3723849372384937,70,117.30000000000001,20.811111111111114,0,100,Active,0
229926,Reese Olson,DET,24,7,7,0,0,39.1,29,11,35,15,0,0,4,0,0,0,2.52,1.12,AL,['DET'],['AL'],146.3,0,0,0,[2024],0.2718446601941748,44,117.30000000000001,23.042857142857144,0,100,Active,0
912857,Matt Waldron,SD,27,8,8,0,0,39.1,42,24,35,15,6,1,5,0,0,0,5.49,1.45,NL,['SD'],['NL'],159.3,0,0,0,[2024],0.32584269662921345,57,117.30000000000001,21.7875,0,100,Active,0
743895,Jose Soriano,LAA,25,9,7,0,0,38.2,30,16,38,20,3,1,4,0,0,1,3.72,1.29,AL,['LAA'],['AL'],144.60000000000002,0,0,0,[2024],0.30069930069930073,50,114.60000000000001,18.28888888888889,0,100,Active,0
573415,Keaton Winn,SF,26,8,8,0,0,38.1,35,24,29,12,4,3,5,0,0,0,5.63,1.23,NL,['SF'],['NL'],149.3,0,0,0,[2024],0.2907801418439716,47,114.30000000000001,20.1625,0,100,Active,0
199805,James Paxton,LAD,35,7,7,0,0,38.1,30,11,22,24,3,5,0,0,0,0,2.58,1.41,AL,['LAD'],['AL'],144.3,0,0,0,[2024],0.31972789115646255,54,114.30000000000001,24.042857142857144,0,100,Active,0
525392,Gavin Stone,LAD,25,7,7,0,0,38.0,35,15,27,13,3,3,1,0,0,0,3.55,1.26,AL,['LAD'],['AL'],149.0,0,0,0,[2024],0.29577464788732394,48,114.0,23.142857142857142,0,100,Active,0
939752,Casey Mize,DET,27,7,7,0,0,37.2,40,15,26,9,3,1,1,0,0,0,3.58,1.3,AL,['DET'],['AL'],151.60000000000002,0,0,0,[2024],0.3023255813953489,49,111.60000000000001,22.942857142857147,0,100,Active,0
321158,Chris Paddack,MIN,28,7,7,0,0,37.1,48,18,37,8,6,4,1,0,0,0,4.34,1.5,AL,['MIN'],['AL'],159.3,0,0,0,[2024],0.3333333333333333,56,111.30000000000001,23.900000000000002,0,100,Active,0
404355,Dane Dunning,TEX,29,7,7,0,0,37.1,26,17,43,17,7,3,2,0,0,0,4.1,1.15,AL,['TEX'],['AL'],137.3,0,0,0,[2024],0.2771084337349397,43,111.30000000000001,22.042857142857144,0,100,Active,0
586843,Trevor Rogers,MIA,26,8,8,0,0,37.0,52,27,31,17,5,0,6,0,0,0,6.57,1.86,NL,['MIA'],['NL'],163.0,0,0,0,[2024],0.38271604938271603,69,111.0,22.5,0,100,Active,0
590185,Ryan Pepiot,TB,26,7,7,0,0,36.2,23,15,41,11,5,3,2,0,0,0,3.68,0.93,AL,['TB'],['AL'],131.60000000000002,0,0,0,[2024],0.2366412213740458,34,108.60000000000001,20.371428571428574,0,100,Active,0
796191,Trevor Williams,WSH,32,7,7,0,0,36.2,27,8,30,12,0,4,0,0,0,0,1.96,1.06,NL,['WSH'],['NL'],135.60000000000002,0,0,0,[2024],0.2610837438423645,39,108.60000000000001,21.08571428571429,0,100,Active,0
336996,Kevin Gausman,TOR,33,8,8,0,0,36.1,45,20,37,10,5,2,3,0,0,0,4.95,1.51,AL,['TOR'],['AL'],153.3,0,0,0,[2024],0.3348115299334812,55,108.30000000000001,20.4125,0,100,Active,0
1002258,Michael Lorenzen,TEX,32,6,6,0,0,36.0,26,15,27,18,5,2,2,0,0,0,3.75,1.22,AL,['TEX'],['AL'],134.0,0,0,0,[2024],0.2890995260663507,44,108.0,25.333333333333332,0,100,Active,0
228293,Joe Ross,MIL,30,7,7,0,0,36.0,39,19,29,14,3,1,4,0,0,0,4.75,1.47,NL,['MIL'],['NL'],147.0,0,0,0,[2024],0.3288590604026846,53,108.0,23.0,0,100,Active,0
279356,Chris Flexen,CWS,29,8,6,0,0,35.2,30,17,25,13,5,2,3,0,0,0,4.29,1.21,AL,['CWS'],['AL'],135.60000000000002,0,0,0,[2024],0.28741092636579574,43,105.60000000000001,18.575000000000003,0,100,Active,0
658650,Spencer Turnbull,PHI,31,8,6,0,0,35.1,18,6,38,11,3,2,0,0,0,0,1.53,0.82,NL,['PHI'],['NL'],123.30000000000001,0,0,0,[2024],0.21465968586387435,29,105.30000000000001,16.7875,0,100,Active,0
813348,Sonny Gray,STL,34,6,6,0,0,35.1,28,9,44,6,4,4,2,0,0,0,2.29,0.96,NL,['STL'],['NL'],133.3,0,0,0,[2024],0.24242424242424243,34,105.30000000000001,23.21666666666667,0,100,Active,0
725755,Nick Lodolo,CIN,26,6,6,0,0,35.0,24,13,43,9,3,3,2,0,0,0,3.34,0.94,NL,['CIN'],['NL'],129.0,0,0,0,[2024],0.23857868020304568,33,105.0,23.0,0,100,Active,0
419862,Emerson Hancock,SEA,24,7,7,0,0,34.1,34,20,23,11,6,3,3,0,0,0,5.24,1.31,AL,['SEA'],['AL'],136.3,0,0,0,[2024],0.3039443155452436,45,102.30000000000001,21.042857142857144,0,100,Active,0
799008,Grayson Rodriguez,BAL,24,6,6,0,0,34.0,36,14,37,12,4,4,1,0,0,0,3.71,1.41,AL,['BAL'],['AL'],138.0,0,0,0,[2024],0.31972789115646255,48,102.0,25.0,0,100,Active,0
993801,Bryse Wilson,MIL,26,11,5,0,0,34.0,23,10,28,15,5,2,1,0,0,0,2.65,1.12,NL,['MIL'],['NL'],125.0,0,0,0,[2024],0.2718446601941748,38,102.0,12.727272727272727,0,100,Active,0
420411,Nick Martinez,CIN,33,9,4,0,0,33.1,40,18,25,5,2,0,2,0,0,1,4.86,1.35,NL,['CIN'],['NL'],139.3,0,0,0,[2024],0.31034482758620696,45,99.30000000000001,16.033333333333335,0,100,Active,0
959042,Jose Butto,NYM,26,6,6,0,0,33.0,21,11,34,17,3,1,2,0,0,0,3.0,1.15,NL,['NYM'],['NL'],120.0,0,0,0,[2024],0.2771084337349397,38,99.0,22.833333333333332,0,100,Active,0
174644,Hunter Brown,HOU,25,8,7,0,0,32.1,47,28,36,18,6,0,4,0,0,0,7.79,2.01,AL,['HOU'],['AL'],143.3,0,0,0,[2024],0.40119760479041916,65,96.30000000000001,20.1625,0,100,Active,0
391470,Jose Urena,TEX,32,12,2,0,0,32.1,28,13,21,12,3,1,3,0,0,0,3.62,1.24,AL,['TEX'],['AL'],124.30000000000001,0,0,0,[2024],0.29245283018867924,40,96.30000000000001,11.358333333333334,0,100,Active,0
724809,Alec Marsh,KC,26,6,6,0,0,32.0,24,9,24,9,2,3,0,0,0,0,2.53,1.03,AL,['KC'],['AL'],120.0,0,0,0,[2024],0.25558312655086846,33,96.0,21.5,0,100,Active,0
306436,Brayan Bello,BOS,24,6,6,0,0,31.2,25,11,27,9,5,4,1,0,0,0,3.13,1.07,AL,['BOS'],['AL'],118.6,0,0,0,[2024],0.2628992628992629,34,93.6,21.266666666666666,0,100,Active,0
126200,Jesus Luzardo,MIA,26,6,6,0,0,31.2,28,21,35,14,5,0,3,0,0,0,5.97,1.33,NL,['MIA'],['NL'],121.6,0,0,0,[2024],0.3071593533487298,42,93.6,22.599999999999998,0,100,Active,0
213084,Ryan Yarbrough,LAD,32,12,0,0,0,31.2,18,9,14,5,3,3,1,1,0,0,2.56,0.73,AL,['LAD'],['AL'],111.6,0,0,0,[2024],0.19571045576407506,23,93.6,9.716666666666667,0,100,Active,0
256206,Ben Brown,CHC,24,9,4,0,0,31.1,26,13,33,12,2,1,1,0,0,1,3.73,1.21,NL,['CHC'],['NL'],119.30000000000001,0,0,0,[2024],0.28741092636579574,38,93.30000000000001,14.58888888888889,0,100,Active,0
569622,Kenta Maeda,DET,36,7,7,0,0,30.2,33,23,23,10,9,1,1,0,0,0,6.75,1.4,AL,['DET'],['AL'],123.6,0,0,0,[2024],0.3181818181818181,43,90.6,19.085714285714285,0,100,Active,0
804740,Adrian Houser,NYM,31,7,6,0,0,30.2,34,26,16,22,2,0,3,0,0,0,7.63,1.83,NL,['NYM'],['NL'],124.6,0,0,0,[2024],0.37888198757763975,56,90.6,20.942857142857143,0,100,Active,0
998429,Frankie Montas,CIN,31,7,7,0,0,30.0,29,14,24,12,4,2,3,0,0,0,4.2,1.37,NL,['CIN'],['NL'],119.0,0,0,0,[2024],0.3135011441647597,41,90.0,18.714285714285715,0,100,Active,0
910018,Framber Valdez,HOU,30,5,5,0,0,29.2,31,12,23,9,2,2,1,0,0,0,3.64,1.35,AL,['HOU'],['AL'],118.6,0,0,0,[2024],0.31034482758620696,40,87.6,25.52,0,100,Active,0
1003721,Justin Verlander,HOU,41,5,5,0,0,29.1,23,11,23,12,5,2,1,0,0,0,3.38,1.19,AL,['HOU'],['AL'],110.30000000000001,0,0,0,[2024],0.2840095465393795,35,87.30000000000001,24.46,0,100,Active,0
949896,Jordan Montgomery,ARI,31,5,5,0,0,28.1,30,15,17,9,3,2,2,0,0,0,4.76,1.38,AL,['ARI'],['AL'],114.30000000000001,0,0,0,[2024],0.3150684931506849,39,84.30000000000001,24.660000000000004,0,100,Active,0
376970,Tommy Henry,ARI,26,6,6,0,0,28.1,35,17,24,11,4,1,2,0,0,0,5.4,1.62,AL,['ARI'],['AL'],119.30000000000001,0,0,0,[2024],0.35064935064935066,46,84.30000000000001,21.71666666666667,0,100,Active,0
477207,Kyle Muller,OAK,26,10,0,0,0,27.2,26,12,23,6,4,0,0,0,0,0,3.9,1.16,AL,['OAK'],['AL'],107.6,0,0,0,[2024],0.2788461538461538,32,81.6,11.36,0,100,Active,0
389970,Joe Boyle,OAK,24,7,7,0,0,27.2,25,22,29,23,3,2,5,0,0,0,7.16,1.73,AL,['OAK'],['AL'],106.6,0,0,0,[2024],0.3657505285412262,48,81.6,18.514285714285712,0,100,Active,0
39025,Steven Matz,STL,32,6,6,0,0,27.2,37,19,17,11,3,1,2,0,0,0,6.18,1.73,NL,['STL'],['NL'],118.6,0,0,0,[2024],0.3657505285412262,48,81.6,21.599999999999998,0,100,Active,0
477008,Ben Lively,CLE,32,5,5,0,0,27.1,24,8,26,9,2,1,2,0,0,0,2.63,1.21,AL,['CLE'],['AL'],105.30000000000001,0,0,0,[2024],0.28741092636579574,33,81.30000000000001,22.860000000000003,0,100,Active,0
298668,Mitchell Parker,WSH,24,5,5,0,0,27.0,24,8,22,5,2,2,1,0,0,0,2.67,1.07,NL,['WSH'],['NL'],105.0,0,0,0,[2024],0.2628992628992629,29,81.0,22.0,0,100,Active,0
748132,Spencer Arrighetti,HOU,24,6,6,0,0,26.1,35,22,30,15,4,1,4,0,0,0,7.52,1.9,AL,['HOU'],['AL'],113.30000000000001,0,0,0,[2024],0.38775510204081626,50,78.30000000000001,21.383333333333336,0,100,Active,0
986867,Alex Faedo,DET,28,15,0,0,0,26.1,19,8,22,8,4,3,1,0,2,3,2.73,1.03,AL,['DET'],['AL'],97.30000000000001,0,0,0,[2024],0.25558312655086846,27,78.30000000000001,7.0200000000000005,0,100,Active,0
986362,Kyle Hendricks,CHC,34,6,6,0,0,26.0,39,29,21,11,9,0,3,0,0,0,10.04,1.92,NL,['CHC'],['NL'],117.0,0,0,0,[2024],0.3902439024390244,50,78.0,21.333333333333332,0,100,Active,0
982534,Luke Weaver,NYY,30,15,0,0,0,26.0,12,7,27,4,2,3,0,0,0,5,2.42,0.62,AL,['NYY'],['AL'],90.0,0,0,0,[2024],0.1712707182320442,16,78.0,6.266666666666667,0,100,Active,0
942665,Cooper Criswell,BOS,27,6,5,0,0,25.2,21,6,25,5,4,2,1,0,0,0,2.1,1.01,AL,['BOS'],['AL'],96.6,0,0,0,[2024],0.2518703241895262,26,75.6,16.933333333333334,0,100,Active,0
929527,Hayden Wesneski,CHC,26,6,3,0,0,25.2,19,6,19,5,0,2,2,0,0,0,2.1,0.94,NL,['CHC'],['NL'],94.6,0,0,0,[2024],0.23857868020304568,24,75.6,16.599999999999998,0,100,Active,0
972126,Ryne Nelson,ARI,26,6,6,0,0,25.1,37,15,19,6,4,2,2,0,0,0,5.33,1.7,AL,['ARI'],['AL'],112.30000000000001,0,0,0,[2024],0.36170212765957444,43,75.30000000000001,19.71666666666667,0,100,Active,0
6568,Mitch Spence,OAK,26,11,0,0,0,25.1,21,12,22,7,2,3,1,0,0,1,4.26,1.11,AL,['OAK'],['AL'],96.30000000000001,0,0,0,[2024],0.27007299270072993,28,75.30000000000001,9.390909090909092,0,100,Active,0
267290,J.P. France,HOU,29,5,5,0,0,25.1,31,21,22,12,5,0,3,0,0,0,7.46,1.7,AL,['HOU'],['AL'],106.30000000000001,0,0,0,[2024],0.36170212765957444,43,75.30000000000001,23.660000000000004,0,100,Active,0
7990,Simeon Woods Richardson,MIN,23,5,5,0,0,25.0,25,9,23,6,2,1,0,0,0,0,3.24,1.24,AL,['MIN'],['AL'],100.0,0,0,0,[2024],0.29245283018867924,31,75.0,21.2,0,100,Active,0
367039,Derek Law,WSH,33,21,0,0,0,25.0,27,9,26,8,2,2,1,0,1,4,3.24,1.4,NL,['WSH'],['NL'],102.0,0,0,0,[2024],0.3181818181818181,35,75.0,5.238095238095238,0,100,Active,0
284406,Merrill Kelly,ARI,35,4,4,0,0,24.2,17,6,21,6,3,2,0,0,0,0,2.19,0.93,AL,['ARI'],['AL'],89.6,0,0,0,[2024],0.2366412213740458,23,72.6,23.9,0,100,Active,0
183554,Brent Suter,CIN,34,16,0,0,0,24.2,24,11,21,7,4,0,0,0,0,1,4.01,1.26,NL,['CIN'],['NL'],96.6,0,0,0,[2024],0.29577464788732394,31,72.6,6.475,0,100,Active,0
287074,Cristian Javier,HOU,27,5,5,0,0,24.2,20,11,18,15,3,2,1,0,0,0,4.01,1.42,AL,['HOU'],['AL'],92.6,0,0,0,[2024],0.3212669683257918,35,72.6,21.52,0,100,Active,0
1029766,Josh Winckowski,BOS,25,12,3,0,0,24.1,27,9,19,11,2,1,1,0,0,0,3.33,1.56,AL,['BOS'],['AL'],99.30000000000001,0,0,0,[2024],0.3421052631578947,38,72.30000000000001,9.191666666666668,0,100,Active,0
994305,Jameson Taillon,CHC,32,4,4,0,0,24.0,16,3,16,5,2,3,0,0,0,0,1.13,0.88,NL,['CHC'],['NL'],88.0,0,0,0,[2024],0.2268041237113402,21,72.0,23.25,0,100,Active,0
738357,Michael Kelly,OAK,31,19,0,0,0,23.2,21,8,16,7,2,2,0,0,0,2,3.04,1.18,AL,['OAK'],['AL'],90.6,0,0,0,[2024],0.2822966507177034,28,69.6,5.136842105263158,0,100,Active,0
690599,Peter Lambert,COL,27,10,3,0,0,23.2,31,20,20,9,3,2,2,0,0,0,7.61,1.69,NL,['COL'],['NL'],100.6,0,0,0,[2024],0.36034115138592754,40,69.6,10.959999999999999,0,100,Active,0
699140,Matthew Liberatore,STL,24,15,2,0,0,23.2,21,12,17,10,2,1,1,0,0,1,4.56,1.31,NL,['STL'],['NL'],90.6,0,0,0,[2024],0.3039443155452436,31,69.6,6.706666666666666,0,100,Active,0
166699,Victor Vodnik,COL,24,16,0,0,0,23.1,20,5,19,11,0,0,0,0,0,1,1.93,1.33,NL,['COL'],['NL'],89.30000000000001,0,0,0,[2024],0.3071593533487298,31,69.30000000000001,6.268750000000001,0,100,Active,0
232556,Jose Suarez,LAA,26,12,0,0,0,23.1,27,20,27,16,3,0,0,0,0,0,7.71,1.84,AL,['LAA'],['AL'],96.30000000000001,0,0,0,[2024],0.38016528925619836,43,69.30000000000001,9.358333333333334,0,100,Active,0
485376,Jordan Wicks,CHC,24,5,5,0,0,23.0,26,12,28,9,2,1,2,0,0,0,4.7,1.52,NL,['CHC'],['NL'],95.0,0,0,0,[2024],0.336283185840708,35,69.0,20.8,0,100,Active,0
171639,Albert Suarez,BAL,34,7,3,0,0,23.0,17,5,20,4,1,2,0,0,0,1,1.96,0.91,AL,['BAL'],['AL'],86.0,0,0,0,[2024],0.23273657289002558,21,69.0,12.857142857142858,0,100,Active,0
354734,Sixto Sanchez,MIA,25,11,4,0,0,22.2,28,15,13,9,2,0,1,0,1,1,5.96,1.63,NL,['MIA'],['NL'],94.6,0,0,0,[2024],0.3520518358531317,37,66.6,9.418181818181818,0,100,Active,0
545861,Matt Manning,DET,26,4,4,0,0,22.2,21,11,22,9,3,0,1,0,0,0,4.37,1.32,AL,['DET'],['AL'],87.6,0,0,0,[2024],0.3055555555555555,30,66.6,24.15,0,100,Active,0
94384,Michael Grove,LAD,27,16,1,0,0,22.1,21,14,29,7,1,1,2,0,0,4,5.64,1.25,AL,['LAD'],['AL'],87.30000000000001,0,0,0,[2024],0.29411764705882354,28,66.30000000000001,5.893750000000001,0,100,Active,0
240281,Bryan Hudson,MIL,27,15,0,0,0,22.1,11,2,25,6,1,2,0,0,0,4,0.81,0.76,NL,['MIL'],['NL'],77.30000000000001,0,0,0,[2024],0.2021276595744681,17,66.30000000000001,5.553333333333334,0,100,Active,0
751303,Seth Martinez,HOU,29,18,0,0,0,22.0,18,7,14,7,3,2,2,0,0,1,2.86,1.14,AL,['HOU'],['AL'],84.0,0,0,0,[2024],0.2753623188405797,25,66.0,5.055555555555555,0,100,Active,0
233681,Ryan Walker,SF,28,22,1,0,0,22.0,18,6,30,4,1,3,2,0,1,4,2.45,1.0,NL,['SF'],['NL'],84.0,0,0,0,[2024],0.25,22,66.0,4.0,0,100,Active,0
315263,Bryce Jarvis,ARI,26,15,0,0,0,22.0,20,12,19,17,4,0,2,0,0,2,4.91,1.68,AL,['ARI'],['AL'],86.0,0,0,0,[2024],0.358974358974359,37,66.0,6.866666666666666,0,100,Active,0
949212,Slade Cecconi,ARI,24,4,4,0,0,21.2,13,10,17,6,4,1,2,0,0,0,4.15,0.88,AL,['ARI'],['AL'],76.6,0,0,0,[2024],0.2268041237113402,19,63.599999999999994,20.65,0,100,Active,0
734721,Edward Cabrera,MIA,26,5,5,0,0,21.1,20,17,31,14,3,1,2,0,0,0,7.17,1.59,NL,['MIA'],['NL'],83.30000000000001,0,0,0,[2024],0.34640522875817,34,63.300000000000004,19.46,0,100,Active,0
467185,Buck Farmer,CIN,33,15,0,0,0,21.1,14,6,17,5,2,0,0,0,0,0,2.53,0.89,NL,['CIN'],['NL'],77.30000000000001,0,0,0,[2024],0.2287917737789203,19,63.300000000000004,5.486666666666667,0,100,Active,0
384341,Hunter Harvey,WSH,29,19,0,0,0,21.1,16,6,25,6,1,2,1,0,0,13,2.53,1.03,NL,['WSH'],['NL'],79.30000000000001,0,0,0,[2024],0.25558312655086846,22,63.300000000000004,4.489473684210527,0,100,Active,0
85626,Reed Garrett,NYM,31,14,0,0,0,21.0,12,1,35,10,1,5,0,1,1,3,0.43,1.05,NL,['NYM'],['NL'],75.0,0,0,0,[2024],0.2592592592592593,22,63.0,6.071428571428571,0,100,Active,0
486521,Quinn Priester,PIT,23,4,4,0,0,21.0,22,9,12,8,6,0,3,0,0,0,3.86,1.43,NL,['PIT'],['NL'],85.0,0,0,0,[2024],0.3227990970654628,30,63.0,23.25,0,100,Active,0
425477,Hunter Gaddis,CLE,26,21,0,0,0,20.2,17,5,19,4,1,2,1,0,3,8,2.18,1.02,AL,['CLE'],['AL'],77.6,0,0,0,[2024],0.2537313432835821,21,60.599999999999994,3.8857142857142852,0,100,Active,0
147589,Bryce Elder,ATL,24,4,4,0,0,20.2,26,11,16,8,3,1,1,0,0,0,4.79,1.65,NL,['ATL'],['NL'],86.6,0,0,0,[2024],0.3548387096774193,34,60.599999999999994,23.65,0,100,Active,0
122810,Justin Slaten,BOS,26,13,0,0,0,20.2,13,4,16,4,0,2,1,1,0,3,1.74,0.82,AL,['BOS'],['AL'],73.6,0,0,0,[2024],0.21465968586387435,17,60.599999999999994,5.9692307692307685,0,100,Active,0
572792,Nick Sandlin,CLE,27,22,0,0,0,20.2,9,4,24,4,1,3,0,1,0,2,1.74,0.63,AL,['CLE'],['AL'],69.6,0,0,0,[2024],0.17355371900826447,13,60.599999999999994,3.3454545454545452,0,100,Active,0
258392,David Robertson,TEX,39,18,0,0,0,20.2,11,6,27,8,1,2,1,1,3,12,2.61,0.92,AL,['TEX'],['AL'],71.6,0,0,0,[2024],0.23469387755102042,19,60.599999999999994,4.422222222222222,0,100,Active,0
847284,Thyago Vieira,MIL,30,15,0,0,0,20.2,22,13,22,12,5,0,0,1,0,0,5.66,1.65,NL,['MIL'],['NL'],82.6,0,0,0,[2024],0.3548387096774193,34,60.599999999999994,6.306666666666667,0,100,Active,0
164699,Dylan Floro,WSH,33,19,0,0,0,20.1,12,1,16,8,0,0,0,0,0,5,0.44,0.98,NL,['WSH'],['NL'],72.30000000000001,0,0,0,[2024],0.24623115577889446,20,60.300000000000004,4.226315789473685,0,100,Active,0
750827,Jalen Beeks,COL,30,18,0,0,0,20.1,13,5,14,11,2,2,2,4,1,1,2.21,1.18,NL,['COL'],['NL'],73.30000000000001,0,0,0,[2024],0.2822966507177034,24,60.300000000000004,4.683333333333334,0,100,Active,0
559492,JoJo Romero,STL,27,19,0,0,0,20.1,9,3,21,2,1,0,0,0,0,13,1.33,0.54,NL,['STL'],['NL'],69.30000000000001,0,0,0,[2024],0.15254237288135594,11,60.300000000000004,3.752631578947369,0,100,Active,0
514512,Dylan Lee,ATL,29,12,0,0,0,20.1,17,3,18,7,1,0,1,0,0,2,1.33,1.18,NL,['ATL'],['NL'],77.30000000000001,0,0,0,[2024],0.2822966507177034,24,60.300000000000004,7.025000000000001,0,100,Active,0
613652,Emmanuel Clase,CLE,26,21,0,0,0,20.1,12,1,22,1,0,2,1,11,2,0,0.44,0.64,AL,['CLE'],['AL'],72.30000000000001,0,0,0,[2024],0.1758241758241758,13,60.300000000000004,3.490476190476191,0,100,Active,0
290571,Ian Hamilton,NYY,28,17,0,0,0,20.1,19,7,16,9,1,0,0,0,1,5,3.1,1.38,AL,['NYY'],['AL'],79.30000000000001,0,0,0,[2024],0.3150684931506849,28,60.300000000000004,5.194117647058825,0,100,Active,0
886130,Jhony Brito,SD,26,13,0,0,0,20.1,24,10,9,5,2,0,2,0,3,0,4.43,1.43,NL,['SD'],['NL'],84.30000000000001,0,0,0,[2024],0.3227990970654628,29,60.300000000000004,6.86923076923077,0,100,Active,0
305816,Yennier Cano,BAL,30,21,0,0,0,20.1,18,5,18,9,3,2,1,2,2,9,2.21,1.33,AL,['BAL'],['AL'],78.30000000000001,0,0,0,[2024],0.3071593533487298,27,60.300000000000004,4.1571428571428575,0,100,Active,0
839670,Erik Miller,SF,26,20,1,0,0,20.1,9,11,24,13,4,0,1,0,2,5,4.87,1.08,NL,['SF'],['NL'],69.30000000000001,0,0,0,[2024],0.2647058823529412,22,60.300000000000004,4.115,0,100,Active,0
318932,Hunter Stratton,PIT,27,19,0,0,0,20.1,18,9,22,3,2,1,0,1,1,3,3.98,1.03,NL,['PIT'],['NL'],78.30000000000001,0,0,0,[2024],0.25558312655086846,21,60.300000000000004,4.278947368421053,0,100,Active,0
978372,Tyler Holton,DET,27,14,0,0,0,20.0,13,8,17,3,3,3,0,0,0,2,3.6,0.8,AL,['DET'],['AL'],73.0,0,0,0,[2024],0.2105263157894737,16,60.0,5.428571428571429,0,100,Active,0
804155,Bryan Abreu,HOU,27,19,0,0,0,20.0,16,8,30,12,4,1,1,0,2,7,3.6,1.4,AL,['HOU'],['AL'],76.0,0,0,0,[2024],0.3181818181818181,28,60.0,4.631578947368421,0,100,Active,0
404645,Michael Kopech,CWS,28,17,0,0,0,19.2,14,8,26,10,3,1,3,4,1,1,3.66,1.22,AL,['CWS'],['AL'],71.6,0,0,0,[2024],0.2890995260663507,24,57.599999999999994,4.8,0,100,Active,0
856077,Burch Smith,MIA,34,17,0,0,0,19.2,24,9,17,8,0,2,0,0,0,1,4.12,1.63,NL,['MIA'],['NL'],81.6,0,0,0,[2024],0.3520518358531317,32,57.599999999999994,5.270588235294118,0,100,Active,0
706597,Bryan Hoeing,MIA,27,11,0,0,0,19.2,13,4,16,5,1,0,0,0,0,2,1.83,0.92,NL,['MIA'],['NL'],70.6,0,0,0,[2024],0.23469387755102042,18,57.599999999999994,6.872727272727272,0,100,Active,0
145724,Stephen Kolek,SD,27,19,0,0,0,19.2,19,7,17,7,1,0,0,0,0,2,3.2,1.32,NL,['SD'],['NL'],76.6,0,0,0,[2024],0.3055555555555555,26,57.599999999999994,4.3999999999999995,0,100,Active,0
713165,Cody Bradford,TEX,26,3,3,0,0,19.1,10,3,17,2,1,3,0,0,0,0,1.4,0.62,AL,['TEX'],['AL'],67.30000000000001,0,0,0,[2024],0.1712707182320442,12,57.300000000000004,23.100000000000005,0,100,Active,0
6513,Hoby Milner,MIL,33,20,0,0,0,19.1,14,4,20,4,3,1,0,1,0,2,1.86,0.93,NL,['MIL'],['NL'],71.30000000000001,0,0,0,[2024],0.2366412213740458,18,57.300000000000004,3.7650000000000006,0,100,Active,0
647680,Shawn Armstrong,TB,33,15,3,0,0,19.1,20,10,22,9,2,1,1,1,0,2,4.66,1.5,AL,['TB'],['AL'],77.30000000000001,0,0,0,[2024],0.3333333333333333,29,57.300000000000004,5.753333333333334,0,100,Active,0
255084,Scott Barlow,CLE,31,21,0,0,0,19.1,14,6,23,9,1,2,2,1,0,8,2.79,1.19,AL,['CLE'],['AL'],71.30000000000001,0,0,0,[2024],0.2840095465393795,23,57.300000000000004,3.8238095238095244,0,100,Active,0
827186,Jorge Lopez,NYM,31,20,0,0,0,19.0,17,6,15,8,0,0,0,2,0,6,2.84,1.32,NL,['NYM'],['NL'],74.0,0,0,0,[2024],0.3055555555555555,25,57.0,4.1,0,100,Active,0
985168,Josh Fleming,PIT,27,17,1,0,0,19.0,23,12,13,9,2,1,1,1,0,1,5.68,1.68,NL,['PIT'],['NL'],80.0,0,0,0,[2024],0.358974358974359,32,57.0,5.235294117647059,0,100,Active,0
138709,Ryan Helsley,STL,29,19,0,0,0,19.0,14,3,21,2,1,2,2,12,1,0,1.42,0.84,NL,['STL'],['NL'],71.0,0,0,0,[2024],0.21875,16,57.0,3.8421052631578947,0,100,Active,0
916407,Tim Herrin,CLE,27,19,0,0,0,19.0,10,2,21,7,0,1,0,0,0,4,0.95,0.89,AL,['CLE'],['AL'],67.0,0,0,0,[2024],0.2287917737789203,17,57.0,3.8947368421052633,0,100,Active,0
359863,Trevor Richards,TOR,30,18,0,0,0,19.0,8,6,20,8,3,0,0,0,0,3,2.84,0.84,AL,['TOR'],['AL'],65.0,0,0,0,[2024],0.21875,16,57.0,4.055555555555555,0,100,Active,0
541893,Jake Bird,COL,28,18,0,0,0,18.2,20,12,12,12,3,1,1,1,1,4,5.79,1.71,NL,['COL'],['NL'],74.6,0,0,0,[2024],0.3630573248407643,32,54.599999999999994,4.811111111111111,0,100,Active,0
49397,Declan Cronin,MIA,26,12,0,0,0,18.2,15,3,21,10,0,0,2,0,0,0,1.45,1.34,NL,['MIA'],['NL'],69.6,0,0,0,[2024],0.30875576036866365,25,54.599999999999994,6.633333333333333,0,100,Active,0
746074,Alex Vesia,LAD,28,19,0,0,0,18.2,8,3,21,12,2,1,2,1,0,2,1.45,1.07,AL,['LAD'],['AL'],62.599999999999994,0,0,0,[2024],0.2628992628992629,20,54.599999999999994,3.926315789473684,0,100,Active,0
789288,Rafael Montero,HOU,33,19,0,0,0,18.2,13,7,9,5,3,0,1,0,2,5,3.38,0.96,AL,['HOU'],['AL'],67.6,0,0,0,[2024],0.24242424242424243,18,54.599999999999994,3.8210526315789473,0,100,Active,0
592098,Taijuan Walker,PHI,31,3,3,0,0,18.2,21,10,15,4,4,3,0,0,0,0,4.82,1.34,NL,['PHI'],['NL'],75.6,0,0,0,[2024],0.30875576036866365,25,54.599999999999994,26.53333333333333,0,100,Active,0
837496,Chase Anderson,BOS,36,10,1,0,0,18.2,14,9,10,5,3,0,1,2,0,0,4.34,1.02,AL,['BOS'],['AL'],68.6,0,0,0,[2024],0.2537313432835821,19,54.599999999999994,7.359999999999999,0,100,Active,0
818466,Tyler Rogers,SF,33,20,0,0,0,18.2,19,5,12,0,3,0,0,0,0,6,2.41,1.02,NL,['SF'],['NL'],73.6,0,0,0,[2024],0.2537313432835821,19,54.599999999999994,3.6799999999999997,0,100,Active,0
656698,Yuki Matsui,SD,28,20,0,0,0,18.2,14,8,13,11,1,2,0,0,2,4,3.86,1.34,NL,['SD'],['NL'],68.6,0,0,0,[2024],0.30875576036866365,25,54.599999999999994,3.9799999999999995,0,100,Active,0
607807,Jacob Latz,TEX,28,20,0,0,0,18.2,16,7,15,10,1,0,1,0,0,5,3.38,1.39,AL,['TEX'],['AL'],70.6,0,0,0,[2024],0.31662870159453305,26,54.599999999999994,4.029999999999999,0,100,Active,0
124964,Jacob Webb,BAL,30,20,0,0,0,18.1,11,3,20,6,1,0,2,2,1,3,1.47,0.93,AL,['BAL'],['AL'],65.30000000000001,0,0,0,[2024],0.2366412213740458,17,54.300000000000004,3.5650000000000004,0,100,Active,0
527106,Robert Suarez,SD,33,17,0,0,0,18.1,7,1,16,4,1,2,0,12,0,0,0.49,0.6,NL,['SD'],['NL'],61.300000000000004,0,0,0,[2024],0.16666666666666666,11,54.300000000000004,3.841176470588236,0,100,Active,0
432672,Jay Jackson,MIN,36,14,0,0,0,18.1,19,14,20,7,4,1,2,0,0,1,6.87,1.42,AL,['MIN'],['AL'],73.30000000000001,0,0,0,[2024],0.3212669683257918,26,54.300000000000004,5.735714285714287,0,100,Active,0
750037,Jason Adam,TB,32,19,0,0,0,18.1,8,3,16,7,2,2,0,3,1,8,1.47,0.82,AL,['TB'],['AL'],62.300000000000004,0,0,0,[2024],0.21465968586387435,15,54.300000000000004,3.647368421052632,0,100,Active,0
92620,James McArthur,KC,27,16,0,0,0,18.1,22,9,18,3,3,1,2,9,3,1,4.42,1.36,AL,['KC'],['AL'],76.30000000000001,0,0,0,[2024],0.3119266055045872,25,54.300000000000004,4.956250000000001,0,100,Active,0
182713,Cade Smith,CLE,25,19,0,0,0,18.1,13,5,25,7,0,1,0,0,1,2,2.45,1.09,AL,['CLE'],['AL'],67.30000000000001,0,0,0,[2024],0.2665036674816626,20,54.300000000000004,3.910526315789474,0,100,Active,0
400578,Garrett Whitlock,BOS,27,4,4,0,0,18.1,14,4,17,7,1,1,0,0,0,0,1.96,1.15,AL,['BOS'],['AL'],68.30000000000001,0,0,0,[2024],0.2771084337349397,21,54.300000000000004,18.825000000000003,0,100,Active,0
113581,John Schreiber,KC,30,19,0,0,0,18.1,14,2,14,5,0,3,0,1,0,10,0.98,1.04,AL,['KC'],['AL'],68.30000000000001,0,0,0,[2024],0.25742574257425743,19,54.300000000000004,3.857894736842106,0,100,Active,0
588616,Keegan Akin,BAL,29,19,0,0,0,18.0,13,6,21,6,1,1,0,0,1,4,3.0,1.06,AL,['BAL'],['AL'],67.0,0,0,0,[2024],0.2610837438423645,19,54.0,3.8421052631578947,0,100,Active,0
217043,Kody Funderburk,MIN,27,14,0,0,0,18.0,18,9,20,7,2,1,0,0,0,3,4.5,1.39,AL,['MIN'],['AL'],72.0,0,0,0,[2024],0.31662870159453305,25,54.0,5.642857142857143,0,100,Active,0
553081,Tayler Scott,HOU,31,18,0,0,0,18.0,12,5,22,11,1,1,1,0,1,0,2.5,1.28,AL,['HOU'],['AL'],66.0,0,0,0,[2024],0.29906542056074764,23,54.0,4.277777777777778,0,100,Active,0
757987,Adam Cimber,LAA,33,19,0,0,0,18.0,12,8,16,6,1,3,0,0,0,5,4.0,1.0,AL,['LAA'],['AL'],66.0,0,0,0,[2024],0.25,18,54.0,3.789473684210526,0,100,Active,0
739034,Jeff Hoffman,PHI,31,18,0,0,0,18.0,10,2,25,6,0,2,0,2,2,5,1.0,0.89,NL,['PHI'],['NL'],64.0,0,0,0,[2024],0.2287917737789203,16,54.0,3.888888888888889,0,100,Active,0
1032384,Ty Blach,COL,33,5,2,0,0,18.0,19,6,7,3,0,1,1,0,0,0,3.0,1.22,NL,['COL'],['NL'],73.0,0,0,0,[2024],0.2890995260663507,22,54.0,15.2,0,100,Active,0
359426,Chris Stratton,KC,33,17,0,0,0,17.2,13,11,14,12,2,2,2,2,1,3,5.6,1.42,AL,['KC'],['AL'],64.6,0,0,0,[2024],0.3212669683257918,25,51.599999999999994,4.5058823529411764,0,100,Active,0
653729,Jose Alvarado,PHI,28,19,0,0,0,17.2,11,7,16,7,1,1,1,8,0,2,3.57,1.02,NL,['PHI'],['NL'],62.599999999999994,0,0,0,[2024],0.2537313432835821,18,51.599999999999994,3.663157894736842,0,100,Active,0
166385,A.J. Minter,ATL,30,21,0,0,0,17.2,13,7,20,5,5,5,3,1,3,5,3.57,1.02,NL,['ATL'],['NL'],64.6,0,0,0,[2024],0.2537313432835821,18,51.599999999999994,3.314285714285714,0,100,Active,0
1043224,Dennis Santana,NYY,28,15,0,0,0,17.2,14,9,13,7,0,2,0,2,0,1,4.58,1.19,AL,['NYY'],['AL'],65.6,0,0,0,[2024],0.2840095465393795,21,51.599999999999994,4.84,0,100,Active,0
354914,Tanner Banks,CWS,32,15,1,0,0,17.2,25,11,21,4,2,0,2,1,1,2,5.6,1.64,AL,['CWS'],['AL'],76.6,0,0,0,[2024],0.35344827586206895,29,51.599999999999994,5.373333333333333,0,100,Active,0
290047,Griffin Jax,MIN,29,19,0,0,0,17.2,13,6,23,7,1,3,2,5,2,6,3.06,1.13,AL,['MIN'],['AL'],64.6,0,0,0,[2024],0.27360774818401934,20,51.599999999999994,3.7684210526315787,0,100,Active,0
630751,Wandy Peralta,SD,32,20,0,0,0,17.2,14,7,10,5,2,1,1,0,0,6,3.57,1.08,NL,['SD'],['NL'],65.6,0,0,0,[2024],0.2647058823529412,19,51.599999999999994,3.53,0,100,Active,0
110223,Cole Sands,MIN,26,15,0,0,0,17.2,15,9,24,3,3,1,0,2,1,3,4.58,1.02,AL,['MIN'],['AL'],66.6,0,0,0,[2024],0.2537313432835821,18,51.599999999999994,4.64,0,100,Active,0
907479,Brandon Bielak,HOU,28,10,0,0,0,17.1,22,11,9,7,3,0,0,0,0,0,5.71,1.67,AL,['HOU'],['AL'],73.30000000000001,0,0,0,[2024],0.3576017130620985,29,51.300000000000004,8.030000000000001,0,100,Active,0
152981,Greg Weissert,BOS,29,17,0,0,0,17.1,14,3,18,4,2,1,1,0,1,1,1.56,1.04,AL,['BOS'],['AL'],65.30000000000001,0,0,0,[2024],0.25742574257425743,18,51.300000000000004,4.076470588235295,0,100,Active,0
951523,Ryan Fernandez,STL,25,14,0,0,0,17.1,15,5,20,6,1,0,1,0,0,0,2.6,1.21,NL,['STL'],['NL'],66.30000000000001,0,0,0,[2024],0.28741092636579574,21,51.300000000000004,5.1642857142857155,0,100,Active,0
24243,Clay Holmes,NYY,31,17,0,0,0,17.1,15,0,21,3,0,1,0,12,1,0,0.0,1.04,AL,['NYY'],['AL'],66.30000000000001,0,0,0,[2024],0.25742574257425743,18,51.300000000000004,4.076470588235295,0,100,Active,0
247361,Joe Mantiply,ARI,33,20,0,0,0,17.1,15,6,14,5,0,2,1,1,0,2,3.12,1.15,AL,['ARI'],['AL'],66.30000000000001,0,0,0,[2024],0.2771084337349397,20,51.300000000000004,3.5650000000000004,0,100,Active,0
781838,Kevin Ginkel,ARI,30,18,0,0,0,17.1,17,8,16,5,2,2,0,5,4,2,4.15,1.27,AL,['ARI'],['AL'],68.30000000000001,0,0,0,[2024],0.29742388758782207,22,51.300000000000004,4.072222222222223,0,100,Active,0
959194,Emilio Pagan,CIN,33,19,0,0,0,17.1,18,9,24,7,4,2,3,0,0,2,4.67,1.44,NL,['CIN'],['NL'],69.30000000000001,0,0,0,[2024],0.32432432432432434,25,51.300000000000004,4.015789473684211,0,100,Active,0
209403,Adbert Alzolay,CHC,29,18,0,0,0,17.1,19,9,13,6,6,1,4,4,5,1,4.67,1.44,NL,['CHC'],['NL'],70.30000000000001,0,0,0,[2024],0.32432432432432434,25,51.300000000000004,4.23888888888889,0,100,Active,0
106591,Mark Leiter,CHC,33,17,0,0,0,17.0,12,1,19,7,0,1,1,0,0,7,0.53,1.12,NL,['CHC'],['NL'],63.0,0,0,0,[2024],0.2718446601941748,19,51.0,4.117647058823529,0,100,Active,0
640738,Josh Hader,HOU,30,17,0,0,0,17.0,15,10,27,8,2,1,3,5,1,0,5.29,1.35,AL,['HOU'],['AL'],66.0,0,0,0,[2024],0.31034482758620696,23,51.0,4.352941176470588,0,100,Active,0
214748,Ryan Thompson,ARI,31,17,0,0,0,17.0,10,2,12,2,0,0,1,0,1,6,1.06,0.71,AL,['ARI'],['AL'],61.0,0,0,0,[2024],0.19137466307277629,12,51.0,3.7058823529411766,0,100,Active,0
367970,Brennan Bernardino,BOS,32,15,2,0,0,17.0,6,1,15,7,0,1,1,0,0,1,0.53,0.76,AL,['BOS'],['AL'],57.0,0,0,0,[2024],0.2021276595744681,13,51.0,4.266666666666667,0,100,Active,0
816087,Trent Thornton,SEA,30,17,0,0,0,17.0,13,4,17,3,0,1,1,0,0,3,2.12,0.94,AL,['SEA'],['AL'],64.0,0,0,0,[2024],0.23857868020304568,16,51.0,3.9411764705882355,0,100,Active,0
11624,Fernando Cruz,CIN,34,18,0,0,0,17.0,9,8,32,11,1,1,3,0,0,7,4.24,1.18,NL,['CIN'],['NL'],60.0,0,0,0,[2024],0.2822966507177034,20,51.0,3.9444444444444446,0,100,Active,0
1020393,T.J. McFarland,OAK,34,21,0,0,0,17.0,23,9,11,3,0,1,0,0,0,5,4.76,1.53,AL,['OAK'],['AL'],74.0,0,0,0,[2024],0.33774834437086093,26,51.0,3.6666666666666665,0,100,Active,0
848631,Daniel Hudson,LAD,37,17,0,0,0,17.0,13,6,19,1,4,1,1,2,2,7,3.18,0.82,AL,['LAD'],['AL'],64.0,0,0,0,[2024],0.21465968586387435,14,51.0,3.823529411764706,0,100,Active,0
422545,Austin Voth,SEA,31,14,0,0,0,17.0,13,5,13,3,2,1,0,0,0,0,2.65,0.94,AL,['SEA'],['AL'],64.0,0,0,0,[2024],0.23857868020304568,16,51.0,4.785714285714286,0,100,Active,0
732804,Marco Gonzales,PIT,32,3,3,0,0,17.0,15,5,11,5,1,0,0,0,0,0,2.65,1.18,NL,['PIT'],['NL'],66.0,0,0,0,[2024],0.2822966507177034,20,51.0,23.666666666666668,0,100,Active,0
93854,Jose Leclerc,TEX,30,16,0,0,0,17.0,14,13,22,15,1,3,3,1,2,1,6.88,1.71,AL,['TEX'],['AL'],65.0,0,0,0,[2024],0.3630573248407643,29,51.0,5.0,0,100,Active,0
431490,Andrew Nardi,MIA,25,20,0,0,0,17.0,20,12,22,6,1,0,0,0,4,4,6.35,1.53,NL,['MIA'],['NL'],71.0,0,0,0,[2024],0.33774834437086093,26,51.0,3.85,0,100,Active,0
514837,Will Vest,DET,28,16,0,0,0,17.0,17,8,7,4,1,1,1,0,2,2,4.24,1.24,AL,['DET'],['AL'],68.0,0,0,0,[2024],0.29245283018867924,21,51.0,4.5,0,100,Active,0
440387,Max Meyer,MIA,25,3,3,0,0,17.0,11,4,14,3,2,2,0,0,0,0,2.12,0.82,NL,['MIA'],['NL'],62.0,0,0,0,[2024],0.21465968586387435,14,51.0,21.666666666666668,0,100,Active,0
65940,Anthony Bender,MIA,29,18,0,0,0,17.0,22,11,20,7,1,1,2,0,1,4,5.82,1.71,NL,['MIA'],['NL'],73.0,0,0,0,[2024],0.3630573248407643,29,51.0,4.444444444444445,0,100,Active,0
198309,Zack Thompson,STL,26,5,2,0,0,17.0,24,18,20,8,6,0,2,0,0,0,9.53,1.88,NL,['STL'],['NL'],75.0,0,0,0,[2024],0.38524590163934425,32,51.0,16.6,0,100,Active,0
365754,Tobias Myers,MIL,25,4,4,0,0,17.0,15,10,17,9,6,0,2,0,0,0,5.29,1.41,NL,['MIL'],['NL'],66.0,0,0,0,[2024],0.31972789115646255,24,51.0,18.75,0,100,Active,0
427327,Angel Zerpa,KC,24,18,0,0,0,17.0,15,3,19,3,2,0,0,0,0,6,1.59,1.06,AL,['KC'],['AL'],66.0,0,0,0,[2024],0.2610837438423645,18,51.0,3.8333333333333335,0,100,Active,0
616785,Elvis Peguero,MIL,27,16,0,0,0,17.0,22,7,16,7,0,4,1,0,1,4,3.71,1.71,NL,['MIL'],['NL'],73.0,0,0,0,[2024],0.3630573248407643,29,51.0,5.0,0,100,Active,0
485128,Adrian Morejon,SD,25,11,0,0,0,16.2,18,5,24,3,0,0,0,0,0,0,2.7,1.26,NL,['SD'],['NL'],66.6,0,0,0,[2024],0.29577464788732394,21,48.599999999999994,6.327272727272727,0,100,Active,0
841670,Andres Munoz,SEA,25,16,0,0,0,16.2,8,3,21,7,1,2,2,6,1,3,1.62,0.9,AL,['SEA'],['AL'],56.599999999999994,0,0,0,[2024],0.23076923076923078,15,48.599999999999994,3.9749999999999996,0,100,Active,0
841362,Kevin Kelly,TB,26,13,0,0,0,16.2,16,6,15,1,2,1,0,0,0,3,3.24,1.02,AL,['TB'],['AL'],64.6,0,0,0,[2024],0.2537313432835821,17,48.599999999999994,5.046153846153846,0,100,Active,0
541907,Louie Varland,MIN,26,4,4,0,0,16.2,27,17,18,9,6,0,4,0,0,0,9.18,2.16,AL,['MIN'],['AL'],75.6,0,0,0,[2024],0.4186046511627907,36,48.599999999999994,21.15,0,100,Active,0
424720,Andrew Kittredge,STL,34,18,0,0,0,16.2,13,5,17,4,2,0,2,0,2,12,2.7,1.02,NL,['STL'],['NL'],61.599999999999994,0,0,0,[2024],0.2537313432835821,17,48.599999999999994,3.644444444444444,0,100,Active,0
602567,Hunter Strickland,LAA,35,15,0,0,0,16.2,10,4,15,2,1,1,0,0,1,1,2.16,0.72,AL,['LAA'],['AL'],58.599999999999994,0,0,0,[2024],0.1935483870967742,12,48.599999999999994,4.04,0,100,Active,0
391455,Edwin Diaz,NYM,30,16,0,0,0,16.2,10,6,25,6,4,1,1,5,2,1,3.24,0.96,NL,['NYM'],['NL'],58.599999999999994,0,0,0,[2024],0.24242424242424243,16,48.599999999999994,4.0375,0,100,Active,0
968614,Kyle Finnegan,WSH,32,17,0,0,0,16.1,6,3,16,8,2,1,2,12,1,0,1.65,0.86,NL,['WSH'],['NL'],54.300000000000004,0,0,0,[2024],0.2227979274611399,14,48.300000000000004,3.6647058823529415,0,100,Active,0
885244,Matt Strahm,PHI,32,17,0,0,0,16.1,12,2,27,1,0,2,0,0,1,4,1.1,0.8,NL,['PHI'],['NL'],60.300000000000004,0,0,0,[2024],0.2105263157894737,13,48.300000000000004,3.6058823529411765,0,100,Active,0
838582,Raisel Iglesias,ATL,34,17,0,0,0,16.1,14,5,11,5,1,0,0,10,2,0,2.76,1.16,NL,['ATL'],['NL'],62.300000000000004,0,0,0,[2024],0.2788461538461538,19,48.300000000000004,3.9588235294117653,0,100,Active,0
310133,Luis Garcia,LAA,37,18,0,0,0,16.1,12,9,17,5,1,1,0,1,0,5,4.96,1.04,AL,['LAA'],['AL'],60.300000000000004,0,0,0,[2024],0.25742574257425743,17,48.300000000000004,3.627777777777778,0,100,Active,0
76299,Craig Kimbrel,BAL,35,19,0,0,0,16.1,11,7,25,9,2,4,1,8,3,4,3.86,1.22,AL,['BAL'],['AL'],59.300000000000004,0,0,0,[2024],0.2890995260663507,20,48.300000000000004,3.594736842105264,0,100,Active,0
292064,Adam Ottavino,NYM,38,16,0,0,0,16.1,10,6,25,6,2,1,1,1,1,6,3.31,0.98,NL,['NYM'],['NL'],58.300000000000004,0,0,0,[2024],0.24623115577889446,16,48.300000000000004,4.018750000000001,0,100,Active,0
684229,Shelby Miller,DET,33,15,0,0,0,16.1,11,8,15,6,2,3,4,0,2,3,4.41,1.04,AL,['DET'],['AL'],59.300000000000004,0,0,0,[2024],0.25742574257425743,17,48.300000000000004,4.353333333333334,0,100,Active,0
877054,Mason Miller,OAK,25,13,0,0,0,16.1,7,2,33,4,0,0,0,8,0,0,1.1,0.67,AL,['OAK'],['AL'],55.300000000000004,0,0,0,[2024],0.18256130790190736,11,48.300000000000004,4.561538461538462,0,100,Active,0
500236,Jordan Leasure,CWS,25,17,0,0,0,16.1,12,4,11,6,0,0,0,2,1,5,2.2,1.1,AL,['CWS'],['AL'],60.300000000000004,0,0,0,[2024],0.26829268292682934,18,48.300000000000004,3.900000000000001,0,100,Active,0
380591,Roansy Contreras,PIT,24,12,0,0,0,16.1,19,8,16,8,3,1,0,0,1,0,4.41,1.65,NL,['PIT'],['NL'],67.30000000000001,0,0,0,[2024],0.3548387096774193,27,48.300000000000004,6.275000000000001,0,100,Active,0
546570,DL Hall,MIL,25,4,4,0,0,16.1,27,14,13,10,4,0,1,0,0,0,7.71,2.27,NL,['MIL'],['NL'],75.30000000000001,0,0,0,[2024],0.4307400379506642,37,48.300000000000004,21.325000000000003,0,100,Active,0
9447,Jason Foley,DET,28,18,0,0,0,16.1,16,4,15,7,0,2,1,10,1,2,2.2,1.41,AL,['DET'],['AL'],64.30000000000001,0,0,0,[2024],0.31972789115646255,23,48.300000000000004,3.9611111111111117,0,100,Active,0
302993,David Bednar,PIT,29,18,0,0,0,16.0,18,15,20,5,3,2,2,8,3,0,8.44,1.44,NL,['PIT'],['NL'],66.0,0,0,0,[2024],0.32432432432432434,23,48.0,3.9444444444444446,0,100,Active,0
786739,Camilo Doval,SF,26,16,0,0,0,16.0,11,6,21,11,2,2,0,6,0,0,3.38,1.38,NL,['SF'],['NL'],59.0,0,0,0,[2024],0.3150684931506849,22,48.0,4.375,0,100,Active,0
908424,Lucas Erceg,OAK,29,16,0,0,0,16.0,11,6,22,8,1,1,2,2,2,7,3.38,1.19,AL,['OAK'],['AL'],59.0,0,0,0,[2024],0.2840095465393795,19,48.0,4.1875,0,100,Active,0
880936,Landon Knack,LAD,26,3,3,0,0,16.0,11,5,11,5,3,1,1,0,0,0,2.81,1.0,AL,['LAD'],['AL'],59.0,0,0,0,[2024],0.25,16,48.0,21.333333333333332,0,100,Active,0
478969,Kirby Yates,TEX,37,14,0,0,0,16.0,5,1,17,6,0,3,0,7,0,2,0.56,0.69,AL,['TEX'],['AL'],53.0,0,0,0,[2024],0.18699186991869918,11,48.0,4.214285714285714,0,100,Active,0
89824,Scott McGough,ARI,34,15,0,0,0,16.0,18,12,10,10,2,1,3,0,2,1,6.75,1.75,AL,['ARI'],['AL'],66.0,0,0,0,[2024],0.3684210526315789,28,48.0,5.066666666666666,0,100,Active,0
853573,Tanner Scott,MIA,29,16,0,0,0,16.0,8,4,16,16,1,1,4,4,1,1,2.25,1.5,NL,['MIA'],['NL'],56.0,0,0,0,[2024],0.3333333333333333,24,48.0,4.5,0,100,Active,0
718149,Joe Jimenez,ATL,29,16,0,0,0,16.0,10,3,17,5,0,1,0,0,0,9,1.69,0.94,NL,['ATL'],['NL'],58.0,0,0,0,[2024],0.23857868020304568,15,48.0,3.9375,0,100,Active,0
926911,Carson Fulmer,LAA,30,8,0,0,0,16.0,11,5,14,10,1,0,1,0,0,0,2.81,1.31,AL,['LAA'],['AL'],59.0,0,0,0,[2024],0.3039443155452436,21,48.0,8.625,0,100,Active,0
426159,Yency Almonte,CHC,29,17,0,0,0,15.2,9,6,20,8,1,1,0,1,1,6,3.45,1.09,NL,['CHC'],['NL'],54.599999999999994,0,0,0,[2024],0.2665036674816626,17,45.599999999999994,3.6823529411764704,0,100,Active,0
550347,Steven Wilson,CWS,29,18,0,0,0,15.2,9,6,15,12,4,1,2,0,1,6,3.45,1.34,AL,['CWS'],['AL'],54.599999999999994,0,0,0,[2024],0.30875576036866365,21,45.599999999999994,3.6999999999999997,0,100,Active,0
916404,Garrett Cleavinger,TB,30,17,0,0,0,15.2,9,3,24,11,0,3,0,2,0,4,1.72,1.28,AL,['TB'],['AL'],54.599999999999994,0,0,0,[2024],0.29906542056074764,20,45.599999999999994,3.8588235294117643,0,100,Active,0
723406,Mike Baumann,BAL,28,15,0,0,0,15.2,17,7,15,8,2,1,0,0,1,2,4.02,1.6,AL,['BAL'],['AL'],62.599999999999994,0,0,0,[2024],0.3478260869565218,25,45.599999999999994,4.706666666666666,0,100,Active,0
29188,Kyle Freeland,COL,31,4,4,0,0,15.2,32,23,9,8,3,0,3,0,0,0,13.21,2.55,NL,['COL'],['NL'],77.6,0,0,0,[2024],0.45945945945945943,40,45.599999999999994,21.4,0,100,Active,0
881979,Danny Coulombe,BAL,34,19,0,0,0,15.2,6,4,17,2,2,0,0,1,1,8,2.3,0.51,AL,['BAL'],['AL'],51.599999999999994,0,0,0,[2024],0.1452991452991453,8,45.599999999999994,2.8210526315789473,0,100,Active,0
420929,Randy Vasquez,SD,25,4,4,0,0,15.2,24,11,11,4,3,0,2,0,0,0,6.32,1.79,NL,['SD'],['NL'],69.6,0,0,0,[2024],0.3736951983298539,28,45.599999999999994,18.4,0,100,Active,0
115734,Roddery Munoz,MIA,24,3,3,0,0,15.2,12,9,19,7,6,1,1,0,0,0,5.17,1.21,NL,['MIA'],['NL'],57.599999999999994,0,0,0,[2024],0.28741092636579574,19,45.599999999999994,21.53333333333333,0,100,Active,0
834307,Nick Mears,COL,27,16,0,0,0,15.2,17,9,19,10,1,0,3,0,0,3,5.17,1.72,NL,['COL'],['NL'],62.599999999999994,0,0,0,[2024],0.364406779661017,27,45.599999999999994,4.5375,0,100,Active,0
1034095,Anthony Molina,COL,22,8,0,0,0,15.2,20,12,8,6,2,0,0,0,0,0,6.89,1.66,NL,['COL'],['NL'],65.6,0,0,0,[2024],0.3562231759656652,26,45.599999999999994,8.95,0,100,Active,0
580332,Yariel Rodriguez,TOR,27,4,4,0,0,15.1,19,7,16,8,2,0,1,0,0,0,4.11,1.76,AL,['TOR'],['AL'],64.3,0,0,0,[2024],0.3697478991596639,27,45.3,18.075,0,100,Active,0
268055,Enyel De Los Santos,SD,28,19,0,0,0,15.1,13,6,19,4,5,1,2,0,0,3,3.52,1.11,NL,['SD'],['NL'],58.3,0,0,0,[2024],0.27007299270072993,17,45.3,3.2789473684210524,0,100,Active,0
786965,Justin Lawrence,COL,29,15,0,0,0,15.1,14,8,15,11,0,1,2,2,1,2,4.7,1.63,NL,['COL'],['NL'],59.3,0,0,0,[2024],0.3520518358531317,25,45.3,4.6866666666666665,0,100,Active,0
234184,Tyler Wells,BAL,29,3,3,0,0,15.1,18,10,13,3,3,0,2,0,0,0,5.87,1.37,AL,['BAL'],['AL'],63.3,0,0,0,[2024],0.3135011441647597,21,45.3,22.099999999999998,0,100,Active,0
26497,Ryan Pressly,HOU,35,17,0,0,0,15.1,21,9,23,6,2,0,1,0,2,6,5.28,1.76,AL,['HOU'],['AL'],66.3,0,0,0,[2024],0.3697478991596639,27,45.3,4.252941176470588,0,100,Active,0
648852,Taylor Rogers,SF,33,18,0,0,0,15.1,15,7,21,4,3,1,2,0,0,3,4.11,1.24,NL,['SF'],['NL'],60.3,0,0,0,[2024],0.29245283018867924,19,45.3,3.572222222222222,0,100,Active,0
640394,Yimi Garcia,TOR,33,15,0,0,0,15.1,4,1,20,3,1,1,0,2,0,5,0.59,0.46,AL,['TOR'],['AL'],49.3,0,0,0,[2024],0.13294797687861273,7,45.3,3.4866666666666664,0,100,Active,0
581070,Chris Martin,BOS,37,15,0,0,0,15.1,15,7,15,2,2,2,1,0,3,5,4.11,1.11,AL,['BOS'],['AL'],60.3,0,0,0,[2024],0.27007299270072993,17,45.3,4.153333333333333,0,100,Active,0
938466,Jared Koenig,MIL,30,10,0,0,0,15.1,16,5,10,3,1,4,1,0,0,1,2.93,1.24,NL,['MIL'],['NL'],61.3,0,0,0,[2024],0.29245283018867924,19,45.3,6.43,0,100,Active,0
902874,Tyler Kinley,COL,33,16,0,0,0,15.0,21,15,14,11,4,2,0,0,0,2,9.0,2.13,NL,['COL'],['NL'],66.0,0,0,0,[2024],0.4152046783625731,32,45.0,4.8125,0,100,Active,0
985392,Nick Pivetta,BOS,31,3,3,0,0,15.0,15,6,14,2,4,1,2,0,0,0,3.6,1.13,AL,['BOS'],['AL'],60.0,0,0,0,[2024],0.27360774818401934,17,45.0,20.666666666666668,0,100,Active,0
122870,Hector Neris,CHC,34,16,0,0,0,15.0,13,5,13,14,1,3,0,6,1,3,3.0,1.8,NL,['CHC'],['NL'],58.0,0,0,0,[2024],0.375,27,45.0,4.5,0,100,Active,0
635499,Matt Moore,LAA,34,16,0,0,0,15.0,14,11,14,6,3,0,1,0,1,8,6.6,1.33,AL,['LAA'],['AL'],59.0,0,0,0,[2024],0.3071593533487298,20,45.0,4.0625,0,100,Active,0
750188,Dominic Leone,CWS,32,17,0,0,0,14.2,14,11,14,11,4,0,1,0,2,3,6.75,1.7,AL,['CWS'],['AL'],56.599999999999994,0,0,0,[2024],0.36170212765957444,25,42.599999999999994,3.9764705882352938,0,100,Active,0
798686,Bowden Francis,TOR,28,5,2,0,0,14.2,18,14,17,7,4,2,2,0,0,0,8.59,1.7,AL,['TOR'],['AL'],60.599999999999994,0,0,0,[2024],0.36170212765957444,25,42.599999999999994,13.52,0,100,Active,0
451513,Joey Wentz,DET,26,10,0,0,0,14.2,14,2,19,6,0,0,0,0,0,2,1.23,1.36,AL,['DET'],['AL'],56.599999999999994,0,0,0,[2024],0.3119266055045872,20,42.599999999999994,6.26,0,100,Active,0
5015,Alexis Diaz,CIN,27,16,0,0,0,14.2,12,11,16,12,0,1,2,7,2,0,6.75,1.64,NL,['CIN'],['NL'],54.599999999999994,0,0,0,[2024],0.35344827586206895,24,42.599999999999994,4.1625,0,100,Active,0
121083,Phil Maton,TB,31,18,0,0,0,14.2,10,9,12,9,2,0,2,1,2,8,5.52,1.3,AL,['TB'],['AL'],52.599999999999994,0,0,0,[2024],0.3023255813953489,19,42.599999999999994,3.422222222222222,0,100,Active,0
716429,Dany Jimenez,OAK,30,15,0,0,0,14.2,9,6,11,13,3,1,1,0,2,2,3.68,1.5,AL,['OAK'],['AL'],51.599999999999994,0,0,0,[2024],0.3333333333333333,22,42.599999999999994,4.306666666666667,0,100,Active,0
940899,Calvin Faucher,MIA,28,12,0,0,0,14.2,12,4,16,6,0,1,1,0,0,2,2.45,1.23,NL,['MIA'],['NL'],54.599999999999994,0,0,0,[2024],0.2907801418439716,18,42.599999999999994,5.05,0,100,Active,0
100814,Alex Lange,DET,28,17,0,0,0,14.2,11,5,17,12,0,0,2,2,0,1,3.07,1.57,AL,['DET'],['AL'],53.599999999999994,0,0,0,[2024],0.3435448577680525,23,42.599999999999994,3.8588235294117643,0,100,Active,0
839786,Matt Sauer,KC,25,12,0,0,0,14.1,17,9,7,11,1,0,0,0,0,0,5.65,1.95,AL,['KC'],['AL'],59.3,0,0,0,[2024],0.3939393939393939,28,42.3,5.858333333333333,0,100,Active,0
1026864,Abner Uribe,MIL,23,14,0,0,0,14.1,15,11,14,12,1,2,2,3,2,0,6.91,1.88,NL,['MIL'],['NL'],57.3,0,0,0,[2024],0.38524590163934425,27,42.3,4.95,0,100,Active,0
598769,Nick Anderson,KC,33,16,0,0,0,14.1,17,7,8,9,2,2,1,0,0,2,4.4,1.81,AL,['KC'],['AL'],59.3,0,0,0,[2024],0.37629937629937626,26,42.3,4.26875,0,100,Active,0
129777,Jesse Chavez,ATL,40,11,0,0,0,14.1,11,2,9,6,2,1,1,0,0,0,1.26,1.19,NL,['ATL'],['NL'],53.3,0,0,0,[2024],0.2840095465393795,17,42.3,5.390909090909091,0,100,Active,0
285233,Genesis Cabrera,TOR,27,16,0,0,0,14.1,20,9,10,9,3,1,1,0,1,2,5.65,2.02,AL,['TOR'],['AL'],62.3,0,0,0,[2024],0.402390438247012,29,42.3,4.45625,0,100,Active,0
966259,A.J. Puk,MIA,29,5,4,0,0,14.0,19,14,12,17,1,0,4,0,0,0,9.0,2.57,NL,['MIA'],['NL'],61.0,0,0,0,[2024],0.46140035906642723,36,42.0,15.6,0,100,Active,0
621731,Tim Hill,CWS,34,16,0,0,0,14.0,18,4,6,6,0,1,0,0,1,0,2.57,1.71,AL,['CWS'],['AL'],60.0,0,0,0,[2024],0.3630573248407643,24,42.0,4.125,0,100,Active,0
431266,Caleb Ferguson,NYY,27,17,0,0,0,14.0,14,10,17,8,3,0,3,1,1,6,6.43,1.57,AL,['NYY'],['AL'],56.0,0,0,0,[2024],0.3435448577680525,22,42.0,3.764705882352941,0,100,Active,0
22172,Seranthony Dominguez,PHI,29,16,0,0,0,14.0,17,11,15,6,3,1,2,0,1,4,7.07,1.64,NL,['PHI'],['NL'],59.0,0,0,0,[2024],0.35344827586206895,23,42.0,4.0625,0,100,Active,0
199353,Jose Cisnero,LAA,35,14,0,0,0,14.0,17,11,16,7,4,0,0,0,1,1,7.07,1.71,AL,['LAA'],['AL'],59.0,0,0,0,[2024],0.3630573248407643,24,42.0,4.714285714285714,0,100,Active,0
480152,Andrew Chafin,DET,33,16,0,0,0,14.0,11,6,14,7,2,2,1,0,3,5,3.86,1.29,AL,['DET'],['AL'],53.0,0,0,0,[2024],0.30069930069930073,18,42.0,3.75,0,100,Active,0
486492,Chris Devenski,TB,33,9,0,0,0,14.0,19,12,11,6,5,1,1,0,2,0,7.71,1.79,AL,['TB'],['AL'],61.0,0,0,0,[2024],0.3736951983298539,25,42.0,7.444444444444445,0,100,Active,0
411380,Jordan Weems,WSH,31,17,0,0,0,14.0,13,7,14,9,1,1,1,0,2,4,4.5,1.57,NL,['WSH'],['NL'],55.0,0,0,0,[2024],0.3435448577680525,22,42.0,3.764705882352941,0,100,Active,0
92903,Tyler Beede,CLE,30,13,0,0,0,14.0,16,13,18,9,2,1,0,0,0,2,8.36,1.79,AL,['CLE'],['AL'],58.0,0,0,0,[2024],0.3736951983298539,25,42.0,5.153846153846154,0,100,Active,0
744031,Jared Shuster,CWS,25,5,0,0,0,14.0,10,4,8,5,1,0,0,0,0,1,2.57,1.07,AL,['CWS'],['AL'],52.0,0,0,0,[2024],0.2628992628992629,15,42.0,11.4,0,100,Active,0
266277,Deivi Garcia,CWS,24,14,0,0,0,14.0,16,11,15,11,2,1,2,1,1,0,7.07,1.93,AL,['CWS'],['AL'],58.0,0,0,0,[2024],0.39148073022312374,27,42.0,4.928571428571429,0,100,Active,0
747492,Nate Pearson,TOR,27,16,0,0,0,14.0,14,8,16,7,1,0,0,1,0,0,5.14,1.5,AL,['TOR'],['AL'],56.0,0,0,0,[2024],0.3333333333333333,21,42.0,3.9375,0,100,Active,0
602534,Logan Allen,ARI,26,15,9,0,0,58.3,66,35,43,18,10,4,3,1,0,1,4.61,1.17,AL,"['ARI', 'CLE']",['AL'],240.89999999999998,0,0,0,[2024],0.2805755395683453,84,174.89999999999998,17.259999999999998,0,100,Active,0
445533,Landen Roupp,SF,25,10,0,0,0,13.2,14,8,12,8,1,0,0,0,0,0,5.27,1.61,NL,['SF'],['NL'],53.599999999999994,0,0,0,[2024],0.3492407809110629,22,39.599999999999994,6.159999999999999,0,100,Active,0
807439,Jonathan Cannon,CWS,23,3,3,0,0,13.2,20,11,13,4,2,0,1,0,0,0,7.24,1.76,AL,['CWS'],['AL'],59.599999999999994,0,0,0,[2024],0.3697478991596639,24,39.599999999999994,21.2,0,100,Active,0
107935,Aroldis Chapman,PIT,36,18,0,0,0,13.2,9,7,24,17,2,0,3,1,2,8,4.61,1.9,NL,['PIT'],['NL'],48.599999999999994,0,0,0,[2024],0.38775510204081626,26,39.599999999999994,3.644444444444444,0,100,Active,0
995050,Kenley Jansen,BOS,36,14,0,0,0,13.2,8,4,19,9,0,1,0,7,1,0,2.63,1.24,AL,['BOS'],['AL'],47.599999999999994,0,0,0,[2024],0.29245283018867924,17,39.599999999999994,4.042857142857143,0,100,Active,0
744939,Evan Phillips,LAD,29,14,0,0,0,13.2,10,1,17,4,0,0,0,8,0,0,0.66,1.02,AL,['LAD'],['AL'],49.599999999999994,0,0,0,[2024],0.2537313432835821,14,39.599999999999994,3.8285714285714283,0,100,Active,0
400535,Austin Adams,OAK,33,18,0,0,0,13.2,10,2,18,5,0,0,0,0,1,11,1.32,1.1,AL,['OAK'],['AL'],49.599999999999994,0,0,0,[2024],0.26829268292682934,15,39.599999999999994,3.033333333333333,0,100,Active,0
6686,Justin Steele,CHC,28,3,3,0,0,13.1,12,7,11,4,3,0,0,0,0,0,4.73,1.2,NL,['CHC'],['NL'],51.3,0,0,0,[2024],0.2857142857142857,16,39.3,18.433333333333334,0,100,Active,0
909740,Yunior Marte,PHI,29,12,0,0,0,13.1,12,4,12,5,2,0,0,0,1,2,2.7,1.28,NL,['PHI'],['NL'],51.3,0,0,0,[2024],0.29906542056074764,17,39.3,4.691666666666666,0,100,Active,0
725423,Matt Barnes,WSH,33,14,0,0,0,13.1,16,10,10,4,1,0,0,0,0,0,6.75,1.5,NL,['WSH'],['NL'],55.3,0,0,0,[2024],0.3333333333333333,20,39.3,4.235714285714286,0,100,Active,0
965666,Joe Kelly,LAD,35,15,0,0,0,13.1,13,7,14,5,0,0,0,0,1,9,4.73,1.35,AL,['LAD'],['AL'],52.3,0,0,0,[2024],0.31034482758620696,18,39.3,3.82,0,100,Active,0
42778,Brock Stewart,MIN,32,13,0,0,0,13.1,8,1,17,6,1,0,0,0,0,7,0.68,1.05,AL,['MIN'],['AL'],47.3,0,0,0,[2024],0.2592592592592593,14,39.3,4.1,0,100,Active,0
906788,Ryne Stanek,SEA,32,16,0,0,0,13.1,16,7,14,6,1,1,0,2,0,6,4.73,1.65,AL,['SEA'],['AL'],55.3,0,0,0,[2024],0.3548387096774193,22,39.3,3.83125,0,100,Active,0
91291,Cody Bolton,SEA,25,11,0,0,0,13.1,9,6,11,7,2,0,0,0,0,0,4.05,1.2,AL,['SEA'],['AL'],48.3,0,0,0,[2024],0.2857142857142857,16,39.3,5.027272727272727,0,100,Active,0
338410,Tayler Saucedo,SEA,30,14,0,0,0,13.1,10,4,13,5,0,1,0,1,1,1,2.7,1.13,AL,['SEA'],['AL'],49.3,0,0,0,[2024],0.27360774818401934,15,39.3,3.8785714285714286,0,100,Active,0
1030845,Sean Hjelle,SF,27,8,0,0,0,13.1,12,5,15,1,2,0,1,0,0,1,3.38,0.98,NL,['SF'],['NL'],51.3,0,0,0,[2024],0.24623115577889446,13,39.3,6.5375,0,100,Active,0
397837,Joel Payamps,MIL,30,15,0,0,0,13.0,14,8,11,4,2,1,1,4,2,4,5.54,1.38,NL,['MIL'],['NL'],53.0,0,0,0,[2024],0.3150684931506849,18,39.0,3.8,0,100,Active,0
406119,Aaron Bummer,ATL,30,14,0,0,0,13.0,17,6,15,5,1,1,1,0,2,0,4.15,1.69,NL,['ATL'],['NL'],56.0,0,0,0,[2024],0.36034115138592754,22,39.0,4.357142857142857,0,100,Active,0
718896,Tim Mayza,TOR,32,19,0,0,0,13.0,16,10,11,7,2,0,1,0,1,6,6.92,1.77,AL,['TOR'],['AL'],55.0,0,0,0,[2024],0.37106918238993714,23,39.0,3.263157894736842,0,100,Active,0
813183,Brad Keller,CWS,28,4,1,0,0,12.2,10,4,9,5,1,0,1,0,0,0,2.84,1.18,AL,['CWS'],['AL'],46.599999999999994,0,0,0,[2024],0.2822966507177034,15,36.599999999999994,12.899999999999999,0,100,Active,0
738162,Gabe Speier,SEA,29,15,0,0,0,12.2,8,5,18,8,1,0,1,0,1,4,3.55,1.26,AL,['SEA'],['AL'],44.599999999999994,0,0,0,[2024],0.29577464788732394,16,36.599999999999994,3.5066666666666664,0,100,Active,0
967879,Victor Gonzalez,NYY,28,15,0,0,0,12.2,7,4,4,8,2,2,1,2,0,1,2.84,1.18,AL,['NYY'],['AL'],43.599999999999994,0,0,0,[2024],0.2822966507177034,15,36.599999999999994,3.4399999999999995,0,100,Active,0
182797,Drew Smyly,CHC,34,9,0,0,0,12.2,12,7,11,5,2,2,2,0,0,0,4.97,1.34,NL,['CHC'],['NL'],48.599999999999994,0,0,0,[2024],0.30875576036866365,17,36.599999999999994,5.955555555555555,0,100,Active,0
670981,Erasmo Ramirez,TB,34,7,0,0,0,12.2,9,7,8,6,3,2,0,0,0,0,4.97,1.18,AL,['TB'],['AL'],45.599999999999994,0,0,0,[2024],0.2822966507177034,15,36.599999999999994,7.371428571428571,0,100,Active,0
1041928,Will Smith,KC,34,15,0,0,0,12.2,15,11,8,5,2,0,2,1,1,4,7.82,1.58,AL,['KC'],['AL'],51.599999999999994,0,0,0,[2024],0.34497816593886466,20,36.599999999999994,3.773333333333333,0,100,Active,0
580005,Keegan Thompson,CHC,29,9,0,0,0,12.2,11,7,19,6,2,1,1,0,0,0,4.97,1.34,NL,['CHC'],['NL'],47.599999999999994,0,0,0,[2024],0.30875576036866365,17,36.599999999999994,5.955555555555555,0,100,Active,0
352562,Dillon Tate,BAL,30,11,0,0,0,12.2,7,4,6,6,1,1,0,0,0,0,2.84,1.03,AL,['BAL'],['AL'],43.599999999999994,0,0,0,[2024],0.25558312655086846,13,36.599999999999994,4.509090909090909,0,100,Active,0
541542,Ron Marinaccio,NYY,28,9,0,0,0,12.2,5,2,10,5,1,1,0,0,1,1,1.42,0.79,AL,['NYY'],['AL'],41.599999999999994,0,0,0,[2024],0.20844327176781002,10,36.599999999999994,5.177777777777777,0,100,Active,0
966326,Justin Martinez,ARI,22,10,0,0,0,12.2,7,1,16,9,0,1,0,0,0,0,0.71,1.26,AL,['ARI'],['AL'],43.599999999999994,0,0,0,[2024],0.29577464788732394,16,36.599999999999994,5.26,0,100,Active,0
317428,Christian Scott,NYM,24,2,2,0,0,12.2,11,4,14,3,1,0,1,0,0,0,2.84,1.11,NL,['NYM'],['NL'],47.599999999999994,0,0,0,[2024],0.27007299270072993,14,36.599999999999994,25.299999999999997,0,100,Active,0
420670,Jake Diekman,NYM,37,15,0,0,0,12.1,5,5,17,9,0,1,1,0,1,3,3.65,1.14,NL,['NYM'],['NL'],41.3,0,0,0,[2024],0.2753623188405797,14,36.3,3.353333333333333,0,100,Active,0
274324,John Brebbia,CWS,33,14,0,0,0,12.1,11,6,16,2,3,0,1,1,0,4,4.38,1.05,AL,['CWS'],['AL'],47.3,0,0,0,[2024],0.2592592592592593,13,36.3,3.5214285714285714,0,100,Active,0
167261,Lucas Sims,CIN,30,16,0,0,0,12.1,10,8,14,9,4,1,1,0,1,7,5.84,1.54,NL,['CIN'],['NL'],46.3,0,0,0,[2024],0.3392070484581498,19,36.3,3.45625,0,100,Active,0
397237,Gregory Soto,PHI,29,16,0,0,0,12.0,16,9,13,9,0,0,1,2,0,4,6.75,2.08,NL,['PHI'],['NL'],52.0,0,0,0,[2024],0.4094488188976378,25,36.0,3.8125,0,100,Active,0
260103,Ryder Ryan,PIT,29,9,0,0,0,12.0,8,4,13,5,0,1,0,0,0,3,3.0,1.08,NL,['PIT'],['NL'],44.0,0,0,0,[2024],0.2647058823529412,13,36.0,5.444444444444445,0,100,Active,0
342948,Pierce Johnson,ATL,33,13,0,0,0,12.0,10,4,16,5,1,2,1,1,0,3,3.0,1.25,NL,['ATL'],['NL'],46.0,0,0,0,[2024],0.29411764705882354,15,36.0,3.923076923076923,0,100,Active,0
150712,Tanner Rainey,WSH,31,12,0,0,0,12.0,21,12,8,11,3,0,0,0,0,0,9.0,2.67,NL,['WSH'],['NL'],57.0,0,0,0,[2024],0.4708994708994709,32,36.0,5.666666666666667,0,100,Active,0
651207,Shane Bieber,CLE,28,2,2,0,0,12.0,10,0,20,1,0,2,0,0,0,0,0.0,0.92,AL,['CLE'],['AL'],46.0,0,0,0,[2024],0.23469387755102042,11,36.0,23.5,0,100,Active,0
1011183,Tom Cosgrove,SD,27,15,0,0,0,12.0,17,14,13,5,3,0,1,0,0,2,10.5,1.83,NL,['SD'],['NL'],53.0,0,0,0,[2024],0.37888198757763975,22,36.0,3.8666666666666667,0,100,Active,0
302166,George Soriano,MIA,25,10,0,0,0,11.2,11,12,12,7,3,0,1,0,1,2,9.26,1.54,NL,['MIA'],['NL'],44.599999999999994,0,0,0,[2024],0.3392070484581498,18,33.599999999999994,5.159999999999999,0,100,Active,0
49782,Tyson Miller,SEA,28,9,0,0,0,11.2,8,4,12,1,2,0,0,0,0,1,3.09,0.77,AL,['SEA'],['AL'],41.599999999999994,0,0,0,[2024],0.20424403183023873,9,33.599999999999994,4.7333333333333325,0,100,Active,0
516840,Cole Winn,TEX,24,9,0,0,0,11.2,8,8,11,3,1,0,1,0,0,0,6.17,0.94,AL,['TEX'],['AL'],41.599999999999994,0,0,0,[2024],0.23857868020304568,11,33.599999999999994,4.955555555555555,0,100,Active,0
338079,Bobby Miller,LAD,25,3,3,0,0,11.2,11,7,18,6,2,1,1,0,0,0,5.4,1.46,AL,['LAD'],['AL'],44.599999999999994,0,0,0,[2024],0.3273542600896861,17,33.599999999999994,16.866666666666664,0,100,Active,0
204288,Ryan Brasier,LAD,36,12,1,0,0,11.2,10,6,12,3,3,0,0,0,2,4,4.63,1.11,AL,['LAD'],['AL'],43.599999999999994,0,0,0,[2024],0.27007299270072993,13,33.599999999999994,3.883333333333333,0,100,Active,0
878122,Steven Okert,MIN,32,14,0,0,0,11.2,13,5,16,7,2,0,0,1,4,2,3.86,1.71,AL,['MIN'],['AL'],46.599999999999994,0,0,0,[2024],0.3630573248407643,20,33.599999999999994,3.8285714285714283,0,100,Active,0
598681,John Means,BAL,31,2,2,0,0,11.2,9,4,11,0,1,1,0,0,0,0,3.09,0.77,AL,['BAL'],['AL'],42.599999999999994,0,0,0,[2024],0.20424403183023873,9,33.599999999999994,21.299999999999997,0,100,Active,0
8975,Blake Snell,SF,31,3,3,0,0,11.2,18,15,12,5,2,0,3,0,0,0,11.57,1.97,NL,['SF'],['NL'],51.599999999999994,0,0,0,[2024],0.3963782696177062,23,33.599999999999994,18.866666666666664,0,100,Active,0
498957,Colten Brewer,CHC,31,7,0,0,0,11.2,9,4,12,4,1,0,0,0,1,0,3.09,1.11,NL,['CHC'],['NL'],42.599999999999994,0,0,0,[2024],0.27007299270072993,13,33.599999999999994,6.657142857142857,0,100,Active,0
989650,Carlos Estevez,LAA,31,12,0,0,0,11.2,12,8,14,0,3,0,2,6,3,0,6.17,1.03,AL,['LAA'],['AL'],45.599999999999994,0,0,0,[2024],0.25558312655086846,12,33.599999999999994,3.7999999999999994,0,100,Active,0
745418,Cam Booser,BOS,32,10,0,0,0,11.2,9,4,13,3,2,0,1,0,0,2,3.09,1.03,AL,['BOS'],['AL'],42.599999999999994,0,0,0,[2024],0.25558312655086846,12,33.599999999999994,4.56,0,100,Active,0
440607,Orion Kerkering,PHI,23,11,0,0,0,11.2,7,2,9,4,0,1,0,0,1,2,1.54,0.94,NL,['PHI'],['NL'],40.599999999999994,0,0,0,[2024],0.23857868020304568,11,33.599999999999994,4.054545454545454,0,100,Active,0
107334,Robert Garcia,WSH,27,15,0,0,0,11.1,15,8,18,5,1,0,2,0,1,5,6.35,1.76,NL,['WSH'],['NL'],48.3,0,0,0,[2024],0.3697478991596639,20,33.3,3.5533333333333332,0,100,Active,0
65332,Jorge Alcala,MIN,28,8,0,0,0,11.0,9,4,10,6,0,1,1,0,0,2,3.27,1.36,AL,['MIN'],['AL'],42.0,0,0,0,[2024],0.3119266055045872,15,33.0,6.0,0,100,Active,0
987544,Colin Holderman,PIT,28,12,0,0,0,11.0,5,1,13,6,1,1,0,0,0,3,0.82,1.0,NL,['PIT'],['NL'],38.0,0,0,0,[2024],0.25,11,33.0,3.6666666666666665,0,100,Active,0
110729,Alek Manoah,TOR,26,2,2,0,0,11.0,10,6,12,5,3,0,1,0,0,0,4.91,1.36,AL,['TOR'],['AL'],43.0,0,0,0,[2024],0.3119266055045872,15,33.0,24.0,0,100,Active,0
43822,Daniel Palencia,CHC,24,7,0,0,0,11.0,11,8,12,8,0,0,1,1,0,0,6.55,1.73,NL,['CHC'],['NL'],44.0,0,0,0,[2024],0.3657505285412262,19,33.0,7.428571428571429,0,100,Active,0
28866,Kai-Wei Teng,SF,25,4,0,0,0,11.0,15,12,7,8,2,0,0,0,0,0,9.82,2.09,NL,['SF'],['NL'],48.0,0,0,0,[2024],0.4106090373280943,23,33.0,14.0,0,100,Active,0
390614,Joely Rodriguez,BOS,32,11,0,0,0,11.0,15,8,11,2,3,0,1,0,1,4,6.55,1.55,AL,['BOS'],['AL'],48.0,0,0,0,[2024],0.34065934065934067,17,33.0,4.545454545454546,0,100,Active,0
446391,Jordan Romano,TOR,31,10,0,0,0,10.2,10,4,9,3,1,1,0,6,0,0,3.38,1.22,AL,['TOR'],['AL'],40.599999999999994,0,0,0,[2024],0.2890995260663507,13,30.599999999999998,4.359999999999999,0,100,Active,0
518679,Ricardo Pinto,PHI,30,6,0,0,0,10.2,19,13,8,5,2,0,0,1,0,0,10.97,2.25,NL,['PHI'],['NL'],49.599999999999994,0,0,0,[2024],0.42857142857142855,24,30.599999999999998,9.1,0,100,Active,0
944286,Shawn Dubin,HOU,28,8,0,0,0,10.2,13,9,11,7,0,0,1,0,0,0,7.59,1.88,AL,['HOU'],['AL'],43.599999999999994,0,0,0,[2024],0.38524590163934425,20,30.599999999999998,6.324999999999999,0,100,Active,0
415760,Kyle Nelson,ARI,27,11,0,0,0,10.2,8,5,8,4,2,0,0,0,1,2,4.22,1.13,AL,['ARI'],['AL'],38.599999999999994,0,0,0,[2024],0.27360774818401934,12,30.599999999999998,3.872727272727272,0,100,Active,0
767393,Justin Wilson,CIN,36,15,0,0,0,10.1,12,7,13,2,3,1,0,0,0,4,6.1,1.35,NL,['CIN'],['NL'],42.3,0,0,0,[2024],0.31034482758620696,14,30.299999999999997,2.953333333333333,0,100,Active,0
489215,Tyler Matzek,ATL,33,11,0,0,0,10.0,16,11,10,3,3,0,0,0,0,2,9.9,1.9,NL,['ATL'],['NL'],46.0,0,0,0,[2024],0.38775510204081626,19,30.0,4.454545454545454,0,100,Active,0
266411,Jacob Waguespack,TB,30,4,1,0,0,10.0,13,6,11,10,1,0,0,0,0,0,5.4,2.3,AL,['TB'],['AL'],43.0,0,0,0,[2024],0.43396226415094336,23,30.0,13.25,0,100,Active,0
684631,Drew Smith,NYM,30,10,0,0,0,10.0,10,3,11,7,0,1,0,1,0,3,2.7,1.7,NL,['NYM'],['NL'],40.0,0,0,0,[2024],0.36170212765957444,17,30.0,4.7,0,100,Active,0
164330,Andre Pallante,STL,25,9,0,0,0,10.0,14,7,6,5,1,0,1,0,0,1,6.3,1.9,NL,['STL'],['NL'],44.0,0,0,0,[2024],0.38775510204081626,19,30.0,5.444444444444445,0,100,Active,0
798080,Pedro Avila,SD,27,9,0,0,0,18.2,16,13,21,8,3,1,1,0,0,0,9.0,1.38,NL,"['SD', 'CLE']","['AL', 'NL']",70.6,0,0,0,[2024],0.3150684931506849,24,54.599999999999994,8.733333333333333,0,100,Active,0
271934,Yohan Ramirez,BAL,29,9,0,0,0,13.1,12,11,15,6,1,0,1,0,1,0,6.0,0.83,AL,"['BAL', 'NYM']","['AL', 'NL']",51.3,0,0,0,[2024],0.216710182767624,18,39.3,6.366666666666666,0,100,Active,0
873540,Matt Bowman,ARI,32,7,0,0,0,10.4,4,3,7,5,2,0,0,0,0,3,2.45,0.82,AL,"['ARI', 'MIN']",['AL'],35.2,0,0,0,[2024],0.21465968586387435,9,31.200000000000003,5.742857142857143,0,100,Active,0
944855,Michael Tonkin,MIN,34,11,0,0,0,15.2,15,6,16,6,1,1,3,0,1,0,9.0,2.0,AL,"['MIN', 'NYY', 'NYM']","['AL', 'NL']",60.599999999999994,0,0,0,[2024],0.4,21,45.599999999999994,6.054545454545454,0,100,Active,0
1011014,Mitch White,MIL,29,8,0,0,0,16.3,19,15,8,10,3,1,0,0,0,0,10.8,1.2,NL,"['SF', 'MIL', 'TOR']","['AL', 'NL']",67.9,0,0,0,[2024],0.2857142857142857,29,48.900000000000006,9.7375,0,100,Active,0
671040,Luis Ortiz,PHI,28,14,0,0,0,21.4,15,9,15,11,0,2,2,0,2,1,27.0,4.5,NL,"['PHI', 'PIT']",['NL'],79.19999999999999,0,0,0,[2024],0.6,26,64.19999999999999,6.442857142857142,0,100,Active,0
