Player,Team,Pos,Age,G,AB,R,H,2B,3B,HR,RBI,SB,CS,BB,SO,SH,SF,HBP,AVG,OBP,SLG,OPS
Jarren Duran,BOS,OF,28,158,664,109,190,48,14,21,75,34,7,54,158,1,3,5,.286,.343,.495,.838
Ezequiel Tovar,COL,SS,23,155,647,82,173,45,4,25,77,6,5,23,200,5,7,4,.267,.294,.465,.759
Marcus Semien,TEX,2B,34,157,643,99,152,26,2,23,74,8,3,61,105,0,1,3,.236,.305,.390,.695
Anthony Volpe,NYY,SS,23,158,634,90,155,27,7,12,60,27,5,40,155,2,3,4,.244,.292,.366,.658
Bobby Witt,KC,SS,24,160,632,124,210,45,11,32,109,31,12,57,105,0,8,8,.332,.390,.590,.980
Jose Altuve,HOU,2B,34,153,628,94,185,31,0,20,65,22,7,47,119,0,0,7,.295,.350,.439,.789
Shohei Ohtani,LAD,DH,30,157,627,133,194,38,7,54,130,57,4,80,162,0,5,6,.309,.390,.651,1.041
Gunnar Henderson,BAL,SS,23,158,627,118,177,31,7,37,92,21,4,78,159,0,4,7,.282,.366,.531,.897
Jose Ramirez,CLE,3B,32,157,617,113,171,38,2,38,115,41,7,54,82,0,5,1,.277,.334,.530,.864
Bryan Reynolds,PIT,OF,29,154,615,72,170,29,3,24,88,10,2,56,155,0,3,9,.276,.344,.450,.794
Vladimir Guerrero,TOR,1B,25,157,610,98,199,44,1,30,103,2,2,70,94,0,4,5,.326,.398,.549,.947
Elly De La Cruz,CIN,SS,22,158,609,104,159,36,9,25,74,65,16,69,215,2,1,6,.261,.342,.473,.815
Francisco Lindor,NYM,SS,30,149,605,103,165,39,1,31,86,27,4,55,125,0,3,12,.273,.344,.494,.838
Willy Adames,MIL,SS,29,159,604,91,151,33,0,32,111,21,4,73,172,0,3,1,.250,.330,.464,.794
Nick Castellanos,PHI,OF,32,160,602,79,153,30,3,23,86,6,2,40,137,0,2,10,.254,.310,.429,.739
Jeremy Pena,HOU,SS,27,156,597,78,160,28,2,15,70,20,6,25,109,3,6,14,.268,.310,.397,.707
Pete Alonso,NYM,1B,29,158,594,91,144,31,0,34,88,3,0,69,168,0,4,12,.242,.331,.466,.797
Paul Goldschmidt,STL,1B,37,152,593,69,143,30,1,22,62,11,0,47,171,0,1,2,.241,.299,.406,.705
William Contreras,MIL,C,26,154,592,98,167,37,2,23,92,9,2,77,137,0,3,3,.282,.366,.468,.834
Marcell Ozuna,ATL,DH,33,158,591,96,182,31,0,39,102,1,0,72,164,0,4,3,.308,.384,.558,.942
Anthony Santander,BAL,OF,29,154,590,91,140,25,2,44,102,2,0,58,128,0,5,7,.237,.311,.510,.821
Manny Machado,SD,3B,32,151,588,77,163,30,0,29,105,11,2,45,123,0,4,1,.277,.328,.476,.804
Salvador Perez,KC,C,34,157,586,58,159,27,0,27,104,0,0,44,128,0,6,11,.271,.331,.456,.787
Yainer Diaz,HOU,C,26,148,585,70,175,29,3,16,84,2,0,24,107,0,8,2,.299,.325,.441,.766
Gleyber Torres,NYY,2B,27,153,584,78,149,24,0,15,63,4,3,64,135,2,8,3,.255,.328,.373,.701
Matt Olson,ATL,1B,30,158,584,77,143,37,1,29,98,0,0,71,165,0,5,8,.245,.332,.461,.793
Masyn Winn,STL,SS,22,149,582,83,155,31,5,15,56,11,5,40,109,3,5,1,.266,.312,.414,.726
Alex Bregman,HOU,3B,30,145,581,79,151,30,2,26,75,3,1,44,86,0,4,5,.260,.315,.453,.768
Corbin Carroll,ARI,OF,24,156,581,120,135,21,14,22,74,33,8,72,129,3,9,10,.232,.323,.430,.753
Teoscar Hernandez,LAD,OF,31,152,580,83,157,32,2,32,96,12,3,53,185,0,1,7,.271,.339,.498,.837
Andres Gimenez,CLE,2B,26,151,579,64,146,22,1,9,63,30,5,26,96,3,6,15,.252,.299,.340,.639
Brendan Donovan,STL,2B,27,151,579,63,158,33,3,13,69,5,5,45,81,0,5,13,.273,.336,.408,.744
Nolan Arenado,STL,3B,33,152,578,70,157,23,0,16,71,2,2,44,92,0,7,5,.272,.325,.394,.719
Adolis Garcia,TEX,OF,31,153,577,67,129,27,0,25,85,11,5,45,176,0,6,6,.224,.284,.400,.684
Taylor Ward,LAA,OF,30,154,576,73,143,26,2,25,74,6,4,63,161,0,8,7,.248,.326,.431,.757
Juan Soto,NYY,OF,25,156,573,128,165,31,4,41,108,7,4,127,118,0,4,4,.288,.418,.571,.989
Jake Cronenworth,SD,2B,30,154,573,72,139,29,3,17,82,5,2,61,117,1,3,11,.243,.326,.393,.719
Nico Hoerner,CHC,SS,27,149,573,86,158,35,1,7,48,30,5,44,65,0,3,12,.276,.339,.377,.716
Matt Chapman,SF,3B,31,152,570,96,140,37,2,27,78,15,2,64,157,0,2,6,.246,.327,.460,.787
Maikel Garcia,KC,3B,24,155,570,84,133,27,5,7,58,37,2,40,101,4,5,0,.233,.281,.335,.616
Kyle Schwarber,PHI,OF,31,148,566,108,141,22,0,38,102,5,3,104,195,0,8,5,.249,.366,.489,.855
Spencer Steer,CIN,3B,26,156,566,74,129,34,4,20,92,25,3,71,133,0,2,8,.228,.321,.408,.729
JJ Bleday,OAK,OF,26,157,564,73,137,43,4,20,60,2,3,66,123,1,0,2,.243,.324,.440,.764
Eugenio Suarez,ARI,3B,33,156,562,88,143,28,2,29,99,2,1,49,172,0,11,9,.254,.319,.466,.785
Ryan McMahon,COL,3B,29,151,561,68,137,28,0,20,64,4,6,69,183,0,3,3,.244,.329,.401,.730
Andrew Vaughn,CWS,1B,26,147,561,55,138,30,1,19,69,2,0,38,131,0,5,6,.246,.298,.405,.703
Adley Rutschman,BAL,C,26,146,561,67,141,20,1,19,77,1,0,58,102,0,7,2,.251,.320,.392,.712
Jurickson Profar,SD,OF,31,157,560,93,157,29,0,24,85,10,3,75,100,5,5,18,.280,.380,.461,.841
Ian Happ,CHC,OF,30,151,560,89,137,34,2,25,86,13,2,79,167,0,2,6,.245,.343,.446,.789
Yandy Diaz,TB,1B,33,144,560,53,157,31,1,14,65,0,0,48,94,0,4,4,.280,.339,.414,.753
Josh Naylor,CLE,1B,27,151,559,84,135,27,0,31,108,6,2,58,105,0,4,7,.242,.318,.456,.774
Julio Rodriguez,SEA,OF,23,141,559,73,152,17,0,20,67,24,5,38,155,0,2,6,.272,.324,.410,.734
Brice Turang,MIL,2B,24,154,555,72,141,24,4,7,57,50,6,50,104,5,3,2,.254,.316,.350,.666
Willi Castro,MIN,OF,27,157,555,89,137,31,5,12,60,14,9,51,150,1,4,21,.247,.331,.386,.717
Alex Verdugo,NYY,OF,28,148,555,74,129,28,1,13,59,1,1,49,92,2,10,1,.232,.291,.357,.648
Brandon Nimmo,NYM,OF,31,147,554,87,125,25,3,22,87,14,0,77,151,0,3,12,.226,.331,.401,.732
Aaron Judge,NYY,OF,32,157,554,122,180,36,1,58,144,10,0,133,166,0,2,9,.325,.461,.708,1.169
Yordan Alvarez,HOU,OF,27,147,552,88,170,34,2,35,86,6,0,69,95,0,4,10,.308,.392,.567,.959
Jackson Merrill,SD,SS,21,155,552,77,161,31,6,24,90,16,3,28,101,4,5,1,.292,.324,.500,.824
Alec Bohm,PHI,3B,28,141,546,62,154,44,2,15,95,5,2,40,85,0,6,6,.282,.334,.452,.786
Bryce Harper,PHI,1B,31,144,546,85,156,42,0,30,87,7,4,76,135,1,2,2,.286,.374,.527,.901
George Springer,TOR,OF,35,144,542,74,119,19,3,19,56,15,1,59,115,0,2,6,.220,.302,.371,.673
Brenton Doyle,COL,OF,26,149,542,82,141,24,4,23,72,30,5,46,153,4,8,3,.260,.317,.446,.763
Zach Neto,LAA,SS,23,155,542,70,135,34,1,23,77,30,10,39,140,4,1,16,.249,.318,.443,.761
Freddie Freeman,LAD,1B,35,147,542,81,153,35,2,22,89,9,2,78,100,0,8,10,.282,.378,.476,.854
Ceddanne Rafaela,BOS,OF,24,151,541,70,132,23,5,15,75,19,9,15,150,2,3,7,.244,.272,.388,.660
CJ Abrams,WSH,SS,23,138,541,79,133,29,6,20,65,31,12,40,128,1,4,16,.246,.314,.433,.747
Orlando Arcia,ATL,SS,30,153,541,50,118,23,0,17,46,2,0,39,124,1,7,2,.218,.270,.355,.625
Alec Burleson,STL,OF,25,150,539,70,143,20,0,21,75,9,3,33,75,1,6,4,.265,.309,.419,.728
Brent Rooker,OAK,OF,29,143,538,81,159,26,2,38,110,11,3,58,174,0,4,5,.296,.367,.563,.930
Cal Raleigh,SEA,C,27,151,537,70,117,16,0,32,97,6,1,70,174,0,6,6,.218,.312,.426,.738
Oneil Cruz,PIT,SS,25,144,534,71,140,34,3,21,76,22,1,49,176,0,4,3,.262,.325,.455,.780
Dansby Swanson,CHC,SS,30,148,531,81,128,26,2,16,66,18,3,53,144,0,3,2,.241,.311,.388,.699
Jonathan India,CIN,2B,27,149,527,83,131,28,2,15,58,13,2,77,124,2,7,15,.249,.356,.395,.751
Jake Burger,MIA,3B,28,135,526,66,132,23,1,29,76,1,1,31,149,0,4,9,.251,.302,.464,.766
Rafael Devers,BOS,3B,27,138,525,87,143,34,5,28,83,3,0,67,147,0,6,3,.272,.354,.516,.870
Jackson Chourio,MIL,OF,20,146,519,80,142,28,4,21,79,21,7,39,118,1,2,3,.274,.327,.464,.791
Nolan Schanuel,LAA,1B,22,147,519,62,130,19,0,13,54,10,1,68,103,3,7,9,.250,.343,.362,.705
Carlos Santana,MIN,1B,38,148,516,61,121,26,0,22,70,4,0,62,99,0,2,6,.234,.323,.413,.736
Matt Vierling,DET,OF,28,143,515,79,133,28,5,16,57,6,1,40,120,0,5,3,.258,.313,.425,.738
Josh Smith,TEX,SS,27,147,513,67,134,29,1,13,60,11,2,46,119,2,3,18,.261,.341,.398,.739
Cody Bellinger,CHC,OF,29,129,513,72,136,23,3,18,78,9,2,44,89,0,5,3,.265,.324,.427,.751
Colt Keith,DET,3B,23,146,510,54,133,15,4,13,61,7,1,36,109,0,2,2,.261,.311,.382,.693
Seiya Suzuki,CHC,OF,30,130,506,73,142,27,6,21,73,16,6,60,160,0,4,6,.281,.361,.482,.843
Riley Greene,DET,OF,24,135,505,82,134,27,6,24,74,4,2,63,155,0,2,5,.265,.351,.485,.836
Lourdes Gurriel,ARI,OF,30,131,504,72,140,22,1,18,74,7,1,29,100,0,5,6,.278,.322,.433,.755
Brendan Rodgers,COL,2B,28,135,501,67,134,29,1,13,54,1,0,31,132,1,2,4,.267,.314,.407,.721
Bryson Stott,PHI,2B,26,146,498,65,123,19,2,11,56,32,3,53,92,0,9,3,.247,.318,.359,.677
Trea Turner,PHI,SS,31,119,497,86,146,25,0,20,60,19,3,27,96,0,1,6,.294,.337,.465,.802
Luis Arraez,SD,2B,27,116,497,60,158,23,2,4,41,9,3,16,17,1,1,6,.318,.346,.396,.742
Ketel Marte,ARI,2B,30,134,496,92,145,23,2,35,93,7,1,65,106,0,9,4,.292,.373,.558,.931
Vinnie Pasquantino,KC,1B,26,131,496,64,130,30,2,19,97,1,0,40,71,1,13,4,.262,.315,.446,.761
Colton Cowser,BAL,OF,24,152,495,77,121,24,3,24,69,9,4,52,172,0,3,7,.244,.323,.451,.774
Zack Gelof,OAK,2B,24,136,492,59,104,20,2,17,49,25,3,38,185,3,5,4,.211,.271,.364,.635
Michael Busch,CHC,3B,26,150,492,73,123,28,2,21,65,2,1,59,161,0,4,4,.250,.333,.443,.776
Luis Garcia,WSH,2B,24,138,491,56,138,25,1,17,68,22,5,27,83,0,1,0,.281,.318,.440,.758
Wyatt Langford,TEX,OF,22,132,490,71,124,25,4,15,73,18,3,50,114,0,3,4,.253,.325,.412,.737
Jesus Sanchez,MIA,OF,26,147,482,57,121,25,1,18,64,15,2,40,137,1,2,4,.251,.313,.419,.732
Steven Kwan,CLE,OF,27,122,480,83,140,16,3,14,44,12,5,53,51,2,0,5,.292,.368,.425,.793
Shea Langeliers,OAK,C,26,136,478,57,107,18,2,28,77,4,2,40,144,0,6,5,.224,.287,.446,.733
Nathaniel Lowe,TEX,1B,29,138,478,57,124,14,1,14,64,2,0,69,125,0,4,4,.259,.355,.381,.736
Corey Seager,TEX,SS,30,123,475,68,132,21,0,30,74,1,1,53,96,0,2,3,.278,.353,.512,.865
Sal Frelick,MIL,OF,24,145,475,66,123,22,4,2,32,18,3,39,78,2,1,4,.259,.320,.335,.655
Logan O'Hoppe,LAA,C,24,135,474,62,113,16,1,20,56,2,3,33,154,1,1,8,.238,.298,.403,.701
Christian Walker,ARI,1B,33,128,473,71,118,25,0,26,84,2,2,55,132,0,8,7,.249,.331,.467,.798
Andrew Benintendi,CWS,OF,30,134,473,48,107,19,0,19,62,3,2,41,95,0,3,1,.226,.288,.387,.675
Leody Taveras,TEX,OF,26,149,473,58,108,17,3,12,44,22,6,40,111,3,4,0,.228,.286,.353,.639
Will Smith,LAD,C,29,127,471,75,116,24,2,20,74,0,1,50,104,0,8,9,.246,.325,.433,.758
Heliot Ramos,SF,OF,25,120,471,53,127,23,3,22,72,6,1,37,135,0,4,2,.270,.323,.471,.794
Ryan Mountcastle,BAL,1B,27,122,465,54,126,30,2,13,62,3,0,27,110,0,5,1,.271,.309,.428,.737
Jacob Young,WSH,OF,25,148,462,74,119,24,1,3,36,32,10,28,100,9,2,12,.258,.315,.333,.648
Daulton Varsho,TOR,OF,28,136,459,73,98,21,7,18,58,10,2,48,137,1,1,4,.214,.293,.407,.700
Jake Meyers,HOU,OF,28,147,457,50,100,20,3,13,61,11,3,35,117,3,4,10,.219,.287,.361,.648
Keibert Ruiz,WSH,C,26,126,455,45,103,21,0,13,56,3,1,16,53,0,5,5,.226,.258,.358,.616
Jonah Heim,TEX,C,29,129,452,45,99,12,0,13,57,1,1,26,90,0,2,4,.219,.267,.332,.599
Gavin Sheets,CWS,OF,28,139,451,35,105,24,1,10,45,2,2,43,106,0,3,4,.233,.303,.357,.660
Tyler Stephenson,CIN,C,28,136,450,69,116,26,1,19,65,1,0,46,116,0,2,8,.258,.336,.447,.783
Andrew McCutchen,PIT,DH,37,120,448,66,104,18,1,20,50,3,2,58,133,0,2,7,.232,.328,.411,.739
Rhys Hoskins,MIL,1B,31,130,446,58,96,14,0,26,82,3,0,52,147,0,6,7,.215,.303,.422,.725
Mookie Betts,LAD,OF,31,114,445,74,129,23,5,19,75,16,2,61,57,0,4,1,.290,.374,.492,.866
Charlie Blackmon,COL,OF,38,122,443,58,113,24,5,12,52,6,2,43,84,0,1,6,.255,.329,.413,.742
Connor Wong,BOS,C,28,125,443,54,124,23,1,13,51,8,7,28,114,1,2,9,.280,.334,.424,.758
Cedric Mullins,BAL,OF,29,146,441,67,102,16,3,18,54,32,6,41,98,2,2,5,.231,.303,.404,.707
Jose Caballero,TB,2B,28,138,437,53,99,24,1,9,44,44,16,27,133,3,3,9,.227,.284,.348,.632
Ryan O'Hearn,BAL,1B,31,140,436,57,113,21,3,14,57,3,1,45,67,0,3,2,.259,.329,.417,.746
Michael Conforto,SF,OF,31,129,434,56,103,27,3,20,66,0,1,42,118,0,3,5,.237,.310,.452,.762
Gavin Lux,LAD,2B,26,138,434,56,107,23,2,10,49,5,2,43,109,0,2,2,.247,.316,.378,.694
Jake McCarthy,ARI,OF,27,140,434,65,123,12,7,8,54,25,6,31,77,5,3,14,.283,.349,.399,.748
Joey Ortiz,MIL,2B,26,140,434,58,104,25,6,11,57,10,6,55,100,3,6,6,.240,.329,.401,.730
Ernie Clement,TOR,SS,28,137,427,48,113,21,3,12,51,12,3,11,40,2,2,3,.265,.287,.412,.699
Jeimer Candelario,CIN,3B,30,112,427,47,96,23,2,20,56,4,3,27,114,0,3,6,.225,.279,.429,.708
J.D. Martinez,NYM,DH,37,118,426,45,99,23,1,16,69,0,0,48,140,0,2,6,.232,.317,.404,.721
Austin Riley,ATL,3B,27,110,425,63,109,26,2,19,56,0,0,37,118,0,2,5,.256,.322,.461,.783
Xander Bogaerts,SD,SS,31,110,424,50,111,15,1,11,44,13,3,28,79,0,6,1,.262,.305,.380,.685
Jeff McNeil,NYM,2B,32,129,424,57,101,26,0,12,44,5,1,35,68,1,3,9,.238,.308,.384,.692
Michael Harris,ATL,OF,23,106,424,56,112,14,3,16,48,9,6,21,93,0,3,4,.264,.303,.425,.728
Bryan De La Cruz,MIA,OF,27,105,424,44,104,19,0,18,51,3,1,25,118,0,2,2,.245,.289,.417,.706
Mike Yastrzemski,SF,OF,34,138,423,60,99,16,9,18,57,3,2,38,124,1,1,6,.234,.306,.442,.748
Josh Rojas,SEA,3B,30,141,414,48,94,19,2,8,29,10,4,46,106,1,2,3,.227,.308,.341,.649
Brandon Marsh,PHI,OF,26,133,412,55,104,17,3,16,60,18,3,50,154,1,5,2,.252,.333,.425,.758
Giancarlo Stanton,NYY,OF,34,112,412,49,97,20,0,27,72,0,0,37,142,0,2,2,.235,.300,.481,.781
Jordan Westburg,BAL,2B,25,106,411,57,109,26,5,18,61,6,3,22,95,1,1,7,.265,.313,.484,.797
Jorge Polanco,SEA,2B,31,116,411,43,88,11,0,16,45,4,2,44,135,0,2,4,.214,.295,.358,.653
Jarred Kelenic,ATL,OF,25,130,411,49,94,18,2,15,44,7,2,32,133,1,3,1,.229,.284,.392,.676
Ryan Jeffers,MIN,C,27,121,408,55,91,22,0,20,62,3,0,32,94,1,6,14,.223,.298,.424,.722
Tyler O'Neill,BOS,OF,29,112,408,74,98,18,0,31,61,4,0,53,157,0,2,6,.240,.335,.512,.847
Lawrence Butler,OAK,OF,24,124,407,63,108,24,2,22,57,18,0,35,105,0,4,0,.265,.321,.496,.817
Jo Adell,LAA,OF,25,130,405,54,84,15,2,20,62,15,10,35,126,0,3,7,.207,.280,.402,.682
MJ Melendez,KC,OF,25,133,405,44,85,23,3,17,44,4,4,34,108,0,0,3,.210,.276,.407,.683
Ha-Seong Kim,SD,SS,28,121,403,60,94,16,3,11,47,22,5,58,77,4,3,2,.233,.330,.370,.700
Mark Vientos,NYM,3B,24,108,401,57,108,22,0,27,70,0,0,33,131,0,4,3,.269,.327,.526,.853
Jose Miranda,MIN,3B,26,121,401,44,114,28,4,9,49,2,2,18,66,0,4,6,.284,.322,.441,.763
Otto Lopez,MIA,SS,25,116,399,49,107,22,1,6,38,20,3,25,74,2,2,1,.268,.311,.373,.684
Andy Pages,LAD,OF,23,114,398,64,100,23,1,13,46,1,2,28,105,0,4,6,.251,.307,.412,.719
Luke Raley,SEA,OF,30,135,398,56,96,18,2,21,55,11,2,26,133,2,2,18,.241,.315,.455,.770
Nicky Lopez,CWS,2B,29,124,398,40,96,12,3,1,21,5,7,37,67,6,0,4,.241,.312,.294,.606
Jose Siri,TB,OF,29,129,398,50,75,16,1,18,47,14,7,31,168,2,4,7,.188,.257,.369,.626
Josh Bell,MIA,1B,32,104,398,38,95,18,1,14,49,0,0,34,88,0,3,5,.239,.305,.394,.699
Mauricio Dubon,HOU,OF,30,136,398,45,106,23,0,4,47,3,2,16,55,3,5,2,.266,.295,.354,.649
Patrick Bailey,SF,C,25,120,398,45,93,16,1,8,44,3,0,39,99,1,6,0,.234,.298,.339,.637
Harrison Bader,NYM,OF,30,139,394,57,95,19,0,12,51,17,8,21,91,0,6,8,.241,.289,.381,.670
Fernando Tatis,SD,OF,25,101,394,64,110,21,1,21,49,11,3,32,94,0,1,7,.279,.343,.497,.840
Michael Toglia,COL,OF,26,114,393,62,86,14,3,25,55,10,1,52,144,0,3,1,.219,.310,.461,.771
Mickey Moniak,LAA,OF,26,124,392,48,86,17,2,14,49,8,4,21,114,0,1,4,.219,.266,.380,.646
Wilyer Abreu,BOS,OF,25,130,392,59,100,33,2,15,58,8,3,39,124,0,5,3,.255,.323,.464,.787
Max Schuemann,OAK,OF,27,131,392,53,85,13,0,7,34,14,1,46,117,5,4,6,.217,.306,.304,.610
Davis Schneider,TOR,2B,25,133,391,48,76,19,1,13,46,6,0,46,141,0,5,5,.194,.284,.348,.632
Luis Robert,CWS,OF,27,99,388,46,87,19,0,14,35,22,6,28,140,0,1,2,.224,.279,.381,.660
Jared Triolo,PIT,3B,26,123,387,40,84,10,1,8,43,8,1,42,113,0,4,5,.217,.299,.310,.609
Jazz Chisholm,MIA,OF,26,101,386,46,96,14,4,13,50,22,8,39,107,0,1,4,.249,.323,.407,.730
Ozzie Albies,ATL,2B,27,95,384,50,97,28,1,9,48,8,1,24,64,0,4,5,.253,.302,.401,.703
J.P. Crawford,SEA,SS,29,103,384,53,77,16,2,9,37,5,0,52,100,0,1,6,.201,.305,.323,.628
Rowdy Tellez,PIT,1B,29,132,383,38,93,18,0,13,56,1,0,31,89,0,5,2,.243,.299,.392,.691
Wenceel Perez,DET,2B,24,110,382,51,91,16,5,9,37,9,5,31,90,2,1,1,.238,.296,.377,.673
Kyle Isbel,KC,OF,27,135,382,62,88,13,8,8,42,11,2,26,86,8,2,5,.230,.287,.369,.656
Hunter Renfroe,KC,OF,32,119,381,43,87,18,0,14,51,1,1,36,82,0,1,2,.228,.298,.386,.684
Blake Perkins,MIL,OF,28,119,381,54,92,13,2,6,43,23,5,41,107,0,6,3,.241,.316,.333,.649
Brandon Lowe,TB,2B,30,106,380,54,91,19,3,21,58,5,1,33,111,0,2,5,.239,.307,.471,.778
Brayan Rocchio,CLE,SS,23,142,379,50,79,18,0,8,36,10,6,44,87,2,5,8,.208,.300,.319,.619
Masataka Yoshida,BOS,OF,31,108,378,45,106,21,0,10,56,2,0,27,52,0,2,14,.280,.349,.415,.764
J.T. Realmuto,PHI,C,33,98,377,50,100,18,1,14,47,2,2,26,100,0,1,5,.265,.320,.430,.750
Mitch Haniger,SEA,OF,33,119,375,42,79,12,0,12,44,0,0,39,123,0,1,2,.211,.288,.339,.627
Korey Lee,CWS,C,26,124,372,36,78,14,1,12,35,5,3,17,122,0,0,0,.210,.244,.349,.593
Max Kepler,MIN,OF,31,105,368,43,93,21,1,8,42,1,0,22,80,0,3,5,.253,.302,.380,.682
Mitch Garver,SEA,C,33,113,367,37,63,17,0,15,51,0,0,53,133,0,3,7,.172,.286,.341,.627
Ke'Bryan Hayes,PIT,3B,27,96,365,38,85,9,0,4,25,11,2,23,75,0,4,4,.233,.283,.290,.573
Joc Pederson,ARI,OF,32,131,365,62,101,17,1,23,64,6,4,55,104,1,3,18,.277,.395,.518,.913
Nolan Gorman,STL,2B,24,107,365,42,74,15,0,19,50,6,1,34,151,0,2,1,.203,.271,.400,.671
Dylan Moore,SEA,OF,32,133,365,53,74,23,4,10,42,31,6,50,123,1,5,14,.203,.318,.370,.688
Pete Crow-Armstrong,CHC,OF,22,121,365,46,87,13,6,10,46,27,3,21,98,7,3,6,.238,.289,.389,.678
Thairo Estrada,SF,2B,28,96,364,43,79,15,2,9,47,2,2,10,76,0,2,5,.217,.247,.343,.590
Connor Joe,PIT,OF,32,123,364,49,83,22,1,9,36,2,2,44,91,0,2,6,.228,.320,.368,.688
Isaac Paredes,TB,3B,25,101,363,41,89,19,1,16,55,0,1,52,68,0,2,12,.245,.357,.435,.792
Seth Brown,OAK,OF,32,122,363,30,84,10,1,14,44,4,2,25,109,0,1,2,.231,.284,.380,.664
Christopher Morel,CHC,OF,25,103,362,43,72,7,1,18,51,7,5,47,103,0,4,8,.199,.302,.373,.675
Trevor Larnach,MIN,OF,27,112,355,59,92,17,0,15,52,4,1,40,89,0,2,3,.259,.338,.434,.772
Byron Buxton,MIN,DH,30,102,355,62,99,27,3,18,56,7,2,20,99,0,2,11,.279,.335,.524,.859
Santiago Espinal,CIN,2B,29,117,354,32,88,12,0,9,45,11,1,24,54,4,4,2,.249,.297,.359,.656
Enrique Hernandez,LAD,SS,33,124,353,42,80,16,0,11,39,0,0,26,77,1,3,0,.227,.277,.365,.642
Jon Singleton,HOU,1B,33,118,352,46,83,13,1,13,41,0,0,45,110,0,3,0,.236,.320,.389,.709
Nick Gonzales,PIT,2B,25,92,351,40,96,19,3,6,48,5,3,18,74,1,4,4,.274,.313,.396,.709
Austin Wells,NYY,C,25,113,350,40,81,18,1,13,55,1,2,45,87,1,7,4,.231,.320,.400,.720
Bo Naylor,CLE,C,24,122,350,39,71,10,2,13,39,6,3,29,120,2,2,2,.203,.266,.354,.620
Randy Arozarena,TB,OF,29,100,350,45,74,19,0,15,37,16,7,45,101,0,3,11,.211,.318,.394,.712
Josh Lowe,TB,OF,26,104,345,36,83,19,2,10,32,25,1,31,119,0,2,0,.241,.302,.394,.696
Will Benson,CIN,OF,26,128,343,41,64,19,2,14,43,16,7,40,154,1,2,2,.187,.274,.376,.650
Jake Fraley,CIN,OF,29,114,343,44,94,19,2,5,26,20,5,26,70,0,3,3,.274,.328,.385,.713
Lenyn Sosa,CWS,2B,24,98,343,25,85,13,0,7,32,3,1,11,77,2,1,3,.248,.277,.347,.624
Jorge Soler,SF,OF,32,93,341,57,82,23,1,12,40,1,0,44,97,0,3,3,.240,.330,.419,.749
Lars Nootbaar,STL,OF,27,107,341,39,85,18,3,12,45,7,3,50,76,1,3,1,.249,.344,.425,.769
Johan Rojas,PHI,OF,24,120,338,47,82,12,3,3,32,25,4,13,69,8,0,4,.243,.279,.322,.601
Alejandro Kirk,TOR,C,25,102,337,23,86,19,1,5,54,0,0,34,51,0,9,2,.255,.319,.362,.681
Abraham Toro,OAK,3B,27,94,337,34,81,17,1,6,26,4,2,20,62,2,0,5,.240,.293,.350,.643
Paul DeJong,CWS,SS,31,102,337,39,77,14,0,18,41,2,1,14,112,0,3,9,.228,.275,.430,.705
Spencer Torkelson,DET,1B,25,90,337,44,74,21,1,10,36,0,0,31,103,0,1,4,.220,.292,.377,.669
Anthony Rizzo,NYY,1B,35,91,335,38,76,12,0,8,35,0,0,27,65,0,2,8,.227,.298,.334,.632
David Fry,CLE,C,28,122,335,44,88,18,1,14,51,4,1,42,84,0,4,9,.263,.356,.448,.804
Freddy Fermin,KC,C,29,109,333,39,90,14,0,6,36,2,0,23,64,1,3,2,.270,.319,.366,.685
Geraldo Perdomo,ARI,SS,24,96,332,61,91,21,2,3,36,8,1,35,57,6,5,3,.274,.344,.377,.721
Tyler Freeman,CLE,3B,25,118,330,48,69,14,1,7,32,11,6,28,53,3,3,19,.209,.305,.321,.626
Michael Massey,KC,2B,26,98,328,44,85,17,2,13,42,1,0,14,55,2,4,3,.259,.292,.442,.734
Jonny DeLuca,TB,OF,26,106,328,29,71,12,4,6,31,16,6,24,77,2,0,4,.216,.278,.332,.610
Will Brennan,CLE,OF,26,113,326,35,84,11,2,8,30,4,2,19,48,0,1,3,.258,.304,.377,.681
Starling Marte,NYM,OF,35,90,326,44,87,12,3,7,40,16,1,25,79,2,2,3,.267,.323,.387,.710
LaMonte Wade,SF,OF,30,115,325,45,85,16,0,8,33,2,1,62,89,1,3,4,.262,.383,.385,.768
Miguel Amaya,CHC,C,25,116,324,32,75,13,2,8,47,0,0,23,62,5,3,4,.231,.288,.358,.646
Spencer Horwitz,TOR,1B,26,95,321,46,86,19,0,12,40,0,0,41,70,0,4,7,.268,.359,.439,.798
Mark Canha,DET,OF,35,93,320,42,74,17,0,7,38,4,0,42,79,0,4,11,.231,.337,.350,.687
Carlos Correa,MIN,SS,30,86,319,55,99,20,2,14,54,0,0,40,61,0,4,3,.310,.388,.517,.905
Brandon Drury,LAA,2B,32,95,316,27,54,7,0,4,15,1,0,27,78,0,3,5,.171,.245,.231,.476
Jake Cave,COL,OF,31,121,316,42,80,15,5,7,37,5,2,18,94,1,3,1,.253,.293,.399,.692
Jesse Winker,WSH,OF,31,101,315,51,81,18,0,11,45,14,4,53,84,2,2,7,.257,.374,.419,.793
Bo Bichette,TOR,SS,26,81,311,29,70,16,1,4,31,5,1,20,64,0,2,3,.225,.277,.322,.599
Manuel Margot,MIN,OF,30,127,308,37,73,17,1,4,31,5,0,21,53,1,3,3,.237,.290,.338,.628
Miguel Rojas,LAD,SS,35,103,307,41,87,21,0,6,36,8,2,23,34,2,2,3,.283,.337,.410,.747
Jake Rogers,DET,C,29,101,307,43,61,16,1,10,36,1,0,22,99,0,2,3,.199,.257,.355,.612
Tyrone Taylor,NYM,OF,30,126,307,46,76,21,3,7,35,10,2,19,77,1,1,5,.248,.301,.404,.705
Tyler Fitzgerald,SF,OF,27,94,307,52,87,19,2,15,34,17,4,21,105,0,1,4,.283,.336,.505,.841
Nick Fortes,MIA,C,27,109,304,28,69,16,0,4,29,0,1,11,41,7,5,4,.227,.259,.319,.578
Elias Diaz,COL,C,33,84,304,26,82,18,0,5,36,0,0,17,64,0,2,4,.270,.315,.378,.693
Adam Duvall,ATL,OF,36,104,303,29,55,10,0,11,30,0,0,21,99,0,1,5,.182,.245,.323,.568
Miguel Andujar,OAK,OF,29,75,302,31,86,14,1,4,30,3,2,13,42,0,1,3,.285,.320,.377,.697
Willson Contreras,STL,C,32,84,301,48,79,17,0,15,36,4,1,45,96,0,0,12,.262,.380,.468,.848
Justin Turner,TOR,1B,39,91,301,37,77,17,0,6,31,0,2,39,60,0,3,6,.256,.350,.372,.722
Gio Urshela,DET,3B,32,92,300,25,73,10,1,5,37,0,0,19,49,0,5,1,.243,.286,.333,.619
Francisco Alvarez,NYM,C,22,97,300,37,70,13,2,11,44,1,1,30,85,0,1,2,.233,.306,.400,.706
Lane Thomas,WSH,OF,29,77,300,42,76,16,3,8,40,28,12,32,72,0,4,5,.253,.331,.407,.738
Gabriel Moreno,ARI,C,24,95,300,38,80,17,1,5,44,3,1,39,50,0,3,2,.267,.352,.380,.732
Ty France,SEA,1B,30,88,300,28,67,14,0,8,31,0,1,28,83,0,1,11,.223,.312,.350,.662
Mike Tauchman,CHC,OF,33,107,297,50,74,12,1,7,28,6,2,46,70,0,1,4,.249,.356,.367,.723
Jake Bauers,MIL,1B,28,115,297,44,59,9,2,12,43,13,1,38,116,0,0,5,.199,.300,.364,.664
Travis d'Arnaud,ATL,C,35,96,297,38,70,16,0,14,47,1,0,24,84,0,4,6,.236,.302,.431,.733
Oswaldo Cabrera,NYY,OF,25,108,295,46,73,11,0,8,36,4,2,21,62,2,3,1,.247,.297,.366,.663
David Hamilton,BOS,SS,26,98,294,47,73,17,1,8,28,33,4,22,80,0,0,1,.248,.303,.395,.698
Michael Siani,STL,OF,25,122,293,41,68,7,2,2,20,20,3,19,88,11,1,3,.232,.285,.290,.575
Zach McKinstry,DET,2B,29,116,293,32,64,14,5,4,23,16,0,24,69,0,2,2,.218,.280,.341,.621
Christian Vazquez,MIN,C,34,92,290,29,65,10,0,7,27,3,1,11,63,5,4,1,.224,.252,.331,.583
TJ Friedl,CIN,OF,29,83,289,35,65,5,1,13,55,9,1,26,52,2,4,12,.225,.311,.384,.695
Kevin Newman,ARI,SS,31,110,288,41,80,17,1,3,28,8,1,15,48,6,2,0,.278,.311,.375,.686
Ben Rortvedt,TB,C,27,111,287,27,66,13,0,3,31,1,0,34,87,0,0,3,.230,.318,.307,.625
James Wood,WSH,OF,22,77,286,41,76,13,3,8,39,14,8,39,91,0,0,2,.266,.358,.416,.774
Royce Lewis,MIN,3B,25,80,285,40,68,16,0,16,47,0,0,28,72,0,5,0,.239,.302,.463,.765
Luis Rengifo,LAA,2B,27,78,283,41,85,13,1,6,30,24,7,16,44,1,0,4,.300,.347,.417,.764
Joey Meneses,WSH,DH,32,76,281,19,65,11,0,3,42,2,0,21,63,0,6,5,.231,.291,.302,.593
Luis Campusano,SD,C,25,91,277,37,63,13,0,8,40,0,0,20,41,0,1,1,.227,.281,.361,.642
Donovan Solano,SD,2B,36,94,277,30,77,13,0,7,33,2,1,22,64,0,1,3,.278,.337,.401,.738
Javier Baez,DET,SS,31,80,272,25,50,12,0,6,37,8,1,12,69,0,3,2,.184,.221,.294,.515
Rob Refsnyder,BOS,OF,33,93,272,32,77,16,1,11,40,2,2,28,78,0,1,5,.283,.359,.471,.830
Kyle Tucker,HOU,OF,27,77,272,55,78,13,0,23,49,11,0,56,54,0,2,1,.287,.408,.588,.996
Ildemaro Vargas,WSH,3B,33,97,272,21,67,16,0,1,30,9,4,19,31,5,5,2,.246,.295,.316,.611
Tommy Pham,CWS,OF,36,70,271,33,72,14,1,5,19,6,3,25,63,0,0,1,.266,.330,.380,.710
Christian Yelich,MIL,OF,32,73,270,44,85,12,3,11,42,21,1,40,58,1,1,2,.315,.406,.504,.910
Michael Taylor,PIT,OF,33,113,269,35,52,9,1,5,21,12,1,23,105,4,4,0,.193,.253,.290,.543
Ramon Urias,BAL,3B,30,98,265,37,67,9,2,11,37,1,1,23,55,0,1,5,.253,.323,.426,.749
Amed Rosario,TB,SS,28,76,264,22,81,17,3,2,26,9,4,7,48,0,1,3,.307,.331,.417,.748
Parker Meadows,DET,OF,24,80,263,38,64,12,6,9,28,9,4,24,74,1,1,1,.243,.308,.437,.745
Richie Palacios,TB,OF,27,91,260,46,59,8,1,5,21,19,1,45,67,0,1,4,.227,.348,.323,.671
Ezequiel Duran,TEX,SS,25,90,260,25,65,11,0,3,20,1,2,13,60,0,1,2,.250,.290,.327,.617
Nick Gordon,MIA,OF,28,95,260,29,59,11,1,8,32,5,5,11,67,0,3,1,.227,.258,.369,.627
Edouard Julien,MIN,2B,25,92,259,36,53,9,0,8,21,6,0,32,99,0,0,2,.205,.297,.332,.629
Adam Frazier,KC,2B,32,103,258,35,53,10,1,4,22,3,0,22,57,3,0,7,.205,.286,.298,.584
Xavier Edwards,MIA,2B,25,68,257,37,84,11,5,1,26,31,4,32,51,1,4,0,.327,.396,.420,.816
Isiah Kiner-Falefa,TOR,OF,29,83,257,32,75,8,2,7,33,3,1,13,37,3,2,6,.292,.338,.420,.758
Kerry Carpenter,DET,OF,27,85,257,36,74,16,5,17,53,0,2,21,73,0,3,4,.288,.347,.588,.935
Jose Iglesias,NYM,SS,34,81,253,38,86,16,1,4,25,5,2,11,36,0,1,8,.340,.385,.458,.843
Kevin Pillar,LAA,OF,35,81,251,37,61,14,1,7,41,10,3,12,58,0,2,8,.243,.297,.390,.687
Dominic Smith,BOS,1B,29,84,249,29,59,20,0,6,34,1,1,25,65,0,0,4,.237,.317,.390,.707
Nolan Jones,COL,OF,26,77,249,28,55,13,1,3,28,5,4,35,89,1,3,1,.221,.316,.317,.633
Joey Bart,PIT,C,27,79,249,37,65,10,0,13,44,0,0,22,71,0,1,6,.261,.335,.458,.793
Vidal Brujan,MIA,2B,26,102,248,32,55,14,2,2,16,5,6,25,54,1,0,4,.222,.303,.319,.622
Randal Grichuk,ARI,OF,33,104,248,37,72,20,2,11,44,0,0,20,46,0,2,3,.290,.348,.520,.868
Brett Wisely,SF,2B,25,89,248,25,58,13,1,4,30,2,3,12,65,2,3,2,.234,.272,.343,.615
Jack Suwinski,PIT,OF,26,88,247,29,45,8,0,9,26,9,1,27,79,1,1,1,.182,.264,.324,.588
Edmundo Sosa,PHI,SS,28,88,245,37,63,12,4,7,31,7,1,13,65,1,2,7,.257,.311,.424,.735
Jacob Stallings,COL,C,34,82,243,31,64,17,1,9,36,0,0,27,65,1,1,9,.263,.357,.453,.810
Kyle Higashioka,SD,C,34,83,242,28,53,10,1,16,43,2,0,15,73,1,1,0,.219,.264,.467,.731
Chas McCormick,HOU,OF,29,94,242,32,51,6,1,5,27,8,2,17,72,1,3,4,.211,.271,.306,.577
Gary Sanchez,MIL,C,31,87,241,30,53,7,1,11,37,0,0,26,74,0,3,5,.220,.305,.394,.699
Victor Caratini,HOU,C,31,86,241,29,65,8,1,8,30,0,1,22,51,0,3,3,.270,.335,.411,.746
Tyler Nevin,OAK,3B,27,85,238,22,48,9,0,7,18,1,0,25,62,0,3,5,.202,.288,.328,.616
Tim Anderson,MIA,SS,31,65,234,16,50,3,0,0,9,4,4,7,68,0,0,0,.214,.237,.226,.463
Eloy Jimenez,CWS,DH,27,65,229,18,55,9,0,5,16,3,0,18,47,0,1,1,.240,.297,.345,.642
David Peralta,SD,OF,37,89,229,34,62,11,0,8,28,2,0,21,49,0,0,2,.271,.337,.424,.761
Max Muncy,LAD,3B,34,71,229,47,53,15,0,15,46,1,0,43,75,0,6,5,.231,.357,.493,.850
Willie Calhoun,LAA,OF,29,68,229,26,56,16,0,5,20,0,1,23,31,0,1,1,.245,.315,.380,.695
Ivan Herrera,STL,C,24,72,229,37,69,12,1,5,27,5,0,25,53,0,2,2,.301,.372,.428,.800
Sean Murphy,ATL,C,29,70,228,18,45,5,1,10,25,0,0,25,66,0,1,3,.197,.284,.360,.644
Austin Martin,MIN,OF,25,91,225,41,57,17,1,1,16,7,3,20,45,2,0,2,.253,.320,.351,.671
Jonah Bride,MIA,3B,28,69,225,29,61,10,0,11,36,0,1,29,54,0,7,3,.271,.352,.462,.814
Elehuris Montero,COL,3B,26,67,224,23,46,10,0,4,28,0,0,20,56,0,3,0,.205,.267,.304,.571
Noelvi Marte,CIN,3B,22,64,222,24,47,9,0,4,18,9,2,9,75,0,1,3,.212,.251,.306,.557
Andy Ibanez,DET,2B,31,97,222,30,54,9,1,5,32,2,3,15,63,0,2,3,.243,.298,.360,.658
Victor Robles,SEA,OF,27,75,220,40,72,18,0,4,25,29,1,16,44,5,2,10,.327,.395,.464,.859
Matt Wallner,MIN,OF,26,75,220,26,57,17,1,13,37,3,0,24,95,0,1,16,.259,.372,.523,.895
Eddie Rosario,WSH,OF,33,67,219,26,40,11,0,7,26,8,1,13,54,1,2,0,.183,.226,.329,.555
Joey Gallo,WSH,OF,30,74,217,23,35,9,0,9,24,3,1,31,101,0,1,4,.161,.277,.327,.604
Juan Yepez,WSH,OF,26,60,217,32,63,15,0,6,25,2,1,18,37,1,3,1,.290,.343,.442,.785
Dominic Fletcher,CWS,OF,27,70,215,14,45,8,0,1,16,0,0,11,58,2,0,3,.209,.258,.260,.518
Taylor Walls,TB,SS,28,83,214,27,40,5,3,1,14,16,4,31,66,0,3,0,.187,.286,.252,.538
Wilmer Flores,SF,1B,33,71,214,19,44,12,0,4,26,0,0,20,33,0,5,3,.206,.277,.318,.595
Yasmani Grandal,PIT,C,35,71,211,23,46,10,0,8,25,1,0,24,45,3,1,0,.218,.297,.379,.676
Garrett Hampson,KC,SS,29,112,211,16,48,13,1,0,16,7,2,13,58,2,2,0,.227,.270,.299,.569
James McCann,BAL,C,34,65,210,26,49,9,0,7,28,1,0,13,54,0,4,2,.233,.279,.376,.655
Stuart Fairchild,CIN,OF,28,94,209,33,45,8,0,8,30,13,1,17,60,2,1,4,.215,.286,.368,.654
Hunter Goodman,COL,OF,24,69,209,24,40,9,0,13,36,1,1,8,64,0,2,3,.191,.230,.421,.651
Chris Taylor,LAD,OF,34,85,208,26,39,7,1,3,21,4,1,27,75,1,2,2,.188,.285,.274,.559
Jose Trevino,NYY,C,31,73,207,25,45,5,0,8,28,1,0,19,40,1,2,2,.217,.287,.357,.644
Kyle Farmer,MIN,SS,34,105,207,26,46,13,1,5,25,3,5,19,46,0,2,6,.222,.303,.367,.670
Anthony Rendon,LAA,3B,34,57,206,21,45,10,0,0,14,6,1,23,35,0,4,5,.218,.307,.267,.574
Nick Senzel,WSH,OF,29,64,206,25,43,10,0,7,18,1,3,27,53,0,0,1,.209,.303,.359,.662
Nelson Velazquez,KC,OF,25,64,205,31,41,8,1,8,27,2,0,19,61,0,3,3,.200,.274,.366,.640
Triston Casas,BOS,1B,24,61,204,27,49,8,0,12,30,0,1,30,75,0,0,1,.240,.340,.456,.796
Addison Barger,TOR,OF,24,67,204,20,41,11,0,7,28,2,0,14,60,0,1,1,.201,.255,.358,.613
Isiah Kiner-Falefa,PIT,OF,29,49,203,21,50,10,2,1,10,8,1,3,38,0,0,4,.246,.271,.330,.601
Emmanuel Rivera,MIA,3B,28,97,201,15,43,6,1,1,15,2,0,20,51,1,3,4,.214,.294,.269,.563
DJ LeMahieu,NYY,3B,36,67,201,19,41,5,0,2,26,0,1,19,35,1,6,1,.204,.269,.259,.528
Justyn-Henry Malloy,DET,OF,24,70,201,18,41,7,1,8,21,1,1,23,84,0,2,3,.204,.293,.368,.661
Kevin Kiermaier,TOR,OF,34,82,200,24,39,7,2,4,18,5,0,10,66,5,1,1,.195,.236,.310,.546
Ramon Laureano,ATL,OF,30,63,200,27,60,13,1,9,27,5,2,7,56,0,0,2,.300,.330,.510,.840
Danny Jansen,TOR,C,29,62,198,27,42,13,0,6,18,0,0,25,42,0,3,2,.212,.303,.369,.672
Enmanuel Valdez,BOS,2B,25,75,198,23,43,12,0,6,28,1,1,17,52,1,4,0,.217,.274,.369,.643
Randy Arozarena,SEA,OF,29,53,196,31,45,13,0,5,23,4,2,27,67,0,1,11,.230,.353,.372,.725
Romy Gonzalez,BOS,2B,28,88,195,25,53,10,1,6,29,11,3,12,57,0,4,1,.272,.311,.426,.737
Pedro Pages,STL,C,26,66,195,18,46,2,2,7,27,2,0,11,54,1,2,0,.236,.274,.374,.648
Daniel Schneemann,CLE,3B,27,73,193,17,42,10,2,5,22,3,2,25,70,0,3,0,.218,.303,.368,.671
Garrett Mitchell,MIL,OF,26,67,192,32,49,12,3,8,21,10,4,25,68,1,0,1,.255,.344,.474,.818
Ronald Acuna,ATL,OF,26,49,192,38,48,8,1,4,15,16,3,27,53,0,0,3,.250,.351,.365,.716
Jorge Mateo,BAL,SS,29,68,192,30,44,14,2,5,18,13,2,10,48,2,3,1,.229,.267,.401,.668
Trey Lipscomb,WSH,3B,24,60,190,20,38,3,0,1,10,11,2,16,40,1,1,2,.200,.268,.232,.500
Travis Jankowski,TEX,OF,33,102,188,18,38,5,0,1,12,11,1,11,44,0,0,4,.202,.261,.245,.506
Jackson Holliday,BAL,SS,20,58,185,27,32,3,2,5,23,4,0,12,69,0,1,2,.173,.230,.292,.522
Tyler Soderstrom,OAK,DH,22,59,180,16,42,10,0,8,25,0,0,20,50,0,1,3,.233,.319,.422,.741
Carson Kelly,DET,C,30,60,179,21,43,4,1,7,29,0,0,17,40,0,1,6,.240,.325,.391,.716
Leo Jimenez,TOR,SS,23,63,179,18,41,11,0,4,19,0,0,12,59,0,3,16,.229,.329,.358,.687
Josh Jung,TEX,3B,26,46,178,19,47,5,1,7,16,4,0,8,48,0,1,1,.264,.298,.421,.719
Jhonkensy Noel,CLE,1B,23,66,175,25,38,7,1,13,28,0,0,13,62,0,1,5,.217,.289,.491,.780
Isaac Paredes,CHC,3B,25,50,175,22,39,6,0,3,24,1,0,23,36,0,4,5,.223,.324,.309,.633
Trent Grisham,NYY,OF,27,75,175,20,32,8,0,8,28,1,1,22,55,1,2,4,.183,.286,.366,.652
Edward Olivares,PIT,OF,28,55,174,22,39,4,0,5,23,1,0,16,37,0,4,2,.224,.291,.333,.624
Corey Julks,CWS,OF,28,66,173,17,37,7,0,3,14,5,2,15,50,0,1,0,.214,.275,.306,.581
Jason Heyward,LAD,OF,35,63,173,25,36,10,2,6,28,4,0,17,36,0,3,4,.208,.289,.393,.682
Ty France,CIN,1B,30,50,172,18,45,10,0,5,20,1,0,10,31,0,4,2,.262,.303,.407,.710
Jazz Chisholm,NYY,OF,26,45,172,27,46,6,0,10,21,18,2,14,43,0,1,0,.267,.321,.477,.798
Dominic Canzone,SEA,OF,27,67,168,20,33,7,0,8,17,1,0,18,53,0,2,0,.196,.271,.381,.652
Lane Thomas,CLE,OF,29,52,168,23,36,10,0,7,23,4,2,12,65,0,1,2,.214,.273,.399,.672
Daz Cameron,OAK,OF,27,64,168,22,34,5,1,5,15,5,0,13,51,0,2,1,.202,.261,.333,.594
Jordan Beck,COL,OF,23,53,167,14,32,6,0,3,13,7,1,12,63,0,1,1,.192,.249,.281,.530
Blaze Alexander,ARI,SS,25,61,166,19,41,7,0,3,21,3,1,15,49,1,0,3,.247,.321,.343,.664
Brooks Lee,MIN,SS,23,48,164,9,35,6,1,3,27,3,0,11,26,0,2,0,.213,.260,.317,.577
Christopher Morel,TB,OF,25,47,164,13,30,4,2,3,8,1,2,14,55,0,1,2,.183,.254,.287,.541
Harold Ramirez,TB,DH,30,48,164,21,44,3,0,1,13,5,2,3,33,0,1,1,.268,.284,.305,.589
Garrett Stubbs,PHI,C,31,55,160,17,33,4,1,1,11,5,0,17,50,0,1,4,.206,.297,.263,.560
Bryan De La Cruz,PIT,OF,27,44,160,17,32,6,0,3,17,2,1,4,52,0,3,1,.200,.220,.294,.514
Alex Kirilloff,MIN,1B,26,57,159,20,32,8,3,5,20,0,0,15,47,0,3,1,.201,.270,.384,.654
DJ Stewart,NYM,OF,30,74,158,16,28,4,0,5,19,1,0,31,48,0,1,4,.177,.325,.297,.622
Austin Hays,BAL,OF,29,63,157,18,40,13,0,3,14,0,1,9,40,1,2,6,.255,.316,.395,.711
Kyle Stowers,MIA,OF,26,50,156,12,29,7,2,2,15,0,0,13,61,0,0,3,.186,.262,.295,.557
Whit Merrifield,PHI,2B,35,53,156,21,31,4,1,3,11,11,1,15,19,1,0,2,.199,.277,.295,.572
Junior Caminero,TB,3B,21,41,156,13,38,9,1,5,15,2,0,11,37,0,0,1,.244,.298,.410,.708
Justin Turner,SEA,1B,39,46,156,22,41,6,0,5,21,0,0,20,34,0,4,6,.263,.360,.397,.757
Jordan Walker,STL,OF,22,49,155,15,31,10,1,5,19,1,0,10,46,0,2,2,.200,.254,.374,.628
Patrick Wisdom,CHC,3B,33,74,155,16,27,7,2,8,23,5,0,10,59,1,1,4,.174,.241,.400,.641
Nick Ahmed,SF,SS,34,52,155,13,36,6,1,1,15,1,1,10,35,3,3,1,.232,.278,.303,.581
Matt Thaiss,LAA,C,29,56,154,14,31,8,0,2,16,3,0,27,58,0,1,0,.201,.319,.292,.611
Gabriel Arias,CLE,SS,24,53,153,15,34,9,1,3,15,5,2,6,53,0,1,1,.222,.255,.353,.608
Brett Baty,NYM,3B,24,50,153,15,35,3,0,4,16,0,0,16,42,1,0,1,.229,.306,.327,.633
Angel Martinez,CLE,SS,22,43,151,16,35,7,0,3,11,3,1,15,33,1,2,0,.232,.298,.338,.636
Jose Tena,WSH,SS,23,39,149,14,43,5,0,3,15,6,1,7,33,0,0,0,.289,.321,.383,.704
Ben Rice,NYY,C,25,49,149,20,26,6,0,7,23,0,1,20,46,0,5,1,.174,.269,.356,.625
Nick Loftin,KC,1B,26,57,148,15,28,4,0,1,14,1,0,19,24,1,2,1,.189,.282,.236,.518
Luis Matos,SF,OF,22,44,148,14,32,5,0,5,25,0,0,5,24,0,1,0,.216,.240,.351,.591
Nick Martini,CIN,OF,34,52,146,23,31,4,2,5,24,1,3,9,38,0,3,4,.212,.272,.370,.642
Jung Hoo Lee,SF,OF,26,37,145,15,38,4,0,2,8,2,3,10,13,0,2,1,.262,.310,.331,.641
Victor Scott,STL,OF,23,53,145,14,26,9,0,2,10,5,1,6,42,0,2,2,.179,.219,.283,.502
Evan Carter,TEX,OF,22,45,144,23,27,6,2,5,15,2,0,15,43,0,1,2,.188,.272,.361,.633
Kyle Manzardo,CLE,1B,24,52,141,11,34,12,0,5,15,0,0,9,39,0,1,1,.241,.289,.433,.722
Jorge Soler,ATL,OF,32,45,141,25,34,8,0,9,24,0,0,22,43,0,1,3,.241,.353,.489,.842
Reese McGuire,BOS,C,29,53,139,10,29,3,0,3,18,3,0,13,39,1,3,2,.209,.280,.295,.575
Josh Bell,ARI,1B,32,40,139,24,39,5,1,5,22,0,1,17,31,0,0,1,.281,.363,.439,.802
Alex Jackson,TB,C,28,58,139,17,17,7,0,3,12,1,0,12,53,1,1,2,.122,.201,.237,.438
Austin Barnes,LAD,C,34,53,137,11,36,3,0,1,11,2,0,14,35,2,0,0,.263,.331,.307,.638
Luis Arraez,MIA,2B,27,33,137,22,41,8,1,0,5,0,0,8,11,1,0,2,.299,.347,.372,.719
Whit Merrifield,ATL,2B,35,41,137,22,34,5,2,1,4,5,2,20,33,3,0,1,.248,.348,.336,.684
Kyle McCann,OAK,C,26,53,137,13,33,4,0,5,15,0,0,15,58,0,0,1,.241,.320,.380,.700
Pavin Smith,ARI,OF,28,60,137,26,37,11,0,9,36,1,0,18,31,0,3,0,.270,.348,.547,.895
Connor Norby,MIA,2B,24,34,137,29,36,8,0,7,17,3,3,15,48,0,1,0,.263,.333,.474,.807
James Outman,LAD,OF,27,52,135,12,20,4,0,4,11,2,1,15,54,0,0,4,.148,.253,.267,.520
Matt Carpenter,STL,DH,38,57,135,15,31,7,0,4,15,0,2,15,50,0,2,2,.230,.312,.370,.682
Martin Maldonado,CWS,C,38,48,135,9,16,3,0,4,11,0,0,8,51,3,0,1,.119,.174,.230,.404
Kris Bryant,COL,OF,32,37,133,9,29,5,0,2,15,0,0,13,48,0,1,8,.218,.323,.301,.624
Sam Hilliard,COL,OF,30,56,133,25,32,5,1,9,26,5,2,13,54,3,2,0,.241,.304,.496,.800
Tommy Edman,LAD,2B,29,35,132,19,33,5,1,6,20,6,0,9,28,0,2,0,.250,.294,.439,.733
Danny Mendick,CWS,SS,31,47,132,13,26,7,0,3,8,6,0,6,35,1,0,2,.197,.243,.318,.561
Austin Hedges,CLE,C,32,66,132,12,20,3,0,2,15,2,0,6,50,3,2,3,.152,.203,.220,.423
Luke Maile,CIN,C,33,54,131,8,22,4,0,2,8,2,0,13,51,1,1,4,.168,.262,.244,.506
Tyler Wade,SD,3B,29,88,131,28,30,3,0,0,8,8,1,11,29,4,0,2,.229,.299,.252,.551
Joey Loperfido,TOR,OF,25,41,130,13,27,8,3,2,8,2,1,6,48,0,0,1,.208,.248,.362,.610
Miguel Vargas,CWS,2B,24,40,128,10,14,3,0,2,7,2,1,16,40,0,2,2,.109,.216,.180,.396
J.D. Davis,OAK,3B,31,39,123,12,29,4,0,4,5,0,0,9,30,0,0,3,.236,.304,.366,.670
Curtis Mead,TB,3B,23,38,122,10,29,3,0,1,7,2,0,6,30,0,1,2,.238,.282,.287,.569
Dylan Carlson,STL,OF,25,59,121,12,24,5,0,0,11,0,1,12,37,0,3,2,.198,.275,.240,.515
Andres Chaparro,WSH,3B,25,33,121,12,26,12,0,4,15,1,1,7,24,0,0,4,.215,.280,.413,.693
Jonathan Aranda,TB,DH,26,42,121,21,29,7,0,6,13,0,0,11,30,0,1,1,.240,.306,.446,.752
Andruw Monasterio,MIL,2B,27,57,120,14,25,5,0,1,14,6,2,16,37,0,0,1,.208,.307,.275,.582
Darell Hernaiz,OAK,SS,23,47,119,8,22,2,0,1,10,1,1,11,27,1,2,1,.185,.256,.227,.483
Dairon Blanco,KC,OF,31,87,118,37,31,4,0,4,13,31,7,8,32,1,1,1,.263,.313,.398,.711
Gio Urshela,ATL,3B,32,32,118,8,31,9,0,3,13,0,0,3,19,0,0,0,.263,.281,.415,.696
Grant McCray,SF,OF,23,35,117,13,23,3,2,5,10,5,0,6,51,0,0,0,.197,.236,.385,.621
Riley Adams,WSH,C,28,41,116,10,26,5,1,2,8,1,0,10,35,0,2,2,.224,.292,.336,.628
Christian Encarnacion-Strand,CIN,1B,24,29,116,13,22,6,0,2,16,0,0,4,35,0,2,1,.190,.220,.293,.513
Jesse Winker,NYM,OF,31,44,115,12,28,5,0,3,13,0,0,10,22,0,1,3,.243,.318,.365,.683
Brooks Baldwin,CWS,SS,24,33,114,9,24,6,0,2,8,4,0,6,31,1,0,0,.211,.250,.316,.566
Dylan Crews,WSH,OF,22,29,113,11,21,5,0,3,8,10,2,10,26,0,1,0,.186,.250,.310,.560
Luis Torrens,NYM,C,28,45,113,14,27,8,0,3,15,0,1,9,27,0,1,2,.239,.304,.389,.693
Jose Abreu,HOU,1B,37,35,113,10,14,2,0,2,7,0,0,4,28,0,1,2,.124,.167,.195,.362
Kody Clemens,PHI,3B,28,42,112,16,24,9,1,5,18,0,0,4,28,0,0,0,.214,.241,.446,.687
Dylan Carlson,TB,OF,25,36,110,7,22,2,0,3,13,2,0,10,37,0,0,3,.200,.285,.300,.585
Cavan Biggio,TOR,2B,29,44,110,15,22,4,0,2,9,2,0,14,42,0,0,6,.200,.323,.291,.614
Mike Trout,LAA,OF,33,29,109,17,24,1,2,10,14,6,1,16,27,0,0,1,.220,.325,.541,.866
Derek Hill,MIA,OF,28,32,107,11,25,4,1,4,18,4,1,2,39,2,1,2,.234,.259,.402,.661
Trey Sweeney,DET,SS,24,35,107,10,24,5,0,4,17,2,0,6,31,0,1,1,.224,.270,.383,.653
Joey Loperfido,HOU,OF,25,38,106,11,25,5,1,2,16,2,1,7,43,1,1,3,.236,.299,.358,.657
Michael Stefanic,LAA,2B,28,38,105,7,22,3,0,0,7,0,0,8,20,1,0,3,.210,.284,.238,.522
Curt Casali,SF,C,35,40,105,12,20,3,0,1,8,0,0,13,22,2,0,2,.190,.292,.248,.540
Paul DeJong,KC,SS,31,36,105,15,24,3,0,6,15,0,1,9,42,0,2,0,.229,.284,.429,.713
Robbie Grossman,TEX,OF,35,46,105,13,25,4,0,3,10,1,0,16,25,0,1,0,.238,.336,.362,.698
Jerar Encarnacion,SF,OF,26,33,105,13,27,5,0,5,19,1,0,5,33,0,1,0,.257,.288,.448,.736
Cristian Pache,PHI,OF,25,50,104,9,21,5,1,0,9,0,0,13,43,0,1,0,.202,.288,.269,.557
Luis Guillorme,LAA,2B,30,51,104,6,24,5,1,0,3,1,2,11,23,1,1,0,.231,.302,.298,.600
Henry Davis,PIT,OF,25,37,104,9,15,4,0,1,5,0,0,13,45,1,2,1,.144,.242,.212,.454
Brett Harris,OAK,3B,26,36,103,15,15,3,0,3,12,0,3,17,25,0,1,2,.146,.276,.262,.538
Casey Schmitt,SF,SS,25,38,102,10,24,2,1,6,15,0,0,4,24,0,1,1,.235,.269,.451,.720
Vaughn Grissom,BOS,SS,23,29,99,8,19,2,0,0,5,2,0,6,21,0,1,1,.192,.243,.212,.455
Alex Call,WSH,OF,30,30,99,15,34,9,0,3,14,5,1,12,19,0,0,2,.343,.425,.525,.950
Estevan Florial,CLE,OF,26,36,98,11,17,6,2,3,11,2,1,11,41,1,0,1,.173,.264,.367,.631
Miles Mastrobuoni,CHC,3B,28,50,98,9,19,3,0,0,4,2,0,7,17,0,1,0,.194,.245,.224,.469
Jose Herrera,ARI,C,27,42,97,11,22,4,1,1,13,0,0,9,27,7,1,0,.227,.290,.320,.610
Tommy Pham,KC,OF,36,22,97,8,22,2,1,2,8,1,0,3,26,0,0,0,.227,.250,.330,.580
Carson Kelly,TEX,C,30,30,97,11,24,5,0,2,8,0,0,8,14,0,0,0,.247,.305,.361,.666
Eloy Jimenez,BAL,DH,27,33,95,7,22,5,0,1,7,0,0,4,23,0,0,1,.232,.270,.316,.586
Ryan Noda,OAK,1B,28,36,95,8,13,4,0,1,4,0,0,14,37,1,0,1,.137,.255,.211,.466
Alek Thomas,ARI,OF,24,38,95,12,18,5,1,3,17,4,1,7,17,1,0,0,.189,.245,.358,.603
Oliver Dunn,MIL,2B,27,41,95,11,21,2,2,1,7,3,0,6,40,1,0,2,.221,.282,.316,.598
Heston Kjerstad,BAL,DH,25,37,93,7,23,2,0,3,13,1,0,10,30,0,0,5,.247,.352,.366,.718
Nick Allen,OAK,SS,25,39,93,6,16,4,0,1,4,0,0,5,20,3,0,0,.172,.214,.247,.461
Luis Urias,SEA,2B,27,40,93,11,17,7,0,4,16,0,0,9,34,0,0,6,.183,.296,.387,.683
Bryan Ramos,CWS,3B,22,30,92,10,17,4,0,2,8,0,2,6,20,0,1,0,.185,.232,.293,.525
Sean Bouchard,COL,OF,28,31,91,14,17,7,0,1,8,4,0,12,33,1,2,2,.187,.290,.297,.587
Trevor Story,BOS,SS,31,25,91,8,22,6,0,2,10,6,2,10,32,0,0,1,.242,.324,.374,.698
Yan Gomes,CHC,C,37,34,91,7,14,2,0,2,7,0,0,2,36,1,1,1,.154,.179,.242,.421
Austin Slater,SF,OF,31,43,90,12,18,1,0,1,9,2,1,16,31,0,3,3,.200,.330,.244,.574
Andrew Knizner,TEX,C,29,37,90,5,15,1,0,1,9,0,0,1,22,0,1,1,.167,.183,.211,.394
Jacob Wilson,OAK,SS,22,27,88,11,21,2,2,0,3,0,0,8,10,1,1,1,.239,.306,.307,.613
Dane Myers,MIA,OF,28,42,87,16,22,5,1,2,14,4,1,8,34,0,2,3,.253,.330,.402,.732
Alika Williams,PIT,SS,25,37,87,13,18,4,2,0,5,1,0,3,22,5,0,1,.207,.242,.299,.541
Aaron Schunk,COL,3B,27,37,87,14,22,3,0,2,7,0,1,4,27,0,0,0,.253,.286,.356,.642
Nick Madrigal,CHC,2B,27,51,86,5,19,3,0,0,10,1,0,4,10,1,0,3,.221,.280,.256,.536
Trey Cabbage,HOU,OF,27,45,86,12,18,8,0,1,8,1,1,4,34,0,0,1,.209,.253,.337,.590
Niko Kavadas,LAA,1B,25,28,86,8,15,2,0,3,7,1,0,10,39,0,0,2,.174,.276,.302,.578
Ali Sanchez,MIA,C,27,31,84,5,14,2,0,0,4,2,1,4,24,6,1,1,.167,.211,.190,.401
Bobby Dalbec,BOS,1B,29,37,83,6,11,2,0,1,8,3,0,8,43,1,0,1,.133,.217,.193,.410
Miguel Sano,LAA,1B,31,28,83,9,17,3,0,2,6,0,0,9,36,0,1,2,.205,.295,.313,.608
Tomas Nido,NYM,C,30,32,83,9,19,2,0,3,8,0,0,4,20,2,1,0,.229,.261,.361,.622
Weston Wilson,PHI,OF,30,39,82,13,23,6,1,3,8,3,0,8,27,0,1,1,.280,.348,.488,.836
Christian Bethancourt,MIA,C,33,38,82,9,13,3,0,2,7,0,0,3,22,2,0,1,.159,.198,.268,.466
Will Wagner,TOR,1B,26,24,82,8,25,6,0,2,11,0,0,4,16,0,0,0,.305,.337,.451,.788
Dillon Dingler,DET,C,26,26,81,2,13,4,2,1,11,0,0,3,28,0,0,0,.160,.190,.296,.486
Tucker Barnhart,ARI,C,33,31,81,13,14,3,0,0,6,1,0,13,31,2,0,0,.173,.287,.210,.497
Adrian Del Castillo,ARI,C,25,25,80,12,25,5,0,4,19,1,1,7,28,0,0,0,.313,.368,.525,.893
Eddie Rosario,ATL,OF,33,24,78,7,12,1,0,3,9,1,0,3,23,1,2,0,.154,.181,.282,.463
Austin Hays,PHI,OF,29,22,78,8,20,5,0,2,6,2,1,0,19,0,0,2,.256,.275,.397,.672
Danny Jansen,BOS,C,29,29,77,8,15,0,0,3,6,0,0,15,19,0,0,1,.195,.333,.312,.645
Jace Jung,DET,3B,23,32,77,14,19,5,0,0,3,0,1,13,29,0,0,0,.247,.356,.312,.668
Marco Luciano,SF,SS,23,27,76,10,16,5,1,0,3,0,1,5,28,0,0,0,.211,.259,.303,.562
Griffin Conine,MIA,OF,27,28,74,12,19,3,1,3,11,0,0,6,27,0,0,1,.257,.321,.446,.767
Ji Hwan Bae,PIT,OF,25,29,74,11,14,2,0,0,6,6,2,6,24,0,1,0,.189,.247,.216,.463
Harold Ramirez,WSH,DH,30,25,74,7,18,4,1,1,16,1,0,2,17,0,0,1,.243,.273,.365,.638
Akil Baddoo,DET,OF,26,31,73,7,10,2,2,2,5,1,0,8,27,0,1,0,.137,.220,.301,.521
Jose Azocar,SD,OF,28,61,73,13,16,2,0,0,2,5,1,5,19,1,0,0,.219,.269,.247,.516
Cavan Biggio,LAD,2B,29,30,73,11,14,1,0,3,10,0,0,10,28,2,0,2,.192,.306,.329,.635
Nick Sogard,BOS,SS,27,30,73,13,20,4,0,0,8,3,0,7,24,0,2,0,.274,.329,.329,.658
Nathan Lukes,TOR,OF,30,20,72,12,22,4,2,0,9,1,0,10,8,2,3,0,.306,.376,.417,.793
Mark Canha,SF,OF,35,31,72,3,20,2,0,0,4,3,0,9,17,0,1,2,.278,.369,.306,.675
Leo Rivas,SEA,2B,26,41,72,9,17,1,1,0,8,3,0,10,24,2,0,1,.236,.337,.278,.615
Miguel Vargas,LAD,2B,24,30,71,11,17,4,0,3,9,1,0,8,16,0,1,0,.239,.313,.423,.736
Brandon Crawford,STL,SS,37,29,71,5,12,5,0,1,4,0,0,8,26,0,0,1,.169,.263,.282,.545
Robbie Grossman,CWS,OF,35,25,71,6,15,4,0,0,4,2,0,13,20,0,1,0,.211,.329,.268,.597
Daniel Vogelbach,TOR,DH,31,31,70,5,13,5,0,1,8,0,0,9,17,0,0,0,.186,.278,.300,.578
Garrett Cooper,BOS,1B,33,24,70,3,12,4,0,0,5,0,0,3,22,0,0,2,.171,.227,.229,.456
Ramon Laureano,CLE,OF,30,31,70,7,10,3,0,1,4,3,1,7,32,0,1,5,.143,.265,.229,.494
Tommy Pham,STL,OF,36,23,68,7,14,3,1,2,12,0,0,7,16,0,1,1,.206,.286,.368,.654
Jose Fermin,STL,2B,25,44,67,6,10,1,1,0,3,2,1,7,9,0,0,1,.149,.240,.194,.434
Bligh Madris,DET,OF,28,21,67,8,18,3,0,1,5,0,0,6,20,0,1,0,.269,.324,.358,.682
Chuckie Robinson,CWS,C,29,25,67,2,9,0,0,0,0,0,0,4,19,0,0,1,.134,.194,.134,.328
Omar Narvaez,NYM,C,32,28,65,4,10,2,0,0,5,0,0,3,12,1,0,0,.154,.191,.185,.376
Braden Shewmake,CWS,SS,26,29,64,4,8,2,0,1,4,5,1,1,10,0,2,0,.125,.134,.203,.337
Austin Slater,BAL,OF,31,31,64,9,16,3,0,1,6,1,1,7,21,0,0,2,.250,.342,.344,.686
Alan Trejo,COL,SS,28,28,63,4,9,0,0,0,1,0,0,2,15,1,0,1,.143,.182,.143,.325
Brian Serven,TOR,C,29,28,63,6,10,4,0,0,3,0,0,5,22,1,0,2,.159,.243,.222,.465
Eric Haase,MIL,C,31,29,63,10,18,1,0,5,14,0,0,3,26,0,0,0,.286,.318,.540,.858
Bryce Johnson,SD,OF,28,47,63,9,13,2,0,0,4,1,1,7,12,3,0,0,.206,.286,.238,.524
Ryan Bliss,SEA,SS,24,33,63,10,14,3,1,2,9,5,3,5,22,2,0,1,.222,.290,.397,.687
Eric Wagaman,LAA,1B,27,16,63,6,16,5,0,2,9,0,0,2,15,0,0,0,.254,.277,.429,.706
Joshua Palacios,PIT,OF,29,21,62,8,14,1,0,2,7,0,0,7,11,0,0,1,.226,.314,.339,.653
Mike Ford,CIN,DH,32,17,60,2,9,0,1,1,4,0,0,2,15,0,0,0,.150,.177,.233,.410
Pablo Reyes,BOS,SS,31,21,60,4,11,2,0,0,5,1,2,3,19,0,0,1,.183,.234,.217,.451
Cristian Pache,MIA,OF,25,35,60,4,11,3,0,1,7,1,0,4,21,0,0,0,.183,.234,.283,.517
Jon Berti,NYY,SS,34,23,60,9,17,0,0,1,6,5,1,4,14,1,0,1,.283,.338,.333,.671
Zach DeLoach,CWS,OF,26,20,60,7,13,5,0,1,5,0,1,6,20,0,0,0,.217,.288,.350,.638
Ryan Kreidler,DET,SS,26,35,59,9,7,0,0,1,2,5,3,6,19,0,0,0,.119,.200,.169,.369
Jacob Amaya,CWS,SS,26,21,58,4,11,1,0,0,2,1,0,4,23,0,0,0,.190,.242,.207,.449
Emmanuel Rivera,BAL,3B,28,25,58,6,16,2,1,2,10,0,0,5,17,0,2,1,.276,.333,.448,.781
Ben Gamel,HOU,OF,32,20,58,13,15,3,0,1,4,0,0,11,17,0,0,0,.259,.377,.362,.739
David Dahl,PHI,OF,30,19,58,6,12,2,0,3,8,0,0,3,21,0,1,0,.207,.242,.397,.639
Jack Lopez,LAA,2B,31,25,58,4,14,3,0,1,5,0,1,2,23,1,0,1,.241,.279,.345,.624
Zach Dezenzo,HOU,3B,24,18,57,5,13,2,0,2,7,0,0,3,21,0,0,0,.228,.267,.368,.635
Amed Rosario,CIN,SS,28,22,57,6,9,0,0,1,4,3,0,1,23,0,0,1,.158,.186,.211,.397
Kevin Kiermaier,LAD,OF,34,33,57,7,11,2,1,1,7,1,2,2,20,2,0,1,.193,.233,.316,.549
Aaron Hicks,LAA,OF,34,18,57,6,8,0,0,1,5,0,0,6,23,0,0,0,.140,.222,.193,.415
Esteury Ruiz,OAK,OF,25,29,55,10,11,2,1,2,8,5,4,4,20,2,2,2,.200,.270,.382,.652
Nasim Nunez,WSH,SS,24,49,55,13,13,1,0,0,1,8,2,12,13,5,0,0,.236,.373,.255,.628
Zack Short,ATL,2B,29,30,54,9,8,3,0,0,5,2,0,12,16,2,0,1,.148,.313,.204,.517
Jacob Hurtubise,CIN,OF,26,29,54,7,10,1,1,0,4,2,0,6,18,4,1,3,.185,.297,.241,.538
Jared Walsh,TEX,1B,31,17,53,9,12,2,0,1,7,0,0,7,21,0,0,0,.226,.317,.321,.638
Drew Millas,WSH,C,26,19,53,7,12,1,0,1,1,4,0,5,14,0,0,0,.226,.293,.302,.595
Eguy Rosario,SD,3B,25,30,53,5,13,6,0,3,6,0,0,2,20,1,0,1,.245,.286,.528,.814
Christian Bethancourt,CHC,C,33,23,53,9,16,4,0,3,15,3,0,2,13,0,0,0,.302,.327,.547,.874
David Hensley,MIA,DH,28,23,52,9,11,1,0,1,4,1,0,6,17,0,0,0,.212,.293,.288,.581
Chadwick Tromp,ATL,C,29,19,52,3,13,6,0,0,6,0,0,1,17,0,1,0,.250,.259,.365,.624
Jason Heyward,HOU,OF,35,23,51,8,11,1,0,4,9,1,0,4,16,0,0,0,.216,.273,.471,.744
Rafael Marchan,PHI,C,25,17,51,8,15,4,0,3,6,0,0,3,8,1,0,1,.294,.345,.549,.894
Kyren Paris,LAA,SS,22,21,51,4,6,2,0,1,5,1,0,7,17,0,0,0,.118,.224,.216,.440
Cole Tucker,LAA,OF,28,25,50,3,9,4,1,0,3,3,1,6,17,0,1,0,.180,.263,.300,.563
Yuli Gurriel,KC,1B,40,17,50,7,13,3,0,0,6,1,0,9,12,0,2,0,.260,.361,.320,.681
Avisail Garcia,MIA,OF,33,18,50,4,12,1,0,2,2,0,0,1,13,0,0,0,.240,.255,.380,.635
Jasson Dominguez,NYY,OF,21,16,49,7,9,1,0,2,4,5,0,9,18,0,0,0,.184,.310,.327,.637
Mason McCoy,SD,SS,29,19,49,7,10,2,0,0,3,1,0,5,19,3,0,0,.204,.278,.245,.523
Tyler Black,MIL,1B,24,18,49,4,10,2,0,0,2,3,0,7,17,0,0,1,.204,.316,.245,.561
Nick Ahmed,LAD,SS,34,17,48,6,11,0,0,1,2,1,0,1,14,0,0,0,.229,.245,.292,.537
Tomas Nido,CHC,C,30,17,47,5,6,2,0,1,4,0,0,1,15,1,1,0,.128,.143,.234,.377
Davis Wendzel,TEX,3B,27,27,47,2,6,2,0,1,2,0,0,1,12,0,0,1,.128,.163,.234,.397
Drew Romo,COL,C,23,14,47,4,8,3,0,0,6,0,1,2,17,0,0,0,.170,.204,.234,.438
Rece Hinds,CIN,OF,24,24,46,9,12,4,1,5,11,2,0,4,16,0,0,1,.261,.333,.717,1.050
David Bote,CHC,2B,31,37,46,4,14,4,0,0,6,0,0,2,13,0,0,0,.304,.333,.391,.724
Luke Williams,ATL,SS,28,37,46,8,9,3,0,0,4,3,0,4,13,1,0,1,.196,.275,.261,.536
Ryan Vilade,DET,OF,25,17,45,5,8,0,0,1,5,0,0,2,12,1,1,0,.178,.208,.244,.452
Tyler Locklear,SEA,1B,23,16,45,3,7,1,0,2,3,1,0,3,20,0,0,1,.156,.224,.311,.535
Derek Hill,TEX,OF,28,16,43,5,11,0,0,3,5,2,1,2,14,0,0,0,.256,.289,.465,.754
Jahmai Jones,NYY,DH,27,33,42,8,10,1,1,1,4,1,1,2,16,1,0,2,.238,.304,.381,.685
Austin Shenton,TB,3B,26,19,42,3,9,5,0,1,3,0,0,8,14,0,0,0,.214,.340,.405,.745
Justin Foscue,TEX,2B,25,15,42,3,2,1,0,0,1,0,0,2,18,0,0,0,.048,.091,.071,.162
Rene Pinto,TB,C,27,19,42,5,9,3,0,2,6,0,0,4,18,1,1,1,.214,.292,.429,.721
Coby Mayo,BAL,3B,22,17,41,4,4,0,0,0,0,0,0,4,22,0,0,1,.098,.196,.098,.294
Thomas Saggese,STL,2B,22,16,41,4,9,2,0,1,4,0,0,1,12,0,0,1,.220,.256,.341,.597
Shay Whitcomb,HOU,SS,26,20,41,1,9,3,0,0,5,0,0,5,8,0,0,0,.220,.304,.293,.597
Billy Cook,PIT,2B,25,14,41,4,9,1,0,2,6,1,0,0,17,0,0,0,.220,.220,.390,.610
Jonatan Clase,SEA,OF,22,19,41,4,8,1,0,0,3,3,0,2,14,0,0,0,.195,.233,.220,.453
Jamie Westbrook,BOS,OF,29,21,40,4,6,2,0,2,7,0,0,4,14,0,2,1,.150,.234,.350,.584
Yoan Moncada,CWS,3B,29,12,40,4,11,3,1,0,0,1,0,5,11,0,0,0,.275,.356,.400,.756
Seby Zavala,SEA,C,31,18,39,4,6,2,0,1,2,0,0,3,16,1,0,0,.154,.214,.282,.496
Gustavo Campero,LAA,OF,27,11,38,5,10,0,1,0,3,3,0,0,7,0,0,2,.263,.300,.316,.616
Armando Alvarez,OAK,3B,30,16,37,7,9,1,0,0,2,1,0,2,8,0,0,0,.243,.282,.270,.552
Garrett Cooper,CHC,1B,33,12,37,3,10,1,1,1,6,0,0,4,13,0,0,0,.270,.341,.432,.773
Eli White,ATL,OF,30,32,37,8,10,1,1,1,4,2,1,1,11,0,0,1,.270,.308,.432,.740
Luis Guillorme,ARI,2B,30,18,37,6,6,2,0,0,4,3,0,11,8,0,1,0,.162,.347,.216,.563
Luken Baker,STL,DH,27,20,37,3,7,1,1,2,10,1,0,7,11,0,2,0,.189,.304,.432,.736
Joey Wendle,NYM,3B,34,18,36,3,8,1,0,0,1,1,0,1,9,0,0,0,.222,.243,.250,.493
Jonathan Ornelas,TEX,SS,24,17,36,1,7,2,0,0,1,0,0,2,13,1,0,0,.194,.237,.250,.487
Kyle Stowers,BAL,OF,26,19,36,3,11,4,0,1,9,0,1,0,13,0,1,0,.306,.297,.500,.797
Adael Amador,COL,SS,21,10,35,1,6,1,0,0,0,1,0,1,6,0,0,0,.171,.194,.200,.394
Jordyn Adams,LAA,OF,24,11,35,4,8,0,0,1,4,2,0,3,12,0,0,0,.229,.289,.314,.603
David Villar,SF,2B,27,11,35,3,9,4,0,1,4,0,0,1,13,0,1,0,.257,.270,.457,.727
Jhonny Pereda,MIA,C,28,19,35,2,8,0,0,0,3,0,0,0,9,0,0,1,.229,.250,.229,.479
Tom Murphy,SF,C,33,13,34,3,4,1,0,1,2,0,0,4,14,0,0,0,.118,.211,.235,.446
Oscar Colas,CWS,OF,26,13,33,1,9,0,0,0,4,0,1,4,10,0,0,1,.273,.368,.273,.641
Zach Remillard,CWS,2B,30,15,33,3,8,1,1,0,1,1,0,5,10,1,0,0,.242,.342,.333,.675
Steward Berroa,TOR,OF,25,27,33,7,5,1,0,0,1,6,2,8,13,0,0,0,.152,.317,.182,.499
Graham Pauley,SD,3B,24,13,32,4,4,0,0,2,5,0,0,0,15,0,0,0,.125,.125,.313,.438
Blake Sabol,SF,C,26,11,32,3,10,2,0,0,1,0,0,5,9,0,0,1,.313,.421,.375,.796
Connor Norby,BAL,2B,24,9,32,3,6,1,0,2,3,0,0,0,12,0,0,0,.188,.188,.406,.594
Luisangel Acuna,NYM,SS,22,10,32,6,12,2,1,3,6,0,1,1,4,0,0,0,.375,.394,.781,1.175
Logan Driscoll,TB,C,26,14,32,2,6,0,0,1,5,0,0,0,6,0,1,0,.188,.182,.281,.463
Javier Sanoja,MIA,SS,22,14,31,3,8,2,0,0,2,0,0,1,3,0,0,0,.258,.281,.323,.604
Johnathan Rodriguez,CLE,OF,24,13,31,6,4,1,0,0,5,0,0,9,14,0,0,0,.129,.325,.161,.486
Travis Blankenhorn,WSH,3B,28,13,31,2,4,1,0,0,5,0,0,1,9,0,0,0,.129,.156,.161,.317
Nick Yorke,PIT,2B,22,9,31,3,7,0,0,1,3,2,0,2,9,0,1,0,.226,.265,.323,.588
Nacho Alvarez,ATL,SS,21,8,30,1,3,0,0,0,0,0,0,0,10,0,0,2,.100,.156,.100,.256
Nick Senzel,CWS,OF,29,10,30,0,3,1,0,0,0,0,0,1,8,1,0,0,.100,.129,.133,.262
Forrest Wall,ATL,OF,28,13,29,3,7,0,0,0,1,3,3,3,6,0,0,0,.241,.313,.241,.554
Aledmys Diaz,OAK,SS,34,12,29,2,3,0,0,0,1,0,0,1,7,0,0,0,.103,.133,.103,.236
Robbie Grossman,KC,OF,35,15,29,2,4,0,0,0,2,0,0,5,11,0,0,1,.138,.286,.138,.424
Jason Vosler,SEA,3B,31,10,28,2,5,1,1,0,3,0,0,2,9,0,0,0,.179,.233,.286,.519
Keston Hiura,LAA,1B,28,10,27,1,4,0,0,0,1,0,1,0,10,0,0,0,.148,.148,.148,.296
Owen Miller,MIL,2B,27,14,27,2,5,1,0,0,3,0,0,0,8,0,0,0,.185,.185,.222,.407
Ehire Adrianza,LAA,OF,35,8,26,4,5,1,0,1,2,0,0,2,11,0,0,0,.192,.250,.346,.596
Dominic Smith,CIN,1B,29,9,26,4,5,2,0,0,0,0,0,3,11,0,0,0,.192,.276,.269,.545
Luis De Los Santos,TOR,3B,26,12,26,1,4,1,0,0,1,0,0,2,9,0,0,0,.154,.214,.192,.406
Joey Wiemer,MIL,OF,25,19,26,2,4,0,0,0,0,1,1,1,9,0,0,0,.154,.185,.154,.339
Blake Dunn,CIN,OF,26,18,26,7,4,1,0,1,1,2,0,2,11,0,0,1,.154,.241,.308,.549
Matt Mervis,CHC,1B,26,9,26,1,3,1,0,0,3,0,0,1,8,0,0,0,.115,.148,.154,.302
Trenton Brooks,SF,1B,29,12,25,3,3,0,0,0,1,1,0,4,6,0,0,0,.120,.241,.120,.361
Cesar Salazar,HOU,C,28,12,25,5,8,2,0,0,8,0,0,2,6,1,2,2,.320,.387,.400,.787
Billy McKinney,PIT,OF,30,10,25,4,5,1,0,0,2,0,0,2,13,0,0,1,.200,.286,.240,.526
Kevin Pillar,CWS,OF,35,17,25,1,4,2,0,1,4,2,0,4,8,1,1,1,.160,.290,.360,.650
Victor Robles,WSH,OF,27,14,25,3,3,0,0,0,2,4,1,5,9,1,1,1,.120,.281,.120,.401
Alexander Canario,CHC,DH,24,15,25,4,7,1,0,1,2,1,0,2,11,0,0,1,.280,.357,.440,.797
Cal Stevenson,PHI,OF,28,18,24,2,6,3,0,0,6,0,0,3,4,0,0,0,.250,.333,.375,.708
Ben Gamel,NYM,OF,32,18,23,9,5,1,0,0,0,1,0,7,7,0,0,0,.217,.400,.261,.661
Jace Peterson,ARI,3B,34,14,22,2,1,0,0,0,1,0,0,3,6,0,1,0,.045,.154,.045,.199
Tristan Gray,OAK,1B,28,8,21,0,3,1,0,0,0,0,0,3,13,0,0,0,.143,.250,.190,.440
Charles Leblanc,LAA,3B,28,11,21,6,4,0,0,2,6,0,0,7,9,0,0,0,.190,.393,.476,.869
Donovan Walton,SF,SS,30,8,20,3,2,0,0,1,2,0,0,2,7,0,0,1,.100,.217,.250,.467
Luis Guillorme,ATL,2B,30,10,20,2,3,2,0,0,3,0,0,1,5,0,0,0,.150,.190,.250,.440
Pedro Leon,HOU,OF,26,7,20,2,2,0,0,0,0,2,0,1,10,0,0,0,.100,.143,.100,.243
J.D. Davis,NYY,3B,31,7,19,1,2,1,0,0,1,0,0,3,9,0,0,0,.105,.227,.158,.385
Grae Kessinger,HOU,SS,27,22,19,3,0,0,0,0,0,0,0,2,6,0,0,0,.000,.095,.000,.095
Austin Wynns,CIN,C,33,7,19,3,7,4,0,0,2,0,0,0,5,0,0,1,.368,.400,.579,.979
Bubba Thompson,CIN,OF,26,17,18,5,2,1,0,0,0,5,0,0,11,0,0,0,.111,.111,.167,.278
Austin Slater,CIN,OF,31,8,18,2,2,0,0,0,3,0,0,2,6,0,1,0,.111,.190,.111,.301
Elias Diaz,SD,C,33,11,18,1,3,1,0,1,2,0,0,3,5,0,0,0,.167,.286,.389,.675
Jorge Barrosa,ARI,OF,23,8,17,3,3,2,0,0,1,1,0,0,2,1,0,0,.176,.176,.294,.470
Jonatan Clase,TOR,OF,22,6,16,3,6,1,0,1,2,0,1,1,2,0,0,2,.375,.474,.625,1.099
Drew Waters,KC,OF,25,7,16,2,3,1,0,0,1,0,0,2,6,0,0,1,.188,.316,.250,.566
Brett Sullivan,SD,C,30,7,16,1,3,0,0,1,2,0,0,1,4,0,0,0,.188,.235,.375,.610
Niko Goodrum,TB,SS,32,9,16,1,3,0,0,0,0,0,1,1,6,1,0,0,.188,.235,.188,.423
Sam Haggerty,SEA,OF,30,8,15,1,1,0,0,0,1,1,0,1,4,0,0,0,.067,.125,.067,.192
Jason Delay,PIT,C,29,7,15,1,3,3,0,0,6,0,0,3,0,1,0,0,.200,.333,.400,.733
Kameron Misner,TB,OF,26,8,15,0,1,0,0,0,0,0,0,0,10,0,0,0,.067,.067,.067,.134
Rafael Ortega,CWS,OF,33,14,14,4,1,0,0,0,1,2,0,2,4,0,1,0,.071,.176,.071,.247
Jakson Reetz,SF,C,28,6,14,1,2,1,0,1,1,0,0,1,5,0,0,0,.143,.200,.429,.629
Niko Goodrum,LAA,SS,32,4,13,1,0,0,0,0,0,1,0,2,4,0,0,0,.000,.133,.000,.133
Darren Baker,WSH,2B,25,8,13,1,6,2,0,0,0,0,0,0,3,0,0,0,.462,.462,.615,1.077
Carlos Narvaez,NYY,C,25,6,13,0,3,0,0,0,0,0,0,2,6,0,0,0,.231,.333,.231,.564
Hunter Feduccia,LAD,C,27,5,12,2,4,0,0,0,1,0,0,2,2,0,0,0,.333,.429,.333,.762
Mickey Gasper,BOS,C,28,11,12,1,0,0,0,0,0,0,0,3,5,0,0,1,.000,.250,.000,.250
Bryce Teodosio,LAA,OF,25,5,12,1,1,0,0,0,0,0,0,0,5,0,0,0,.083,.083,.083,.166
Derek Hill,SF,OF,28,5,12,3,3,0,1,0,2,0,0,1,3,0,0,0,.250,.308,.417,.725
Amed Rosario,LAD,SS,28,5,11,1,3,1,0,0,2,1,1,1,2,0,0,0,.273,.333,.364,.697
Isaac Collins,MIL,OF,27,9,10,0,1,0,0,0,0,1,0,1,5,0,0,0,.100,.182,.100,.282
DaShawn Keirsey,MIN,OF,27,4,10,0,1,0,0,0,0,0,0,0,1,0,0,1,.100,.182,.100,.282
Buddy Kennedy,DET,3B,25,6,10,2,2,0,0,1,4,1,0,2,4,0,1,0,.200,.308,.500,.808
Buddy Kennedy,PHI,3B,25,7,10,1,2,1,0,0,2,0,0,2,2,0,0,0,.200,.333,.300,.633
J.P. Martinez,ATL,OF,28,7,10,2,2,1,0,0,0,1,0,0,4,0,0,0,.200,.200,.300,.500
Oswald Peraza,NYY,3B,24,4,10,2,2,0,0,1,1,0,0,1,3,0,0,0,.200,.273,.500,.773
Livan Soto,BAL,SS,24,12,10,1,3,1,0,0,0,0,0,3,2,0,0,0,.300,.462,.400,.862
Levi Jordan,CIN,3B,29,7,10,1,1,1,0,0,1,0,0,0,3,0,1,0,.100,.091,.200,.291
Vinny Capra,MIL,3B,28,3,9,1,1,1,0,0,0,0,0,0,3,0,0,0,.111,.111,.222,.333
Edwin Rios,CIN,1B,30,5,9,1,1,0,0,0,0,0,0,1,4,0,0,0,.111,.200,.111,.311
Zack Short,NYM,2B,29,10,9,2,1,0,0,0,0,0,1,2,4,1,0,0,.111,.273,.111,.384
Rob Brantly,TB,C,35,3,9,0,1,0,0,0,0,0,0,0,2,0,0,0,.111,.111,.111,.222
Tony Kemp,BAL,2B,32,5,9,1,0,0,0,0,0,0,0,1,1,0,0,0,.000,.100,.000,.100
Ryan McKenna,BAL,OF,27,9,8,3,3,0,0,2,2,0,1,1,1,0,0,0,.375,.444,1.125,1.569
Conner Capel,CIN,OF,27,5,8,1,2,0,0,0,0,1,0,0,2,0,0,0,.250,.250,.250,.500
Michael Helman,MIN,2B,28,7,8,2,3,2,0,0,0,0,0,0,3,0,0,0,.375,.375,.625,1.000
CJ Alexander,KC,3B,28,4,8,0,1,0,0,0,0,0,0,0,3,0,0,0,.125,.125,.125,.250
David Fletcher,ATL,2B,30,5,8,0,2,0,0,0,2,0,0,0,1,0,1,0,.250,.222,.250,.472
Cooper Hummel,HOU,DH,29,6,8,0,0,0,0,0,0,1,0,0,2,0,0,0,.000,.000,.000,.000
Cade Marlowe,SEA,OF,27,8,8,1,2,0,0,0,0,0,0,1,1,0,0,0,.250,.333,.250,.583
Luis Vazquez,CHC,SS,24,10,8,2,0,0,0,0,1,0,0,0,4,0,1,1,.000,.100,.000,.100
Tristan Gray,MIA,1B,28,7,7,0,0,0,0,0,0,0,0,0,3,0,0,0,.000,.000,.000,.000
Zack Short,BOS,2B,29,2,7,0,0,0,0,0,0,0,0,0,4,0,0,0,.000,.000,.000,.000
Kevin Alcantara,CHC,OF,22,2,7,1,1,0,0,0,0,0,0,0,1,0,0,0,.143,.143,.143,.286
Grant Koch,PIT,C,27,3,7,1,0,0,0,0,0,0,0,1,6,0,0,0,.000,.125,.000,.125
Aramis Garcia,PHI,C,31,3,7,0,0,0,0,0,0,0,0,0,3,0,0,0,.000,.000,.000,.000
Tyler Heineman,TOR,C,33,5,7,2,1,0,0,0,0,0,0,3,4,0,0,0,.143,.400,.143,.543
Andrew Knapp,SF,C,32,3,6,0,1,0,0,0,0,0,0,0,2,0,0,0,.167,.167,.167,.334
Matt Duffy,TEX,3B,33,3,6,0,1,0,0,0,0,0,0,2,1,0,0,0,.167,.375,.167,.542
Eddy Alvarez,NYM,2B,34,10,6,2,0,0,0,0,0,0,0,1,1,0,0,0,.000,.143,.000,.143
Diego A. Castillo,MIN,OF,26,4,6,3,2,1,0,0,2,0,0,2,1,0,0,0,.333,.500,.500,1.000
Taylor Trammell,LAD,OF,27,5,6,0,0,0,0,0,0,0,0,0,3,0,0,0,.000,.000,.000,.000
Ryan McKenna,SF,OF,27,4,6,1,0,0,0,0,0,1,0,0,4,0,0,0,.000,.000,.000,.000
Liover Peguero,PIT,SS,23,2,6,0,1,1,0,0,2,0,0,0,1,0,0,0,.167,.167,.333,.500
Jair Camargo,MIN,C,25,5,6,1,0,0,0,0,0,0,0,1,3,0,0,0,.000,.143,.000,.143
Tyler Gentry,KC,OF,25,3,5,0,0,0,0,0,0,0,0,0,2,0,0,0,.000,.000,.000,.000
Brandon Lockridge,SD,OF,27,10,5,3,1,0,0,0,0,2,0,0,1,0,0,0,.200,.200,.200,.400
Greg Jones,COL,OF,26,6,5,1,1,0,0,1,1,0,0,1,4,0,0,0,.200,.333,.800,1.133
Nick Maton,BAL,3B,27,5,5,0,0,0,0,0,0,0,0,0,2,0,0,0,.000,.000,.000,.000
Brewer Hicklen,MIL,OF,28,3,5,0,0,0,0,0,0,1,0,0,4,0,0,0,.000,.000,.000,.000
Samad Taylor,SEA,2B,26,3,5,2,2,0,0,0,0,0,0,0,1,0,0,0,.400,.400,.400,.800
Sandro Fabian,TEX,OF,26,3,5,0,0,0,0,0,0,0,0,0,0,0,0,0,.000,.000,.000,.000
Brian Anderson,ATL,3B,31,3,5,0,0,0,0,0,0,0,0,0,2,0,0,0,.000,.000,.000,.000
Cavan Biggio,ATL,2B,29,4,5,1,1,0,0,0,0,0,0,0,2,0,0,0,.200,.200,.200,.400
Aledmys Diaz,HOU,SS,34,2,4,0,0,0,0,0,0,0,0,0,2,0,0,0,.000,.000,.000,.000
Stone Garrett,WSH,OF,28,1,4,2,3,1,0,1,3,0,0,1,0,0,0,0,.750,.800,1.750,2.550
Myles Straw,CLE,OF,29,7,4,2,1,0,0,0,0,2,0,0,0,0,0,0,.250,.250,.250,.500
Jose Devers,MIA,SS,24,3,4,1,1,0,0,0,0,0,0,0,1,0,0,0,.250,.250,.250,.500
Jose Tena,CLE,SS,23,3,4,0,0,0,0,0,0,0,0,0,2,0,0,0,.000,.000,.000,.000
Duke Ellis,CWS,OF,26,8,4,1,0,0,0,0,0,4,0,0,2,0,0,0,.000,.000,.000,.000
Matthew Batten,SD,3B,29,1,3,0,1,0,1,0,0,0,0,0,0,0,0,0,.333,.333,1.000,1.333
Orelvis Martinez,TOR,2B,22,1,3,0,1,0,0,0,0,0,0,0,1,0,0,0,.333,.333,.333,.666
Sam Huff,TEX,C,26,3,3,0,0,0,0,0,0,0,0,1,2,0,0,0,.000,.250,.000,.250
Livan Soto,CIN,SS,24,1,3,0,0,0,0,0,0,0,0,0,1,0,0,0,.000,.000,.000,.000
Forrest Wall,MIA,OF,28,3,3,1,1,0,0,0,0,1,0,0,2,0,0,0,.333,.333,.333,.666
Tyler Heineman,BOS,C,33,2,2,0,0,0,0,0,0,0,0,0,1,0,0,1,.000,.333,.000,.333
Taylor Trammell,NYY,OF,27,5,1,2,1,0,0,0,0,0,0,1,0,0,0,0,1.000,1.000,1.000,2.000
Cristian Pache,BAL,OF,25,3,1,0,1,0,0,0,0,0,0,0,0,0,0,0,1.000,1.000,1.000,2.000
Daniel Johnson,BAL,OF,29,1,1,1,0,0,0,0,0,0,0,0,0,0,0,0,.000,.000,.000,.000
David Banuelos,BAL,C,27,1,1,0,0,0,0,0,0,0,0,0,0,0,0,0,.000,.000,.000,.000
Jacob Amaya,HOU,SS,26,1,1,0,0,0,0,0,0,0,0,0,0,0,0,0,.000,.000,.000,.000
Duke Ellis,NYY,OF,26,3,1,0,1,0,0,0,0,1,0,0,0,0,0,0,1.000,1.000,1.000,2.000
Eric Yang,CIN,C,26,1,1,0,0,0,0,0,0,0,0,0,1,0,0,0,.000,.000,.000,.000
Chris Roller,MIL,OF,27,1,1,0,0,0,0,0,0,0,0,0,1,0,0,0,.000,.000,.000,.000
Joey Wiemer,CIN,OF,25,2,0,0,0,0,0,0,0,0,0,1,0,0,0,0,.000,1.000,.000,1.000