Date,Time,Away_Team,Home_Team,Away_Score,Home_Score
2026-03-25,,NYY,SFG,7,0
2026-03-26,,MIN,BAL,1,2
2026-03-26,,WSN,CHC,10,4
2026-03-26,,BOS,CIN,3,0
2026-03-26,,LAA,HOU,3,0
2026-03-26,,ARI,LAD,2,8
2026-03-26,,CHW,MIL,2,14
2026-03-26,,PIT,NYM,7,11
2026-03-26,,TEX,PHI,3,5
2026-03-26,,DET,SDP,8,2
2026-03-26,,CLE,SEA,6,4
2026-03-26,,TBR,STL,7,9
2026-03-27,,KCR,ATL,0,6
2026-03-27,,LAA,HOU,6,2
2026-03-27,,ARI,LAD,4,5
2026-03-27,,COL,MIA,1,2
2026-03-27,,DET,SDP,5,2
2026-03-27,,CLE,SEA,1,5
2026-03-27,,NYY,SFG,3,0
2026-03-27,,ATH,TOR,2,3
2026-03-28,,KCR,ATL,2,6
2026-03-28,,MIN,BAL,4,1
2026-03-28,,WSN,CHC,2,10
2026-03-28,,BOS,CIN,5,6
2026-03-28,,LAA,HOU,9,11
2026-03-28,,ARI,LAD,2,3
2026-03-28,,COL,MIA,3,4
2026-03-28,,CHW,MIL,1,6
2026-03-28,,PIT,NYM,2,4
2026-03-28,,TEX,PHI,5,4
2026-03-28,,DET,SDP,0,3
2026-03-28,,CLE,SEA,6,5
2026-03-28,,NYY,SFG,3,1
2026-03-28,,TBR,STL,5,6
2026-03-28,,ATH,TOR,7,8
2026-03-29,,KCR,ATL,4,1
2026-03-29,,MIN,BAL,6,8
2026-03-29,,WSN,CHC,6,3
2026-03-29,,BOS,CIN,2,3
2026-03-29,,LAA,HOU,7,9
2026-03-29,,COL,MIA,3,4
2026-03-29,,CHW,MIL,7,9
2026-03-29,,PIT,NYM,4,3
2026-03-29,,TEX,PHI,8,3
2026-03-29,,CLE,SEA,0,8
2026-03-29,,TBR,STL,11,7
2026-03-29,,ATH,TOR,2,5
2026-03-30,,DET,ARI,6,9
2026-03-30,,ATH,ATL,0,4
2026-03-30,,TEX,BAL,5,2
2026-03-30,,LAA,CHC,2,7
2026-03-30,,PIT,CIN,0,2
2026-03-30,,BOS,HOU,1,8
2026-03-30,,MIN,KCR,1,3
2026-03-30,,CLE,LAD,4,2
2026-03-30,,CHW,MIA,9,4
2026-03-30,,TBR,MIL,3,2
2026-03-30,,WSN,PHI,13,2
2026-03-30,,SFG,SDP,3,2
2026-03-30,,NYY,SEA,1,2
2026-03-30,,NYM,STL,4,2
2026-03-30,,COL,TOR,14,5
2026-03-31,,DET,ARI,5,7
2026-03-31,,ATH,ATL,5,2
2026-03-31,,TEX,BAL,8,5
2026-03-31,,LAA,CHC,2,0
2026-03-31,,PIT,CIN,8,3
2026-03-31,,BOS,HOU,2,9
2026-03-31,,CLE,LAD,1,4
2026-03-31,,CHW,MIA,2,9
2026-03-31,,TBR,MIL,2,6
2026-03-31,,WSN,PHI,2,3
2026-03-31,,SFG,SDP,9,3
2026-03-31,,NYY,SEA,5,0
2026-03-31,,NYM,STL,0,3
2026-03-31,,COL,TOR,1,5
2026-04-01,,DET,ARI,0,1
2026-04-01,,ATH,ATL,1,5
2026-04-01,,TEX,BAL,3,8
2026-04-01,,LAA,CHC,2,6
2026-04-01,,PIT,CIN,8,3
2026-04-01,,BOS,HOU,4,6
2026-04-01,,MIN,KCR,9,13
2026-04-01,,CLE,LAD,4,1
2026-04-01,,CHW,MIA,0,10
2026-04-01,,TBR,MIL,2,8
2026-04-01,,WSN,PHI,5,6
2026-04-01,,SFG,SDP,1,7
2026-04-01,,NYY,SEA,5,3
2026-04-01,,NYM,STL,1,2
2026-04-01,,COL,TOR,2,1
2026-04-02,,ATL,ARI,17,2
2026-04-02,,MIN,KCR,5,1
2026-04-02,,NYM,SFG,2,7
2026-04-03,,SEA,LAA,3,1
2026-04-03,,ATL,ARI,2,0
2026-04-03,,HOU,ATH,4,11
2026-04-03,,SDP,BOS,2,5
2026-04-03,,TOR,CHW,4,5
2026-04-03,,CHC,CLE,1,4
2026-04-03,,PHI,COL,10,1
2026-04-03,,STL,DET,0,4
2026-04-03,,TBR,MIN,4,10
2026-04-03,,MIA,NYY,2,8
2026-04-03,,BAL,PIT,4,5
2026-04-03,,NYM,SFG,10,3
2026-04-03,,CIN,TEX,5,3
2026-04-03,,LAD,WSN,13,6
2026-04-04,,SEA,LAA,0,1
2026-04-04,,ATL,ARI,1,2
2026-04-04,,HOU,ATH,11,0
2026-04-04,,SDP,BOS,3,2
2026-04-04,,TOR,CHW,3,6
2026-04-04,,PHI,COL,2,1
2026-04-04,,STL,DET,6,11
2026-04-04,,MIL,KCR,5,2
2026-04-04,,MIL,KCR,2,8
2026-04-04,,TBR,MIN,7,1
2026-04-04,,MIA,NYY,7,9
2026-04-04,,BAL,PIT,2,3
2026-04-04,,NYM,SFG,9,0
2026-04-04,,CIN,TEX,2,0
2026-04-04,,LAD,WSN,10,5
2026-04-05,,SEA,LAA,7,8
2026-04-05,,ATL,ARI,5,6
2026-04-05,,HOU,ATH,10,12
2026-04-05,,SDP,BOS,8,6
2026-04-05,,TOR,CHW,0,3
2026-04-05,,CHC,CLE,1,0
2026-04-05,,CHC,CLE,5,6
2026-04-05,,PHI,COL,1,4
2026-04-05,,STL,DET,5,3
2026-04-05,,MIL,KCR,8,5
2026-04-05,,TBR,MIN,4,1
2026-04-05,,MIA,NYY,7,6
2026-04-05,,BAL,PIT,2,8
2026-04-05,,NYM,SFG,5,2
2026-04-05,,CIN,TEX,2,1
2026-04-05,,LAD,WSN,8,6
2026-04-06,,ATL,LAA,2,6
2026-04-06,,MIL,BOS,8,6
2026-04-06,,BAL,CHW,2,1
2026-04-06,,KCR,CLE,4,2
2026-04-06,,HOU,COL,7,9
2026-04-06,,CIN,MIA,2,0
2026-04-06,,DET,MIN,3,7
2026-04-06,,SDP,PIT,5,0
2026-04-06,,PHI,SFG,6,4
2026-04-06,,CHC,TBR,4,6
2026-04-06,,SEA,TEX,1,2
2026-04-06,,LAD,TOR,14,2
2026-04-06,,STL,WSN,6,9
2026-04-07,,ATL,LAA,7,2
2026-04-07,,MIL,BOS,2,3
2026-04-07,,BAL,CHW,4,2
2026-04-07,,KCR,CLE,1,2
2026-04-07,,HOU,COL,1,5
2026-04-07,,CIN,MIA,6,3
2026-04-07,,DET,MIN,2,4
2026-04-07,,ATH,NYY,3,5
2026-04-07,,ARI,NYM,3,4
2026-04-07,,SDP,PIT,1,7
2026-04-07,,PHI,SFG,0,6
2026-04-07,,CHC,TBR,9,2
2026-04-07,,SEA,TEX,2,3
2026-04-07,,LAD,TOR,4,1
2026-04-07,,STL,WSN,7,6
2026-04-08,,ATL,LAA,8,2
2026-04-08,,MIL,BOS,0,5
2026-04-08,,BAL,CHW,5,3
2026-04-08,,KCR,CLE,2,10
2026-04-08,,HOU,COL,1,9
2026-04-08,,CIN,MIA,4,7
2026-04-08,,DET,MIN,6,8
2026-04-08,,ATH,NYY,3,2
2026-04-08,,ARI,NYM,7,2
2026-04-08,,SDP,PIT,8,2
2026-04-08,,PHI,SFG,0,5
2026-04-08,,CHC,TBR,6,2
2026-04-08,,SEA,TEX,0,3
2026-04-08,,LAD,TOR,3,4
2026-04-08,,STL,WSN,6,1
2026-04-09,,CHW,KCR,2,0
2026-04-09,,CIN,MIA,1,8
2026-04-09,,DET,MIN,1,3
2026-04-09,,ATH,NYY,1,0
2026-04-09,,ARI,NYM,7,1
2026-04-09,,COL,SDP,3,7
2026-04-10,,CLE,ATL,5,11
2026-04-10,,SFG,BAL,6,3
2026-04-10,,PIT,CHC,2,0
2026-04-10,,LAA,CIN,10,2
2026-04-10,,MIA,DET,0,2
2026-04-10,,CHW,KCR,0,2
2026-04-10,,TEX,LAD,7,8
2026-04-10,,WSN,MIL,7,3
2026-04-10,,ATH,NYM,4,0
2026-04-10,,ARI,PHI,5,4
2026-04-10,,COL,SDP,2,5
2026-04-10,,HOU,SEA,6,9
2026-04-10,,BOS,STL,2,3
2026-04-10,,NYY,TBR,3,5
2026-04-10,,MIN,TOR,4,10
2026-04-11,,CLE,ATL,6,0
2026-04-11,,SFG,BAL,2,6
2026-04-11,,PIT,CHC,4,3
2026-04-11,,LAA,CIN,3,7
2026-04-11,,MIA,DET,1,6
2026-04-11,,CHW,KCR,0,2
2026-04-11,,TEX,LAD,3,6
2026-04-11,,WSN,MIL,3,1
2026-04-11,,ATH,NYM,11,6
2026-04-11,,ARI,PHI,3,4
2026-04-11,,COL,SDP,5,9
2026-04-11,,HOU,SEA,7,8
2026-04-11,,BOS,STL,7,1
2026-04-11,,NYY,TBR,4,5
2026-04-11,,MIN,TOR,7,4
2026-04-12,,CLE,ATL,1,13
2026-04-12,,SFG,BAL,2,6
2026-04-12,,PIT,CHC,6,7
2026-04-12,,LAA,CIN,9,6
2026-04-12,,MIA,DET,2,8
2026-04-12,,CHW,KCR,6,5
2026-04-12,,TEX,LAD,5,2
2026-04-12,,WSN,MIL,8,6
2026-04-12,,ATH,NYM,1,0
2026-04-12,,ARI,PHI,4,3
2026-04-12,,COL,SDP,2,7
2026-04-12,,HOU,SEA,1,6
2026-04-12,,BOS,STL,9,3
2026-04-12,,NYY,TBR,4,5
2026-04-12,,MIN,TOR,8,2
2026-04-13,,TEX,ATH,8,1
2026-04-13,,MIA,ATL,10,4
2026-04-13,,ARI,BAL,7,9
2026-04-13,,NYM,LAD,0,4
2026-04-13,,BOS,MIN,6,13
2026-04-13,,LAA,NYY,10,11
2026-04-13,,CHC,PHI,7,13
2026-04-13,,WSN,PIT,5,16
2026-04-13,,HOU,SEA,2,6
2026-04-13,,CLE,STL,9,3
2026-04-14,,TEX,ATH,1,2
2026-04-14,,MIA,ATL,5,6
2026-04-14,,ARI,BAL,4,3
2026-04-14,,TBR,CHW,8,5
2026-04-14,,SFG,CIN,1,2
2026-04-14,,KCR,DET,1,2
2026-04-14,,COL,HOU,6,7
2026-04-14,,NYM,LAD,1,2
2026-04-14,,TOR,MIL,9,7
2026-04-14,,BOS,MIN,0,6
2026-04-14,,LAA,NYY,7,1
2026-04-14,,CHC,PHI,10,4
2026-04-14,,WSN,PIT,5,4
2026-04-14,,SEA,SDP,1,4
2026-04-14,,CLE,STL,5,6
2026-04-15,,TEX,ATH,5,6
2026-04-15,,MIA,ATL,3,6
2026-04-15,,ARI,BAL,8,5
2026-04-15,,TBR,CHW,8,3
2026-04-15,,SFG,CIN,3,8
2026-04-15,,KCR,DET,1,2
2026-04-15,,COL,HOU,1,3
2026-04-15,,NYM,LAD,2,8
2026-04-15,,TOR,MIL,1,2
2026-04-15,,BOS,MIN,9,5
2026-04-15,,LAA,NYY,4,5
2026-04-15,,CHC,PHI,11,2
2026-04-15,,WSN,PIT,0,2
2026-04-15,,SEA,SDP,6,7
2026-04-15,,CLE,STL,3,5
2026-04-16,,TEX,ATH,9,6
2026-04-16,,TBR,CHW,5,3
2026-04-16,,SFG,CIN,3,0
2026-04-16,,BAL,CLE,2,4
2026-04-16,,KCR,DET,9,10
2026-04-16,,COL,HOU,3,2
2026-04-16,,TOR,MIL,1,2
2026-04-16,,LAA,NYY,11,4
2026-04-16,,WSN,PIT,8,7
2026-04-16,,SEA,SDP,2,5
2026-04-17,14:20,NYM,CHC,0,0
2026-04-17,18:10,BAL,CLE,0,0
2026-04-17,18:40,ATL,PHI,0,0
2026-04-17,18:45,TBR,PIT,0,0
2026-04-17,18:45,SFG,WSN,0,0
2026-04-17,19:05,KCR,NYY,0,0
2026-04-17,19:10,MIL,MIA,0,0
2026-04-17,19:15,DET,BOS,0,0
2026-04-17,20:10,STL,HOU,0,0
2026-04-17,20:10,CIN,MIN,0,0
2026-04-17,20:40,LAD,COL,0,0
2026-04-17,21:38,SDP,LAA,0,0
2026-04-17,21:40,TOR,ARI,0,0
2026-04-17,21:40,CHW,ATH,0,0
2026-04-17,21:40,TEX,SEA,0,0
2026-04-18,13:35,KCR,NYY,0,0
2026-04-18,14:10,CIN,MIN,0,0
2026-04-18,14:20,NYM,CHC,0,0
2026-04-18,16:05,CHW,ATH,0,0
2026-04-18,16:05,TBR,PIT,0,0
2026-04-18,16:05,SFG,WSN,0,0
2026-04-18,16:10,DET,BOS,0,0
2026-04-18,16:10,MIL,MIA,0,0
2026-04-18,18:10,BAL,CLE,0,0
2026-04-18,19:10,STL,HOU,0,0
2026-04-18,19:15,ATL,PHI,0,0
2026-04-18,19:15,TEX,SEA,0,0
2026-04-18,20:10,TOR,ARI,0,0
2026-04-18,20:10,LAD,COL,0,0
2026-04-18,21:38,SDP,LAA,0,0
2026-04-19,13:35,DET,BOS,0,0
2026-04-19,13:35,KCR,NYY,0,0
2026-04-19,13:35,TBR,PIT,0,0
2026-04-19,13:35,SFG,WSN,0,0
2026-04-19,13:40,BAL,CLE,0,0
2026-04-19,13:40,MIL,MIA,0,0
2026-04-19,14:10,STL,HOU,0,0
2026-04-19,14:10,CIN,MIN,0,0
2026-04-19,14:20,NYM,CHC,0,0
2026-04-19,15:10,LAD,COL,0,0
2026-04-19,16:05,CHW,ATH,0,0
2026-04-19,16:07,SDP,LAA,0,0
2026-04-19,16:10,TOR,ARI,0,0
2026-04-19,16:10,TEX,SEA,0,0
2026-04-19,19:20,ATL,PHI,0,0
2026-04-20,11:10,DET,BOS,0,0
2026-04-20,18:10,HOU,CLE,0,0
2026-04-20,18:40,STL,MIA,0,0
2026-04-20,18:40,CIN,TBR,0,0
2026-04-20,18:45,ATL,WSN,0,0
2026-04-20,19:40,PHI,CHC,0,0
2026-04-20,19:40,BAL,KCR,0,0
2026-04-20,20:40,LAD,COL,0,0
2026-04-20,21:38,TOR,LAA,0,0
2026-04-20,21:40,ATH,SEA,0,0
2026-04-21,18:10,HOU,CLE,0,0
2026-04-21,18:40,MIL,DET,0,0
2026-04-21,18:40,STL,MIA,0,0
2026-04-21,18:40,CIN,TBR,0,0
2026-04-21,18:45,NYY,BOS,0,0
2026-04-21,18:45,ATL,WSN,0,0
2026-04-21,19:10,MIN,NYM,0,0
2026-04-21,19:40,PHI,CHC,0,0
2026-04-21,19:40,BAL,KCR,0,0
2026-04-21,20:05,PIT,TEX,0,0
2026-04-21,20:40,SDP,COL,0,0
2026-04-21,21:38,TOR,LAA,0,0
2026-04-21,21:40,CHW,ARI,0,0
2026-04-21,21:40,ATH,SEA,0,0
2026-04-21,21:45,LAD,SFG,0,0
2026-04-22,12:10,STL,MIA,0,0
2026-04-22,13:10,HOU,CLE,0,0
2026-04-22,13:10,CIN,TBR,0,0
2026-04-22,14:10,BAL,KCR,0,0
2026-04-22,15:07,TOR,LAA,0,0
2026-04-22,16:10,ATH,SEA,0,0
2026-04-22,18:40,MIL,DET,0,0
2026-04-22,18:45,NYY,BOS,0,0
2026-04-22,18:45,ATL,WSN,0,0
2026-04-22,19:10,MIN,NYM,0,0
2026-04-22,19:40,PHI,CHC,0,0
2026-04-22,20:05,PIT,TEX,0,0
2026-04-22,20:40,SDP,COL,0,0
2026-04-22,21:40,CHW,ARI,0,0
2026-04-22,21:45,LAD,SFG,0,0
2026-04-23,13:05,ATL,WSN,0,0
2026-04-23,13:10,MIL,DET,0,0
2026-04-23,14:20,PHI,CHC,0,0
2026-04-23,15:10,SDP,COL,0,0
2026-04-23,15:40,CHW,ARI,0,0
2026-04-23,15:45,LAD,SFG,0,0
2026-04-23,18:10,NYY,BOS,0,0
2026-04-23,19:10,MIN,NYM,0,0
2026-04-23,20:05,PIT,TEX,0,0
2026-04-24,18:40,DET,CIN,0,0
2026-04-24,19:05,BOS,BAL,0,0
2026-04-24,19:07,CLE,TOR,0,0
2026-04-24,19:10,COL,NYM,0,0
2026-04-24,19:10,MIN,TBR,0,0
2026-04-24,19:15,PHI,ATL,0,0
2026-04-24,19:40,WSN,CHW,0,0
2026-04-24,19:40,LAA,KCR,0,0
2026-04-24,19:40,PIT,MIL,0,0
2026-04-24,20:05,ATH,TEX,0,0
2026-04-24,20:10,NYY,HOU,0,0
2026-04-24,20:15,SEA,STL,0,0
2026-04-24,22:15,CHC,LAD,0,0
2026-04-24,22:15,MIA,SFG,0,0
2026-04-25,14:15,SEA,STL,0,0
2026-04-25,15:07,CLE,TOR,0,0
2026-04-25,16:05,BOS,BAL,0,0
2026-04-25,16:05,MIA,SFG,0,0
2026-04-25,16:10,WSN,CHW,0,0
2026-04-25,16:10,COL,NYM,0,0
2026-04-25,16:10,MIN,TBR,0,0
2026-04-25,18:05,SDP,ARI,0,0
2026-04-25,19:05,ATH,TEX,0,0
2026-04-25,19:10,NYY,HOU,0,0
2026-04-25,19:10,LAA,KCR,0,0
2026-04-25,19:10,PIT,MIL,0,0
2026-04-25,19:15,PHI,ATL,0,0
2026-04-25,19:15,DET,CIN,0,0
2026-04-25,19:15,CHC,LAD,0,0
2026-04-26,13:35,PHI,ATL,0,0
2026-04-26,13:35,BOS,BAL,0,0
2026-04-26,13:37,CLE,TOR,0,0
2026-04-26,13:40,DET,CIN,0,0
2026-04-26,13:40,COL,NYM,0,0
2026-04-26,13:40,MIN,TBR,0,0
2026-04-26,14:10,WSN,CHW,0,0
2026-04-26,14:10,NYY,HOU,0,0
2026-04-26,14:10,PIT,MIL,0,0
2026-04-26,14:15,SEA,STL,0,0
2026-04-26,14:35,ATH,TEX,0,0
2026-04-26,16:05,SDP,ARI,0,0
2026-04-26,16:05,MIA,SFG,0,0
2026-04-26,16:10,CHC,LAD,0,0
2026-04-26,19:20,LAA,KCR,0,0
2026-04-27,18:10,TBR,CLE,0,0
2026-04-27,18:40,STL,PIT,0,0
2026-04-27,19:07,BOS,TOR,0,0
2026-04-27,19:40,LAA,CHW,0,0
2026-04-27,19:40,SEA,MIN,0,0
2026-04-27,20:05,NYY,TEX,0,0
2026-04-27,21:40,CHC,SDP,0,0
2026-04-27,22:10,MIA,LAD,0,0
2026-04-28,18:10,TBR,CLE,0,0
2026-04-28,18:35,HOU,BAL,0,0
2026-04-28,18:40,COL,CIN,0,0
2026-04-28,18:40,SFG,PHI,0,0
2026-04-28,18:40,STL,PIT,0,0
2026-04-28,19:07,BOS,TOR,0,0
2026-04-28,19:10,WSN,NYM,0,0
2026-04-28,19:15,DET,ATL,0,0
2026-04-28,19:40,LAA,CHW,0,0
2026-04-28,19:40,ARI,MIL,0,0
2026-04-28,19:40,SEA,MIN,0,0
2026-04-28,20:05,NYY,TEX,0,0
2026-04-28,21:40,KCR,ATH,0,0
2026-04-28,21:40,CHC,SDP,0,0
2026-04-28,22:10,MIA,LAD,0,0
2026-04-29,13:10,LAA,CHW,0,0
2026-04-29,13:10,TBR,CLE,0,0
2026-04-29,13:40,SEA,MIN,0,0
2026-04-29,14:35,NYY,TEX,0,0
2026-04-29,15:07,BOS,TOR,0,0
2026-04-29,15:10,MIA,LAD,0,0
2026-04-29,16:10,CHC,SDP,0,0
2026-04-29,18:35,HOU,BAL,0,0
2026-04-29,18:40,COL,CIN,0,0
2026-04-29,18:40,SFG,PHI,0,0
2026-04-29,18:40,STL,PIT,0,0
2026-04-29,19:10,WSN,NYM,0,0
2026-04-29,19:15,DET,ATL,0,0
2026-04-29,19:40,ARI,MIL,0,0
2026-04-29,21:40,KCR,ATH,0,0
2026-04-30,12:15,DET,ATL,0,0
2026-04-30,12:35,HOU,BAL,0,0
2026-04-30,12:35,STL,PIT,0,0
2026-04-30,12:40,COL,CIN,0,0
2026-04-30,13:05,SFG,PHI,0,0
2026-04-30,13:10,WSN,NYM,0,0
2026-04-30,13:40,ARI,MIL,0,0
2026-04-30,15:05,KCR,ATH,0,0
2026-04-30,19:40,TOR,MIN,0,0
2026-05-01,14:20,ARI,CHC,0,0
2026-05-01,18:40,TEX,DET,0,0
2026-05-01,18:45,CIN,PIT,0,0
2026-05-01,18:45,MIL,WSN,0,0
2026-05-01,19:05,BAL,NYY,0,0
2026-05-01,19:10,HOU,BOS,0,0
2026-05-01,19:10,PHI,MIA,0,0
2026-05-01,19:10,SFG,TBR,0,0
2026-05-01,20:10,TOR,MIN,0,0
2026-05-01,20:15,LAD,STL,0,0
2026-05-01,20:40,ATL,COL,0,0
2026-05-01,21:38,NYM,LAA,0,0
2026-05-01,21:40,CLE,ATH,0,0
2026-05-01,21:40,CHW,SDP,0,0
2026-05-01,21:45,KCR,SEA,0,0
2026-05-02,13:35,BAL,NYY,0,0
2026-05-02,14:10,TOR,MIN,0,0
2026-05-02,14:20,ARI,CHC,0,0
2026-05-02,16:05,CLE,ATH,0,0
2026-05-02,16:05,CIN,PIT,0,0
2026-05-02,16:05,MIL,WSN,0,0
2026-05-02,16:10,HOU,BOS,0,0
2026-05-02,16:10,PHI,MIA,0,0
2026-05-02,18:10,SFG,TBR,0,0
2026-05-02,19:15,TEX,DET,0,0
2026-05-02,19:15,LAD,STL,0,0
2026-05-02,20:10,ATL,COL,0,0
2026-05-02,20:40,CHW,SDP,0,0
2026-05-02,21:38,NYM,LAA,0,0
2026-05-02,21:40,KCR,SEA,0,0
2026-05-03,12:45,TOR,MIN,0,0
2026-05-03,13:35,HOU,BOS,0,0
2026-05-03,13:35,BAL,NYY,0,0
2026-05-03,13:35,CIN,PIT,0,0
2026-05-03,13:35,MIL,WSN,0,0
2026-05-03,13:40,PHI,MIA,0,0
2026-05-03,13:40,SFG,TBR,0,0
2026-05-03,14:15,LAD,STL,0,0
2026-05-03,14:20,ARI,CHC,0,0
2026-05-03,15:10,ATL,COL,0,0
2026-05-03,16:05,CLE,ATH,0,0
2026-05-03,16:07,NYM,LAA,0,0
2026-05-03,16:10,CHW,SDP,0,0
2026-05-03,16:10,KCR,SEA,0,0
2026-05-03,19:20,TEX,DET,0,0
2026-05-04,18:40,BOS,DET,0,0
2026-05-04,18:40,PHI,MIA,0,0
2026-05-04,18:40,TOR,TBR,0,0
2026-05-04,19:05,BAL,NYY,0,0
2026-05-04,19:40,CIN,CHC,0,0
2026-05-04,19:40,CLE,KCR,0,0
2026-05-04,19:45,MIL,STL,0,0
2026-05-04,20:10,LAD,HOU,0,0
2026-05-04,20:40,NYM,COL,0,0
2026-05-04,21:38,CHW,LAA,0,0
2026-05-04,21:40,ATL,SEA,0,0
2026-05-04,21:45,SDP,SFG,0,0
2026-05-05,18:40,BOS,DET,0,0
2026-05-05,18:40,BAL,MIA,0,0
2026-05-05,18:40,ATH,PHI,0,0
2026-05-05,18:40,TOR,TBR,0,0
2026-05-05,18:45,MIN,WSN,0,0
2026-05-05,19:05,TEX,NYY,0,0
2026-05-05,19:40,CIN,CHC,0,0
2026-05-05,19:40,CLE,KCR,0,0
2026-05-05,19:45,MIL,STL,0,0
2026-05-05,20:10,LAD,HOU,0,0
2026-05-05,20:40,NYM,COL,0,0
2026-05-05,21:38,CHW,LAA,0,0
2026-05-05,21:40,PIT,ARI,0,0
2026-05-05,21:40,ATL,SEA,0,0
2026-05-05,21:45,SDP,SFG,0,0
2026-05-06,13:10,TOR,TBR,0,0
2026-05-06,13:15,MIL,STL,0,0
2026-05-06,14:10,LAD,HOU,0,0
2026-05-06,15:10,NYM,COL,0,0
2026-05-06,15:45,SDP,SFG,0,0
2026-05-06,16:07,CHW,LAA,0,0
2026-05-06,16:10,ATL,SEA,0,0
2026-05-06,18:40,BOS,DET,0,0
2026-05-06,18:40,BAL,MIA,0,0
2026-05-06,18:40,ATH,PHI,0,0
2026-05-06,18:45,MIN,WSN,0,0
2026-05-06,19:05,TEX,NYY,0,0
2026-05-06,19:40,CIN,CHC,0,0
2026-05-06,19:40,CLE,KCR,0,0
2026-05-06,21:40,PIT,ARI,0,0
2026-05-07,12:35,TEX,NYY,0,0
2026-05-07,13:05,MIN,WSN,0,0
2026-05-07,14:10,CLE,KCR,0,0
2026-05-07,14:20,CIN,CHC,0,0
2026-05-07,15:40,PIT,ARI,0,0
2026-05-07,18:40,BAL,MIA,0,0
2026-05-07,18:40,ATH,PHI,0,0
2026-05-07,19:10,TBR,BOS,0,0
2026-05-07,22:10,STL,SDP,0,0
2026-05-08,18:10,HOU,CIN,0,0
2026-05-08,18:40,COL,PHI,0,0
2026-05-08,19:05,ATH,BAL,0,0
2026-05-08,19:07,LAA,TOR,0,0
2026-05-08,19:10,TBR,BOS,0,0
2026-05-08,19:10,WSN,MIA,0,0
2026-05-08,19:15,MIN,CLE,0,0
2026-05-08,19:40,SEA,CHW,0,0
2026-05-08,19:40,DET,KCR,0,0
2026-05-08,19:40,NYY,MIL,0,0
2026-05-08,20:05,CHC,TEX,0,0
2026-05-08,21:40,NYM,ARI,0,0
2026-05-08,21:45,STL,SDP,0,0
2026-05-08,22:10,ATL,LAD,0,0
2026-05-08,22:15,PIT,SFG,0,0
2026-05-09,15:07,LAA,TOR,0,0
2026-05-09,16:05,ATH,BAL,0,0
2026-05-09,16:10,TBR,BOS,0,0
2026-05-09,16:10,HOU,CIN,0,0
2026-05-09,16:10,WSN,MIA,0,0
2026-05-09,18:05,COL,PHI,0,0
2026-05-09,18:10,MIN,CLE,0,0
2026-05-09,19:05,CHC,TEX,0,0
2026-05-09,19:10,SEA,CHW,0,0
2026-05-09,19:10,DET,KCR,0,0
2026-05-09,19:10,NYY,MIL,0,0
2026-05-09,19:15,NYM,ARI,0,0
2026-05-09,19:15,STL,SDP,0,0
2026-05-09,21:05,PIT,SFG,0,0
2026-05-09,21:10,ATL,LAD,0,0
2026-05-10,12:15,WSN,MIA,0,0
2026-05-10,13:35,ATH,BAL,0,0
2026-05-10,13:35,TBR,BOS,0,0
2026-05-10,13:35,COL,PHI,0,0
2026-05-10,13:37,LAA,TOR,0,0
2026-05-10,13:40,HOU,CIN,0,0
2026-05-10,13:40,MIN,CLE,0,0
2026-05-10,14:10,SEA,CHW,0,0
2026-05-10,14:10,NYY,MIL,0,0
2026-05-10,14:35,CHC,TEX,0,0
2026-05-10,16:05,PIT,SFG,0,0
2026-05-10,16:10,NYM,ARI,0,0
2026-05-10,16:10,ATL,LAD,0,0
2026-05-10,16:10,STL,SDP,0,0
2026-05-10,19:20,DET,KCR,0,0
2026-05-11,18:10,LAA,CLE,0,0
2026-05-11,18:35,NYY,BAL,0,0
2026-05-11,19:07,TBR,TOR,0,0
2026-05-11,20:05,ARI,TEX,0,0
2026-05-11,20:10,SEA,HOU,0,0
2026-05-11,22:10,SFG,LAD,0,0
2026-05-12,18:10,LAA,CLE,0,0
2026-05-12,18:35,NYY,BAL,0,0
2026-05-12,18:40,WSN,CIN,0,0
2026-05-12,18:40,COL,PIT,0,0
2026-05-12,18:45,PHI,BOS,0,0
2026-05-12,19:07,TBR,TOR,0,0
2026-05-12,19:10,DET,NYM,0,0
2026-05-12,19:15,CHC,ATL,0,0
2026-05-12,19:40,KCR,CHW,0,0
2026-05-12,19:40,SDP,MIL,0,0
2026-05-12,19:40,MIA,MIN,0,0
2026-05-12,20:05,ARI,TEX,0,0
2026-05-12,20:10,SEA,HOU,0,0
2026-05-12,21:40,STL,ATH,0,0
2026-05-12,22:10,SFG,LAD,0,0
2026-05-13,13:10,LAA,CLE,0,0
2026-05-13,18:35,NYY,BAL,0,0
2026-05-13,18:40,WSN,CIN,0,0
2026-05-13,18:40,COL,PIT,0,0
2026-05-13,18:45,PHI,BOS,0,0
2026-05-13,19:07,TBR,TOR,0,0
2026-05-13,19:10,DET,NYM,0,0
2026-05-13,19:15,CHC,ATL,0,0
2026-05-13,19:40,KCR,CHW,0,0
2026-05-13,19:40,SDP,MIL,0,0
2026-05-13,19:40,MIA,MIN,0,0
2026-05-13,20:05,ARI,TEX,0,0
2026-05-13,20:10,SEA,HOU,0,0
2026-05-13,21:40,STL,ATH,0,0
2026-05-13,22:10,SFG,LAD,0,0
2026-05-14,12:35,COL,PIT,0,0
2026-05-14,12:40,WSN,CIN,0,0
2026-05-14,13:10,DET,NYM,0,0
2026-05-14,13:40,SDP,MIL,0,0
2026-05-14,13:40,MIA,MIN,0,0
2026-05-14,14:10,SEA,HOU,0,0
2026-05-14,15:05,STL,ATH,0,0
2026-05-14,18:45,PHI,BOS,0,0
2026-05-14,19:15,CHC,ATL,0,0
2026-05-14,19:40,KCR,CHW,0,0
2026-05-14,22:10,SFG,LAD,0,0
2026-05-15,18:40,PHI,PIT,0,0
2026-05-15,18:45,TOR,DET,0,0
2026-05-15,18:45,BAL,WSN,0,0
2026-05-15,19:10,CIN,CLE,0,0
2026-05-15,19:10,MIA,TBR,0,0
2026-05-15,19:15,BOS,ATL,0,0
2026-05-15,19:15,NYY,NYM,0,0
2026-05-15,19:40,CHC,CHW,0,0
2026-05-15,20:10,TEX,HOU,0,0
2026-05-15,20:10,MIL,MIN,0,0
2026-05-15,20:15,KCR,STL,0,0
2026-05-15,20:40,ARI,COL,0,0
2026-05-15,21:38,LAD,LAA,0,0
2026-05-15,21:40,SFG,ATH,0,0
2026-05-15,21:40,SDP,SEA,0,0
2026-05-16,13:10,TOR,DET,0,0
2026-05-16,14:15,KCR,STL,0,0
2026-05-16,15:10,ARI,COL,0,0
2026-05-16,16:05,PHI,PIT,0,0
2026-05-16,16:05,BAL,WSN,0,0
2026-05-16,16:10,MIA,TBR,0,0
2026-05-16,18:10,CIN,CLE,0,0
2026-05-16,19:10,CHC,CHW,0,0
2026-05-16,19:10,TEX,HOU,0,0
2026-05-16,19:10,MIL,MIN,0,0
2026-05-16,19:15,BOS,ATL,0,0
2026-05-16,19:15,NYY,NYM,0,0
2026-05-16,19:15,SDP,SEA,0,0
2026-05-16,21:38,LAD,LAA,0,0
2026-05-16,21:40,SFG,ATH,0,0
2026-05-17,12:15,MIA,TBR,0,0
2026-05-17,13:35,BOS,ATL,0,0
2026-05-17,13:35,PHI,PIT,0,0
2026-05-17,13:35,BAL,WSN,0,0
2026-05-17,13:40,CIN,CLE,0,0
2026-05-17,13:40,TOR,DET,0,0
2026-05-17,13:40,NYY,NYM,0,0
2026-05-17,14:10,CHC,CHW,0,0
2026-05-17,14:10,TEX,HOU,0,0
2026-05-17,14:10,MIL,MIN,0,0
2026-05-17,14:15,KCR,STL,0,0
2026-05-17,15:10,ARI,COL,0,0
2026-05-17,16:05,SFG,ATH,0,0
2026-05-17,16:07,LAD,LAA,0,0
2026-05-17,19:20,SDP,SEA,0,0
2026-05-18,18:40,CLE,DET,0,0
2026-05-18,18:40,ATL,MIA,0,0
2026-05-18,18:40,CIN,PHI,0,0
2026-05-18,18:40,BAL,TBR,0,0
2026-05-18,18:45,NYM,WSN,0,0
2026-05-18,19:05,TOR,NYY,0,0
2026-05-18,19:40,MIL,CHC,0,0
2026-05-18,19:40,BOS,KCR,0,0
2026-05-18,19:40,HOU,MIN,0,0
2026-05-18,20:40,TEX,COL,0,0
2026-05-18,21:38,ATH,LAA,0,0
2026-05-18,21:40,SFG,ARI,0,0
2026-05-18,21:40,LAD,SDP,0,0
2026-05-18,21:40,CHW,SEA,0,0
2026-05-19,16:10,ATL,MIA,0,0
2026-05-19,18:40,CLE,DET,0,0
2026-05-19,18:40,CIN,PHI,0,0
2026-05-19,18:40,BAL,TBR,0,0
2026-05-19,18:45,NYM,WSN,0,0
2026-05-19,19:05,TOR,NYY,0,0
2026-05-19,19:40,MIL,CHC,0,0
2026-05-19,19:40,BOS,KCR,0,0
2026-05-19,19:40,HOU,MIN,0,0
2026-05-19,19:45,PIT,STL,0,0
2026-05-19,20:40,TEX,COL,0,0
2026-05-19,21:38,ATH,LAA,0,0
2026-05-19,21:40,SFG,ARI,0,0
2026-05-19,21:40,LAD,SDP,0,0
2026-05-19,21:40,CHW,SEA,0,0
2026-05-20,13:05,CIN,PHI,0,0
2026-05-20,13:10,BAL,TBR,0,0
2026-05-20,13:40,HOU,MIN,0,0
2026-05-20,15:10,TEX,COL,0,0
2026-05-20,15:40,SFG,ARI,0,0
2026-05-20,16:10,CHW,SEA,0,0
2026-05-20,18:40,CLE,DET,0,0
2026-05-20,18:40,ATL,MIA,0,0
2026-05-20,18:45,NYM,WSN,0,0
2026-05-20,19:05,TOR,NYY,0,0
2026-05-20,19:40,MIL,CHC,0,0
2026-05-20,19:40,BOS,KCR,0,0
2026-05-20,19:45,PIT,STL,0,0
2026-05-20,20:40,LAD,SDP,0,0
2026-05-20,21:38,ATH,LAA,0,0
2026-05-21,13:10,CLE,DET,0,0
2026-05-21,13:15,PIT,STL,0,0
2026-05-21,16:05,NYM,WSN,0,0
2026-05-21,18:40,ATL,MIA,0,0
2026-05-21,19:05,TOR,NYY,0,0
2026-05-21,21:38,ATH,LAA,0,0
2026-05-21,21:40,COL,ARI,0,0
2026-05-22,14:20,HOU,CHC,0,0
2026-05-22,18:40,STL,CIN,0,0
2026-05-22,18:40,CLE,PHI,0,0
2026-05-22,19:05,TBR,NYY,0,0
2026-05-22,19:07,PIT,TOR,0,0
2026-05-22,19:10,MIN,BOS,0,0
2026-05-22,19:10,NYM,MIA,0,0
2026-05-22,19:15,WSN,ATL,0,0
2026-05-22,19:15,DET,BAL,0,0
2026-05-22,19:40,SEA,KCR,0,0
2026-05-22,19:40,LAD,MIL,0,0
2026-05-22,21:38,TEX,LAA,0,0
2026-05-22,21:40,COL,ARI,0,0
2026-05-22,21:40,ATH,SDP,0,0
2026-05-22,22:15,CHW,SFG,0,0
2026-05-23,13:35,TBR,NYY,0,0
2026-05-23,14:20,HOU,CHC,0,0
2026-05-23,15:07,PIT,TOR,0,0
2026-05-23,16:05,DET,BAL,0,0
2026-05-23,16:05,CLE,PHI,0,0
2026-05-23,16:05,CHW,SFG,0,0
2026-05-23,16:10,WSN,ATL,0,0
2026-05-23,16:10,MIN,BOS,0,0
2026-05-23,16:10,SEA,KCR,0,0
2026-05-23,16:10,NYM,MIA,0,0
2026-05-23,19:15,STL,CIN,0,0
2026-05-23,19:15,LAD,MIL,0,0
2026-05-23,21:40,ATH,SDP,0,0
2026-05-23,22:05,TEX,LAA,0,0
2026-05-23,22:10,COL,ARI,0,0
2026-05-24,12:15,PIT,TOR,0,0
2026-05-24,13:35,DET,BAL,0,0
2026-05-24,13:35,MIN,BOS,0,0
2026-05-24,13:35,TBR,NYY,0,0
2026-05-24,13:35,CLE,PHI,0,0
2026-05-24,13:40,STL,CIN,0,0
2026-05-24,13:40,NYM,MIA,0,0
2026-05-24,14:10,SEA,KCR,0,0
2026-05-24,14:10,LAD,MIL,0,0
2026-05-24,14:20,HOU,CHC,0,0
2026-05-24,16:05,CHW,SFG,0,0
2026-05-24,16:10,COL,ARI,0,0
2026-05-24,16:10,WSN,ATL,0,0
2026-05-24,16:10,ATH,SDP,0,0
2026-05-24,19:20,TEX,LAA,0,0
2026-05-25,13:35,TBR,BAL,0,0
2026-05-25,14:10,MIN,CHW,0,0
2026-05-25,14:10,STL,MIL,0,0
2026-05-25,15:40,NYY,KCR,0,0
2026-05-25,16:10,CIN,NYM,0,0
2026-05-25,17:05,ARI,SFG,0,0
2026-05-25,18:10,WSN,CLE,0,0
2026-05-25,18:40,CHC,PIT,0,0
2026-05-25,18:40,PHI,SDP,0,0
2026-05-25,19:05,HOU,TEX,0,0
2026-05-25,19:07,MIA,TOR,0,0
2026-05-25,21:10,COL,LAD,0,0
2026-05-25,21:40,SEA,ATH,0,0
2026-05-26,18:10,WSN,CLE,0,0
2026-05-26,18:35,TBR,BAL,0,0
2026-05-26,18:40,LAA,DET,0,0
2026-05-26,18:40,CHC,PIT,0,0
2026-05-26,18:45,ATL,BOS,0,0
2026-05-26,19:07,MIA,TOR,0,0
2026-05-26,19:10,CIN,NYM,0,0
2026-05-26,19:40,MIN,CHW,0,0
2026-05-26,19:40,NYY,KCR,0,0
2026-05-26,19:40,STL,MIL,0,0
2026-05-26,20:05,HOU,TEX,0,0
2026-05-26,21:40,SEA,ATH,0,0
2026-05-26,21:40,PHI,SDP,0,0
2026-05-26,21:45,ARI,SFG,0,0
2026-05-26,22:10,COL,LAD,0,0
2026-05-27,13:07,MIA,TOR,0,0
2026-05-27,13:10,WSN,CLE,0,0
2026-05-27,13:40,STL,MIL,0,0
2026-05-27,15:05,SEA,ATH,0,0
2026-05-27,15:45,ARI,SFG,0,0
2026-05-27,16:10,PHI,SDP,0,0
2026-05-27,18:35,TBR,BAL,0,0
2026-05-27,18:40,LAA,DET,0,0
2026-05-27,18:40,CHC,PIT,0,0
2026-05-27,18:45,ATL,BOS,0,0
2026-05-27,19:10,CIN,NYM,0,0
2026-05-27,19:40,MIN,CHW,0,0
2026-05-27,19:40,NYY,KCR,0,0
2026-05-27,20:05,HOU,TEX,0,0
2026-05-27,22:10,COL,LAD,0,0
2026-05-28,13:10,LAA,DET,0,0
2026-05-28,14:10,MIN,CHW,0,0
2026-05-28,16:10,ATL,BOS,0,0
2026-05-28,18:35,TOR,BAL,0,0
2026-05-28,18:40,CHC,PIT,0,0
2026-05-28,20:05,HOU,TEX,0,0
2026-05-29,18:40,ATL,CIN,0,0
2026-05-29,18:45,MIN,PIT,0,0
2026-05-29,18:45,SDP,WSN,0,0
2026-05-29,19:05,TOR,BAL,0,0
2026-05-29,19:10,BOS,CLE,0,0
2026-05-29,19:10,MIA,NYM,0,0
2026-05-29,19:10,LAA,TBR,0,0
2026-05-29,19:15,CHC,STL,0,0
2026-05-29,19:40,DET,CHW,0,0
2026-05-29,20:05,KCR,TEX,0,0
2026-05-29,20:10,MIL,HOU,0,0
2026-05-29,20:40,SFG,COL,0,0
2026-05-29,21:40,NYY,ATH,0,0
2026-05-29,22:10,ARI,SEA,0,0
2026-05-29,22:15,PHI,LAD,0,0
2026-05-30,14:10,DET,CHW,0,0
2026-05-30,16:05,TOR,BAL,0,0
2026-05-30,16:05,MIN,PIT,0,0
2026-05-30,16:05,KCR,TEX,0,0
2026-05-30,16:05,SDP,WSN,0,0
2026-05-30,16:10,BOS,CLE,0,0
2026-05-30,16:10,MIL,HOU,0,0
2026-05-30,16:10,MIA,NYM,0,0
2026-05-30,16:10,LAA,TBR,0,0
2026-05-30,19:15,ATL,CIN,0,0
2026-05-30,19:15,CHC,STL,0,0
2026-05-30,21:10,SFG,COL,0,0
2026-05-30,22:05,NYY,ATH,0,0
2026-05-30,22:10,PHI,LAD,0,0
2026-05-30,22:10,ARI,SEA,0,0
2026-05-31,12:15,TOR,BAL,0,0
2026-05-31,13:35,MIN,PIT,0,0
2026-05-31,13:35,SDP,WSN,0,0
2026-05-31,13:40,ATL,CIN,0,0
2026-05-31,13:40,BOS,CLE,0,0
2026-05-31,13:40,MIA,NYM,0,0
2026-05-31,13:40,LAA,TBR,0,0
2026-05-31,14:10,DET,CHW,0,0
2026-05-31,14:10,MIL,HOU,0,0
2026-05-31,14:35,KCR,TEX,0,0
2026-05-31,15:10,SFG,COL,0,0
2026-05-31,16:05,NYY,ATH,0,0
2026-05-31,16:10,PHI,LAD,0,0
2026-05-31,16:10,ARI,SEA,0,0
2026-05-31,19:20,CHC,STL,0,0
2026-06-01,18:40,DET,TBR,0,0
2026-06-01,18:45,MIA,WSN,0,0
2026-06-01,19:10,KCR,CIN,0,0
2026-06-01,19:40,SFG,MIL,0,0
2026-06-01,19:40,CHW,MIN,0,0
2026-06-01,19:45,TEX,STL,0,0
2026-06-01,21:38,COL,LAA,0,0
2026-06-01,21:40,LAD,ARI,0,0
2026-06-01,21:40,NYM,SEA,0,0
2026-06-02,18:40,SDP,PHI,0,0
2026-06-02,18:40,DET,TBR,0,0
2026-06-02,18:45,BAL,BOS,0,0
2026-06-02,18:45,MIA,WSN,0,0
2026-06-02,19:05,CLE,NYY,0,0
2026-06-02,19:10,KCR,CIN,0,0
2026-06-02,19:15,TOR,ATL,0,0
2026-06-02,19:40,SFG,MIL,0,0
2026-06-02,19:40,CHW,MIN,0,0
2026-06-02,19:45,TEX,STL,0,0
2026-06-02,20:05,ATH,CHC,0,0
2026-06-02,20:10,PIT,HOU,0,0
2026-06-02,21:38,COL,LAA,0,0
2026-06-02,21:40,LAD,ARI,0,0
2026-06-02,21:40,NYM,SEA,0,0
2026-06-03,13:05,MIA,WSN,0,0
2026-06-03,13:10,DET,TBR,0,0
2026-06-03,13:40,CHW,MIN,0,0
2026-06-03,15:40,NYM,SEA,0,0
2026-06-03,18:40,SDP,PHI,0,0
2026-06-03,18:45,BAL,BOS,0,0
2026-06-03,19:05,CLE,NYY,0,0
2026-06-03,19:10,KCR,CIN,0,0
2026-06-03,19:15,TOR,ATL,0,0
2026-06-03,19:40,SFG,MIL,0,0
2026-06-03,19:45,TEX,STL,0,0
2026-06-03,20:05,ATH,CHC,0,0
2026-06-03,20:10,PIT,HOU,0,0
2026-06-03,21:38,COL,LAA,0,0
2026-06-03,21:40,LAD,ARI,0,0
2026-06-04,13:05,SDP,PHI,0,0
2026-06-04,13:35,BAL,BOS,0,0
2026-06-04,13:35,CLE,NYY,0,0
2026-06-04,14:10,SFG,MIL,0,0
2026-06-04,19:15,TOR,ATL,0,0
2026-06-04,19:40,KCR,MIN,0,0
2026-06-04,20:05,ATH,CHC,0,0
2026-06-04,20:10,PIT,HOU,0,0
2026-06-04,21:40,LAD,ARI,0,0
2026-06-05,14:20,SFG,CHC,0,0
2026-06-05,18:40,SEA,DET,0,0
2026-06-05,18:40,CHW,PHI,0,0
2026-06-05,19:05,BOS,NYY,0,0
2026-06-05,19:07,BAL,TOR,0,0
2026-06-05,19:10,TBR,MIA,0,0
2026-06-05,19:15,PIT,ATL,0,0
2026-06-05,20:10,ATH,HOU,0,0
2026-06-05,20:15,KCR,MIN,0,0
2026-06-05,20:15,CIN,STL,0,0
2026-06-05,20:15,CLE,TEX,0,0
2026-06-05,20:40,MIL,COL,0,0
2026-06-05,21:40,WSN,ARI,0,0
2026-06-05,21:40,NYM,SDP,0,0
2026-06-05,22:10,LAA,LAD,0,0
2026-06-06,13:10,SEA,DET,0,0
2026-06-06,14:10,KCR,MIN,0,0
2026-06-06,14:15,CIN,STL,0,0
2026-06-06,14:20,SFG,CHC,0,0
2026-06-06,15:07,BAL,TOR,0,0
2026-06-06,16:05,CHW,PHI,0,0
2026-06-06,16:10,WSN,ARI,0,0
2026-06-06,16:10,PIT,ATL,0,0
2026-06-06,16:10,ATH,HOU,0,0
2026-06-06,16:10,TBR,MIA,0,0
2026-06-06,19:35,BOS,NYY,0,0
2026-06-06,19:35,CLE,TEX,0,0
2026-06-06,21:10,MIL,COL,0,0
2026-06-06,22:10,LAA,LAD,0,0
2026-06-06,22:10,NYM,SDP,0,0
2026-06-07,13:35,PIT,ATL,0,0
2026-06-07,13:35,BOS,NYY,0,0
2026-06-07,13:35,CHW,PHI,0,0
2026-06-07,13:37,BAL,TOR,0,0
2026-06-07,13:40,SEA,DET,0,0
2026-06-07,13:40,TBR,MIA,0,0
2026-06-07,14:10,ATH,HOU,0,0
2026-06-07,14:10,KCR,MIN,0,0
2026-06-07,14:15,CIN,STL,0,0
2026-06-07,14:35,CLE,TEX,0,0
2026-06-07,15:10,MIL,COL,0,0
2026-06-07,15:15,WSN,ARI,0,0
2026-06-07,16:10,LAA,LAD,0,0
2026-06-07,16:10,NYM,SDP,0,0
2026-06-07,20:20,SFG,CHC,0,0
2026-06-08,18:35,SEA,BAL,0,0
2026-06-08,18:40,NYY,CLE,0,0
2026-06-08,18:40,BOS,TBR,0,0
2026-06-08,19:07,PHI,TOR,0,0
2026-06-08,21:38,HOU,LAA,0,0
2026-06-08,21:40,CIN,SDP,0,0
2026-06-08,21:45,WSN,SFG,0,0
2026-06-08,22:05,MIL,ATH,0,0
2026-06-09,18:35,SEA,BAL,0,0
2026-06-09,18:40,NYY,CLE,0,0
2026-06-09,18:40,MIN,DET,0,0
2026-06-09,18:40,ARI,MIA,0,0
2026-06-09,18:40,LAD,PIT,0,0
2026-06-09,18:40,BOS,TBR,0,0
2026-06-09,19:07,PHI,TOR,0,0
2026-06-09,19:10,STL,NYM,0,0
2026-06-09,19:40,ATL,CHW,0,0
2026-06-09,19:40,TEX,KCR,0,0
2026-06-09,20:40,CHC,COL,0,0
2026-06-09,21:38,HOU,LAA,0,0
2026-06-09,21:40,CIN,SDP,0,0
2026-06-09,21:45,WSN,SFG,0,0
2026-06-09,22:05,MIL,ATH,0,0
2026-06-10,13:10,NYY,CLE,0,0
2026-06-10,13:10,BOS,TBR,0,0
2026-06-10,15:45,WSN,SFG,0,0
2026-06-10,16:10,CIN,SDP,0,0
2026-06-10,18:35,SEA,BAL,0,0
2026-06-10,18:40,MIN,DET,0,0
2026-06-10,18:40,ARI,MIA,0,0
2026-06-10,18:40,LAD,PIT,0,0
2026-06-10,19:07,PHI,TOR,0,0
2026-06-10,19:10,STL,NYM,0,0
2026-06-10,19:40,ATL,CHW,0,0
2026-06-10,19:40,TEX,KCR,0,0
2026-06-10,20:40,CHC,COL,0,0
2026-06-10,21:05,MIL,ATH,0,0
2026-06-10,21:38,HOU,LAA,0,0
2026-06-11,13:10,MIN,DET,0,0
2026-06-11,13:10,ARI,MIA,0,0
2026-06-11,13:10,STL,NYM,0,0
2026-06-11,14:10,TEX,KCR,0,0
2026-06-11,15:10,CHC,COL,0,0
2026-06-11,18:40,LAD,PIT,0,0
2026-06-11,19:05,SEA,BAL,0,0
2026-06-11,19:40,ATL,CHW,0,0
2026-06-12,18:40,MIA,PIT,0,0
2026-06-12,18:45,SEA,WSN,0,0
2026-06-12,19:05,SDP,BAL,0,0
2026-06-12,19:10,TEX,BOS,0,0
2026-06-12,19:10,DET,CLE,0,0
2026-06-12,19:15,ARI,CIN,0,0
2026-06-12,19:15,ATL,NYM,0,0
2026-06-12,19:37,NYY,TOR,0,0
2026-06-12,19:40,LAD,CHW,0,0
2026-06-12,19:40,PHI,MIL,0,0
2026-06-12,20:10,HOU,KCR,0,0
2026-06-12,20:10,STL,MIN,0,0
2026-06-12,21:38,TBR,LAA,0,0
2026-06-12,22:05,COL,ATH,0,0
2026-06-12,22:15,CHC,SFG,0,0
2026-06-13,14:10,STL,MIN,0,0
2026-06-13,15:07,NYY,TOR,0,0
2026-06-13,16:05,SDP,BAL,0,0
2026-06-13,16:05,MIA,PIT,0,0
2026-06-13,16:05,SEA,WSN,0,0
2026-06-13,16:10,TEX,BOS,0,0
2026-06-13,16:10,LAD,CHW,0,0
2026-06-13,16:10,ARI,CIN,0,0
2026-06-13,16:10,DET,CLE,0,0
2026-06-13,16:10,ATL,NYM,0,0
2026-06-13,19:15,HOU,KCR,0,0
2026-06-13,19:15,PHI,MIL,0,0
2026-06-13,22:05,COL,ATH,0,0
2026-06-13,22:05,CHC,SFG,0,0
2026-06-13,22:07,TBR,LAA,0,0
2026-06-14,12:15,MIA,PIT,0,0
2026-06-14,13:35,SDP,BAL,0,0
2026-06-14,13:35,SEA,WSN,0,0
2026-06-14,13:37,NYY,TOR,0,0
2026-06-14,13:40,ARI,CIN,0,0
2026-06-14,13:40,DET,CLE,0,0
2026-06-14,13:40,ATL,NYM,0,0
2026-06-14,14:10,LAD,CHW,0,0
2026-06-14,14:10,HOU,KCR,0,0
2026-06-14,14:10,PHI,MIL,0,0
2026-06-14,14:10,STL,MIN,0,0
2026-06-14,15:05,COL,ATH,0,0
2026-06-14,15:10,CHC,SFG,0,0
2026-06-14,16:07,TBR,LAA,0,0
2026-06-14,19:20,TEX,BOS,0,0
2026-06-15,18:40,MIA,PHI,0,0
2026-06-15,18:45,KCR,WSN,0,0
2026-06-15,19:10,NYM,CIN,0,0
2026-06-15,19:45,SDP,STL,0,0
2026-06-15,20:05,COL,CHC,0,0
2026-06-15,20:05,MIN,TEX,0,0
2026-06-15,20:10,DET,HOU,0,0
2026-06-15,21:40,LAA,ARI,0,0
2026-06-15,21:40,PIT,ATH,0,0
2026-06-15,22:10,TBR,LAD,0,0
2026-06-16,18:40,MIA,PHI,0,0
2026-06-16,18:45,TOR,BOS,0,0
2026-06-16,18:45,KCR,WSN,0,0
2026-06-16,19:05,CHW,NYY,0,0
2026-06-16,19:10,NYM,CIN,0,0
2026-06-16,19:15,SFG,ATL,0,0
2026-06-16,19:40,CLE,MIL,0,0
2026-06-16,19:45,SDP,STL,0,0
2026-06-16,20:05,COL,CHC,0,0
2026-06-16,20:05,MIN,TEX,0,0
2026-06-16,20:10,DET,HOU,0,0
2026-06-16,21:40,LAA,ARI,0,0
2026-06-16,21:40,PIT,ATH,0,0
2026-06-16,21:40,BAL,SEA,0,0
2026-06-16,22:10,TBR,LAD,0,0
2026-06-17,12:40,NYM,CIN,0,0
2026-06-17,13:05,MIA,PHI,0,0
2026-06-17,13:05,KCR,WSN,0,0
2026-06-17,14:10,DET,HOU,0,0
2026-06-17,14:15,SDP,STL,0,0
2026-06-17,15:10,TBR,LAD,0,0
2026-06-17,15:40,LAA,ARI,0,0
2026-06-17,18:45,TOR,BOS,0,0
2026-06-17,19:05,CHW,NYY,0,0
2026-06-17,19:15,SFG,ATL,0,0
2026-06-17,19:40,CLE,MIL,0,0
2026-06-17,20:05,COL,CHC,0,0
2026-06-17,21:40,PIT,ATH,0,0
2026-06-17,21:40,BAL,SEA,0,0
2026-06-18,13:35,TOR,BOS,0,0
2026-06-18,14:10,CLE,MIL,0,0
2026-06-18,14:35,MIN,TEX,0,0
2026-06-18,16:10,BAL,SEA,0,0
2026-06-18,18:40,NYM,PHI,0,0
2026-06-18,19:05,CHW,NYY,0,0
2026-06-18,19:15,SFG,ATL,0,0
2026-06-18,19:40,STL,KCR,0,0
2026-06-18,21:40,LAA,ATH,0,0
2026-06-19,14:20,TOR,CHC,0,0
2026-06-19,18:40,CHW,DET,0,0
2026-06-19,19:05,CIN,NYY,0,0
2026-06-19,19:10,SFG,MIA,0,0
2026-06-19,19:10,WSN,TBR,0,0
2026-06-19,19:15,MIL,ATL,0,0
2026-06-19,20:05,SDP,TEX,0,0
2026-06-19,20:10,CLE,HOU,0,0
2026-06-19,20:15,STL,KCR,0,0
2026-06-19,20:40,PIT,COL,0,0
2026-06-19,21:40,LAA,ATH,0,0
2026-06-19,21:45,MIN,ARI,0,0
2026-06-19,22:10,BAL,LAD,0,0
2026-06-19,22:10,BOS,SEA,0,0
2026-06-20,13:10,CHW,DET,0,0
2026-06-20,13:35,CIN,NYY,0,0
2026-06-20,14:20,TOR,CHC,0,0
2026-06-20,16:05,SDP,TEX,0,0
2026-06-20,16:10,MIL,ATL,0,0
2026-06-20,16:10,SFG,MIA,0,0
2026-06-20,16:10,WSN,TBR,0,0
2026-06-20,19:15,CLE,HOU,0,0
2026-06-20,19:15,NYM,PHI,0,0
2026-06-20,21:10,PIT,COL,0,0
2026-06-20,22:05,LAA,ATH,0,0
2026-06-20,22:10,MIN,ARI,0,0
2026-06-20,22:10,BAL,LAD,0,0
2026-06-20,22:10,BOS,SEA,0,0
2026-06-21,13:35,MIL,ATL,0,0
2026-06-21,13:35,CIN,NYY,0,0
2026-06-21,13:40,CHW,DET,0,0
2026-06-21,13:40,SFG,MIA,0,0
2026-06-21,13:40,WSN,TBR,0,0
2026-06-21,14:10,CLE,HOU,0,0
2026-06-21,14:10,STL,KCR,0,0
2026-06-21,14:20,TOR,CHC,0,0
2026-06-21,14:35,SDP,TEX,0,0
2026-06-21,15:10,PIT,COL,0,0
2026-06-21,15:15,MIN,ARI,0,0
2026-06-21,16:05,LAA,ATH,0,0
2026-06-21,16:10,BAL,LAD,0,0
2026-06-21,16:10,BOS,SEA,0,0
2026-06-21,19:20,NYM,PHI,0,0
2026-06-22,18:40,NYY,DET,0,0
2026-06-22,18:40,TEX,MIA,0,0
2026-06-22,18:40,KCR,TBR,0,0
2026-06-22,18:45,PHI,WSN,0,0
2026-06-22,19:07,HOU,TOR,0,0
2026-06-22,19:10,MIL,CIN,0,0
2026-06-22,19:10,CHC,NYM,0,0
2026-06-22,19:40,CLE,CHW,0,0
2026-06-22,19:40,LAD,MIN,0,0
2026-06-22,19:45,ARI,STL,0,0
2026-06-22,20:40,BOS,COL,0,0
2026-06-22,21:38,BAL,LAA,0,0
2026-06-22,22:10,ATL,SDP,0,0
2026-06-23,18:40,NYY,DET,0,0
2026-06-23,18:40,TEX,MIA,0,0
2026-06-23,18:40,SEA,PIT,0,0
2026-06-23,18:40,KCR,TBR,0,0
2026-06-23,18:45,PHI,WSN,0,0
2026-06-23,19:07,HOU,TOR,0,0
2026-06-23,19:10,MIL,CIN,0,0
2026-06-23,19:10,CHC,NYM,0,0
2026-06-23,19:40,CLE,CHW,0,0
2026-06-23,19:40,LAD,MIN,0,0
2026-06-23,19:45,ARI,STL,0,0
2026-06-23,20:40,BOS,COL,0,0
2026-06-23,21:38,BAL,LAA,0,0
2026-06-23,21:40,ATL,SDP,0,0
2026-06-23,21:45,ATH,SFG,0,0
2026-06-24,12:10,TEX,MIA,0,0
2026-06-24,14:10,CLE,CHW,0,0
2026-06-24,15:10,BOS,COL,0,0
2026-06-24,16:07,BAL,LAA,0,0
2026-06-24,18:40,NYY,DET,0,0
2026-06-24,18:40,SEA,PIT,0,0
2026-06-24,18:40,KCR,TBR,0,0
2026-06-24,18:45,PHI,WSN,0,0
2026-06-24,19:07,HOU,TOR,0,0
2026-06-24,19:10,MIL,CIN,0,0
2026-06-24,19:10,CHC,NYM,0,0
2026-06-24,19:40,LAD,MIN,0,0
2026-06-24,19:45,ARI,STL,0,0
2026-06-24,20:40,ATL,SDP,0,0
2026-06-24,21:45,ATH,SFG,0,0
2026-06-25,12:10,KCR,TBR,0,0
2026-06-25,12:35,SEA,PIT,0,0
2026-06-25,15:45,ATH,SFG,0,0
2026-06-25,18:40,HOU,DET,0,0
2026-06-25,18:45,PHI,WSN,0,0
2026-06-25,19:07,TEX,TOR,0,0
2026-06-25,19:10,NYY,BOS,0,0
2026-06-25,19:10,CHC,NYM,0,0
2026-06-25,19:45,ARI,STL,0,0
2026-06-26,18:40,HOU,DET,0,0
2026-06-26,18:40,CIN,PIT,0,0
2026-06-26,19:05,WSN,BAL,0,0
2026-06-26,19:07,TEX,TOR,0,0
2026-06-26,19:10,NYY,BOS,0,0
2026-06-26,19:10,SEA,CLE,0,0
2026-06-26,19:10,PHI,NYM,0,0
2026-06-26,19:10,ARI,TBR,0,0
2026-06-26,19:40,KCR,CHW,0,0
2026-06-26,19:45,CHC,MIL,0,0
2026-06-26,20:10,COL,MIN,0,0
2026-06-26,20:15,MIA,STL,0,0
2026-06-26,21:38,ATH,LAA,0,0
2026-06-26,21:45,LAD,SDP,0,0
2026-06-26,22:15,ATL,SFG,0,0
2026-06-27,13:10,NYY,BOS,0,0
2026-06-27,13:10,HOU,DET,0,0
2026-06-27,15:07,TEX,TOR,0,0
2026-06-27,16:05,CIN,PIT,0,0
2026-06-27,16:10,KCR,CHW,0,0
2026-06-27,16:10,PHI,NYM,0,0
2026-06-27,18:10,ARI,TBR,0,0
2026-06-27,19:05,WSN,BAL,0,0
2026-06-27,19:10,SEA,CLE,0,0
2026-06-27,19:10,CHC,MIL,0,0
2026-06-27,19:10,COL,MIN,0,0
2026-06-27,19:15,MIA,STL,0,0
2026-06-27,20:40,LAD,SDP,0,0
2026-06-27,21:05,ATL,SFG,0,0
2026-06-27,21:38,ATH,LAA,0,0
2026-06-28,13:35,WSN,BAL,0,0
2026-06-28,13:35,CIN,PIT,0,0
2026-06-28,13:37,TEX,TOR,0,0
2026-06-28,13:40,SEA,CLE,0,0
2026-06-28,13:40,HOU,DET,0,0
2026-06-28,13:40,PHI,NYM,0,0
2026-06-28,13:40,ARI,TBR,0,0
2026-06-28,14:10,KCR,CHW,0,0
2026-06-28,14:10,CHC,MIL,0,0
2026-06-28,14:10,COL,MIN,0,0
2026-06-28,14:15,MIA,STL,0,0
2026-06-28,15:15,ATH,LAA,0,0
2026-06-28,16:05,ATL,SFG,0,0
2026-06-28,16:10,LAD,SDP,0,0
2026-06-28,19:20,NYY,BOS,0,0
2026-06-29,18:35,CHW,BAL,0,0
2026-06-29,18:40,PIT,PHI,0,0
2026-06-29,19:05,DET,NYY,0,0
2026-06-29,19:07,NYM,TOR,0,0
2026-06-29,19:10,WSN,BOS,0,0
2026-06-29,19:10,TEX,CLE,0,0
2026-06-29,19:40,CIN,MIL,0,0
2026-06-29,20:05,SDP,CHC,0,0
2026-06-29,20:10,MIN,HOU,0,0
2026-06-29,20:40,MIA,COL,0,0
2026-06-29,21:40,SFG,ARI,0,0
2026-06-29,21:40,LAD,ATH,0,0
2026-06-29,21:40,LAA,SEA,0,0
2026-06-30,18:35,CHW,BAL,0,0
2026-06-30,18:40,TEX,CLE,0,0
2026-06-30,18:40,PIT,PHI,0,0
2026-06-30,19:05,DET,NYY,0,0
2026-06-30,19:07,NYM,TOR,0,0
2026-06-30,19:10,WSN,BOS,0,0
2026-06-30,19:15,STL,ATL,0,0
2026-06-30,19:40,TBR,KCR,0,0
2026-06-30,19:40,CIN,MIL,0,0
2026-06-30,20:05,SDP,CHC,0,0
2026-06-30,20:10,MIN,HOU,0,0
2026-06-30,20:40,MIA,COL,0,0
2026-06-30,21:40,SFG,ARI,0,0
2026-06-30,21:40,LAD,ATH,0,0
2026-06-30,21:40,LAA,SEA,0,0
2026-07-01,12:35,CHW,BAL,0,0
2026-07-01,13:10,TEX,CLE,0,0
2026-07-01,13:35,WSN,BOS,0,0
2026-07-01,13:35,DET,NYY,0,0
2026-07-01,14:20,SDP,CHC,0,0
2026-07-01,15:07,NYM,TOR,0,0
2026-07-01,18:40,PIT,PHI,0,0
2026-07-01,19:15,STL,ATL,0,0
2026-07-01,19:40,TBR,KCR,0,0
2026-07-01,20:10,MIN,HOU,0,0
2026-07-01,20:10,CIN,MIL,0,0
2026-07-01,20:40,MIA,COL,0,0
2026-07-01,21:40,SFG,ARI,0,0
2026-07-01,21:40,LAD,ATH,0,0
2026-07-02,12:35,PIT,PHI,0,0
2026-07-02,14:10,CIN,MIL,0,0
2026-07-02,15:10,MIA,COL,0,0
2026-07-02,18:40,CHW,CLE,0,0
2026-07-02,19:15,STL,ATL,0,0
2026-07-02,19:40,TBR,KCR,0,0
2026-07-02,20:05,DET,TEX,0,0
2026-07-02,21:40,LAA,SEA,0,0
2026-07-02,22:10,SDP,LAD,0,0
2026-07-03,16:05,STL,CHC,0,0
2026-07-03,18:45,PIT,WSN,0,0
2026-07-03,19:05,MIN,NYY,0,0
2026-07-03,19:10,BAL,CIN,0,0
2026-07-03,19:10,CHW,CLE,0,0
2026-07-03,19:15,NYM,ATL,0,0
2026-07-03,20:10,SFG,COL,0,0
2026-07-03,20:10,TBR,HOU,0,0
2026-07-03,21:38,BOS,LAA,0,0
2026-07-03,21:40,MIL,ARI,0,0
2026-07-03,21:40,MIA,ATH,0,0
2026-07-03,22:10,SDP,LAD,0,0
2026-07-03,22:10,TOR,SEA,0,0
2026-07-04,11:05,PIT,WSN,0,0
2026-07-04,13:35,MIN,NYY,0,0
2026-07-04,16:05,DET,TEX,0,0
2026-07-04,16:10,TOR,SEA,0,0
2026-07-04,19:10,BAL,CIN,0,0
2026-07-04,19:10,CHW,CLE,0,0
2026-07-04,19:10,TBR,HOU,0,0
2026-07-04,20:08,NYM,ATL,0,0
2026-07-04,20:08,STL,CHC,0,0
2026-07-04,20:10,SFG,COL,0,0
2026-07-04,20:10,PHI,KCR,0,0
2026-07-04,21:38,BOS,LAA,0,0
2026-07-04,21:40,MIL,ARI,0,0
2026-07-04,21:40,MIA,ATH,0,0
2026-07-04,22:10,SDP,LAD,0,0
2026-07-05,12:30,NYM,ATL,0,0
2026-07-05,13:00,BAL,CIN,0,0
2026-07-05,13:00,PIT,WSN,0,0
2026-07-05,13:35,MIN,NYY,0,0
2026-07-05,14:00,CHW,CLE,0,0
2026-07-05,14:30,STL,CHC,0,0
2026-07-05,15:00,PHI,KCR,0,0
2026-07-05,15:30,TBR,HOU,0,0
2026-07-05,15:30,DET,TEX,0,0
2026-07-05,16:00,SFG,COL,0,0
2026-07-05,16:10,MIL,ARI,0,0
2026-07-05,16:30,MIA,ATH,0,0
2026-07-05,17:00,TOR,SEA,0,0
2026-07-05,19:20,SDP,LAD,0,0
2026-07-05,21:30,BOS,LAA,0,0
2026-07-06,14:10,PHI,KCR,0,0
2026-07-06,18:40,NYY,TBR,0,0
2026-07-06,19:05,HOU,WSN,0,0
2026-07-06,19:15,NYM,ATL,0,0
2026-07-06,19:45,MIL,STL,0,0
2026-07-06,21:40,ARI,SDP,0,0
2026-07-06,21:45,TOR,SFG,0,0
2026-07-06,22:10,COL,LAD,0,0
2026-07-07,18:35,CHC,BAL,0,0
2026-07-07,18:40,ATH,DET,0,0
2026-07-07,18:40,SEA,MIA,0,0
2026-07-07,18:40,ATL,PIT,0,0
2026-07-07,18:40,NYY,TBR,0,0
2026-07-07,18:45,HOU,WSN,0,0
2026-07-07,19:10,PHI,CIN,0,0
2026-07-07,19:10,KCR,NYM,0,0
2026-07-07,19:40,BOS,CHW,0,0
2026-07-07,19:40,CLE,MIN,0,0
2026-07-07,19:45,MIL,STL,0,0
2026-07-07,20:05,LAA,TEX,0,0
2026-07-07,21:40,ARI,SDP,0,0
2026-07-07,21:45,TOR,SFG,0,0
2026-07-07,22:10,COL,LAD,0,0
2026-07-08,15:45,TOR,SFG,0,0
2026-07-08,18:35,CHC,BAL,0,0
2026-07-08,18:40,ATH,DET,0,0
2026-07-08,18:40,SEA,MIA,0,0
2026-07-08,18:40,ATL,PIT,0,0
2026-07-08,18:40,NYY,TBR,0,0
2026-07-08,18:45,HOU,WSN,0,0
2026-07-08,19:10,PHI,CIN,0,0
2026-07-08,19:10,KCR,NYM,0,0
2026-07-08,19:40,BOS,CHW,0,0
2026-07-08,19:40,CLE,MIN,0,0
2026-07-08,19:45,MIL,STL,0,0
2026-07-08,20:05,LAA,TEX,0,0
2026-07-08,22:10,COL,LAD,0,0
2026-07-08,22:10,ARI,SDP,0,0
2026-07-09,12:35,ATL,PIT,0,0
2026-07-09,13:10,KCR,NYM,0,0
2026-07-09,13:10,NYY,TBR,0,0
2026-07-09,13:40,CLE,MIN,0,0
2026-07-09,14:10,BOS,CHW,0,0
2026-07-09,18:35,CHC,BAL,0,0
2026-07-09,18:40,ATH,DET,0,0
2026-07-09,18:40,SEA,MIA,0,0
2026-07-09,19:10,PHI,CIN,0,0
2026-07-09,19:45,MIL,STL,0,0
2026-07-09,20:05,LAA,TEX,0,0
2026-07-09,21:40,ARI,SDP,0,0
2026-07-09,21:45,COL,SFG,0,0
2026-07-10,18:40,PHI,DET,0,0
2026-07-10,18:40,MIL,PIT,0,0
2026-07-10,18:45,NYY,WSN,0,0
2026-07-10,19:05,KCR,BAL,0,0
2026-07-10,19:10,CHC,CIN,0,0
2026-07-10,19:10,CLE,MIA,0,0
2026-07-10,19:10,BOS,NYM,0,0
2026-07-10,19:10,SEA,TBR,0,0
2026-07-10,19:40,ATH,CHW,0,0
2026-07-10,20:05,HOU,TEX,0,0
2026-07-10,20:10,LAA,MIN,0,0
2026-07-10,20:15,ATL,STL,0,0
2026-07-10,21:40,TOR,SDP,0,0
2026-07-10,22:10,ARI,LAD,0,0
2026-07-10,22:15,COL,SFG,0,0
2026-07-11,14:10,LAA,MIN,0,0
2026-07-11,16:05,MIL,PIT,0,0
2026-07-11,16:05,COL,SFG,0,0
2026-07-11,16:05,NYY,WSN,0,0
2026-07-11,16:10,ATH,CHW,0,0
2026-07-11,16:10,CLE,MIA,0,0
2026-07-11,16:10,BOS,NYM,0,0
2026-07-11,16:10,SEA,TBR,0,0
2026-07-11,18:10,PHI,DET,0,0
2026-07-11,19:05,KCR,BAL,0,0
2026-07-11,19:05,HOU,TEX,0,0
2026-07-11,19:10,CHC,CIN,0,0
2026-07-11,19:15,ATL,STL,0,0
2026-07-11,20:40,TOR,SDP,0,0
2026-07-11,21:10,ARI,LAD,0,0
2026-07-12,12:15,MIL,PIT,0,0
2026-07-12,13:35,KCR,BAL,0,0
2026-07-12,13:35,NYY,WSN,0,0
2026-07-12,13:40,CHC,CIN,0,0
2026-07-12,13:40,PHI,DET,0,0
2026-07-12,13:40,CLE,MIA,0,0
2026-07-12,13:40,BOS,NYM,0,0
2026-07-12,13:40,SEA,TBR,0,0
2026-07-12,14:10,ATH,CHW,0,0
2026-07-12,14:10,LAA,MIN,0,0
2026-07-12,14:15,ATL,STL,0,0
2026-07-12,14:35,HOU,TEX,0,0
2026-07-12,16:05,COL,SFG,0,0
2026-07-12,16:10,ARI,LAD,0,0
2026-07-12,16:10,TOR,SDP,0,0
2026-07-16,19:10,NYM,PHI,0,0
2026-07-17,19:05,LAD,NYY,0,0
2026-07-17,19:07,CHW,TOR,0,0
2026-07-17,19:10,TBR,BOS,0,0
2026-07-17,19:10,PIT,CLE,0,0
2026-07-17,19:15,TEX,ATL,0,0
2026-07-17,19:40,MIA,MIL,0,0
2026-07-17,20:05,MIN,CHC,0,0
2026-07-17,20:10,BAL,HOU,0,0
2026-07-17,20:10,SDP,KCR,0,0
2026-07-17,20:40,CIN,COL,0,0
2026-07-17,21:38,DET,LAA,0,0
2026-07-17,21:40,STL,ARI,0,0
2026-07-17,21:40,WSN,ATH,0,0
2026-07-17,22:10,SFG,SEA,0,0
2026-07-18,14:20,MIN,CHC,0,0
2026-07-18,15:07,CHW,TOR,0,0
2026-07-18,15:10,CIN,COL,0,0
2026-07-18,16:05,NYM,PHI,0,0
2026-07-18,16:10,STL,ARI,0,0
2026-07-18,16:10,TEX,ATL,0,0
2026-07-18,16:10,TBR,BOS,0,0
2026-07-18,16:10,PIT,CLE,0,0
2026-07-18,16:10,BAL,HOU,0,0
2026-07-18,16:10,SDP,KCR,0,0
2026-07-18,16:10,MIA,MIL,0,0
2026-07-18,20:08,LAD,NYY,0,0
2026-07-18,20:08,SFG,SEA,0,0
2026-07-18,22:05,WSN,ATH,0,0
2026-07-18,22:07,DET,LAA,0,0
2026-07-19,12:15,CHW,TOR,0,0
2026-07-19,13:35,TEX,ATL,0,0
2026-07-19,13:35,TBR,BOS,0,0
2026-07-19,13:35,NYM,PHI,0,0
2026-07-19,13:40,PIT,CLE,0,0
2026-07-19,14:10,BAL,HOU,0,0
2026-07-19,14:10,SDP,KCR,0,0
2026-07-19,14:10,MIA,MIL,0,0
2026-07-19,14:20,MIN,CHC,0,0
2026-07-19,15:10,CIN,COL,0,0
2026-07-19,16:05,WSN,ATH,0,0
2026-07-19,16:07,DET,LAA,0,0
2026-07-19,16:10,STL,ARI,0,0
2026-07-19,16:10,SFG,SEA,0,0
2026-07-19,19:20,LAD,NYY,0,0
2026-07-20,18:40,MIN,CLE,0,0
2026-07-20,19:05,PIT,NYY,0,0
2026-07-20,19:07,TBR,TOR,0,0
2026-07-20,19:10,BAL,BOS,0,0
2026-07-20,19:10,LAD,PHI,0,0
2026-07-20,19:15,SDP,ATL,0,0
2026-07-20,19:40,SFG,KCR,0,0
2026-07-20,19:40,NYM,MIL,0,0
2026-07-20,20:05,DET,CHC,0,0
2026-07-20,20:05,CHW,TEX,0,0
2026-07-20,20:10,MIA,HOU,0,0
2026-07-20,20:40,WSN,COL,0,0
2026-07-20,21:40,ATH,ARI,0,0
2026-07-20,21:40,CIN,SEA,0,0
2026-07-20,22:10,STL,LAA,0,0
2026-07-21,18:40,MIN,CLE,0,0
2026-07-21,18:40,LAD,PHI,0,0
2026-07-21,19:05,PIT,NYY,0,0
2026-07-21,19:07,TBR,TOR,0,0
2026-07-21,19:10,BAL,BOS,0,0
2026-07-21,19:15,SDP,ATL,0,0
2026-07-21,19:40,SFG,KCR,0,0
2026-07-21,19:40,NYM,MIL,0,0
2026-07-21,20:05,DET,CHC,0,0
2026-07-21,20:05,CHW,TEX,0,0
2026-07-21,20:10,MIA,HOU,0,0
2026-07-21,20:40,WSN,COL,0,0
2026-07-21,21:38,STL,LAA,0,0
2026-07-21,21:40,ATH,ARI,0,0
2026-07-21,21:40,CIN,SEA,0,0
2026-07-22,13:35,PIT,NYY,0,0
2026-07-22,14:10,SFG,KCR,0,0
2026-07-22,14:10,NYM,MIL,0,0
2026-07-22,15:10,WSN,COL,0,0
2026-07-22,15:40,ATH,ARI,0,0
2026-07-22,15:40,CIN,SEA,0,0
2026-07-22,16:07,STL,LAA,0,0
2026-07-22,18:40,MIN,CLE,0,0
2026-07-22,18:40,LAD,PHI,0,0
2026-07-22,19:07,TBR,TOR,0,0
2026-07-22,19:10,BAL,BOS,0,0
2026-07-22,19:15,SDP,ATL,0,0
2026-07-22,20:05,DET,CHC,0,0
2026-07-22,20:05,CHW,TEX,0,0
2026-07-22,20:10,MIA,HOU,0,0
2026-07-23,12:15,SDP,ATL,0,0
2026-07-23,13:10,MIN,CLE,0,0
2026-07-23,15:07,TBR,TOR,0,0
2026-07-23,18:40,KCR,DET,0,0
2026-07-24,16:10,COL,MIL,0,0
2026-07-24,18:40,KCR,DET,0,0
2026-07-24,18:40,NYY,PHI,0,0
2026-07-24,18:40,CHC,PIT,0,0
2026-07-24,18:45,ARI,WSN,0,0
2026-07-24,19:05,ATL,BAL,0,0
2026-07-24,19:10,TOR,BOS,0,0
2026-07-24,19:10,SDP,MIA,0,0
2026-07-24,19:10,LAD,NYM,0,0
2026-07-24,19:10,CLE,TBR,0,0
2026-07-24,19:40,HOU,CHW,0,0
2026-07-24,20:05,SEA,TEX,0,0
2026-07-24,20:10,ATH,MIN,0,0
2026-07-24,20:15,CIN,STL,0,0
2026-07-24,22:15,LAA,SFG,0,0
2026-07-25,13:10,KCR,DET,0,0
2026-07-25,16:05,LAA,SFG,0,0
2026-07-25,16:05,ARI,WSN,0,0
2026-07-25,16:10,TOR,BOS,0,0
2026-07-25,16:10,SDP,MIA,0,0
2026-07-25,18:05,NYY,PHI,0,0
2026-07-25,18:10,CLE,TBR,0,0
2026-07-25,18:40,CHC,PIT,0,0
2026-07-25,19:05,ATL,BAL,0,0
2026-07-25,19:10,HOU,CHW,0,0
2026-07-25,19:10,COL,MIL,0,0
2026-07-25,19:10,ATH,MIN,0,0
2026-07-25,19:15,LAD,NYM,0,0
2026-07-25,19:15,CIN,STL,0,0
2026-07-25,19:15,SEA,TEX,0,0
2026-07-26,12:15,CLE,TBR,0,0
2026-07-26,13:35,ATL,BAL,0,0
2026-07-26,13:35,TOR,BOS,0,0
2026-07-26,13:35,CHC,PIT,0,0
2026-07-26,13:35,ARI,WSN,0,0
2026-07-26,13:40,KCR,DET,0,0
2026-07-26,13:40,SDP,MIA,0,0
2026-07-26,13:40,LAD,NYM,0,0
2026-07-26,14:10,HOU,CHW,0,0
2026-07-26,14:10,COL,MIL,0,0
2026-07-26,14:10,ATH,MIN,0,0
2026-07-26,14:15,CIN,STL,0,0
2026-07-26,14:35,SEA,TEX,0,0
2026-07-26,16:05,LAA,SFG,0,0
2026-07-26,19:20,NYY,PHI,0,0
2026-07-27,14:35,SEA,TEX,0,0
2026-07-27,18:40,BAL,DET,0,0
2026-07-27,18:40,PHI,MIA,0,0
2026-07-27,18:40,ARI,PIT,0,0
2026-07-27,18:45,TOR,WSN,0,0
2026-07-27,19:10,CLE,CIN,0,0
2026-07-27,19:10,ATL,NYM,0,0
2026-07-27,19:40,NYY,CHW,0,0
2026-07-27,19:45,CHC,STL,0,0
2026-07-27,21:38,HOU,LAA,0,0
2026-07-27,21:40,BOS,ATH,0,0
2026-07-27,21:45,MIL,SFG,0,0
2026-07-28,18:40,BAL,DET,0,0
2026-07-28,18:40,PHI,MIA,0,0
2026-07-28,18:40,ARI,PIT,0,0
2026-07-28,18:40,TEX,TBR,0,0
2026-07-28,18:45,TOR,WSN,0,0
2026-07-28,19:10,CLE,CIN,0,0
2026-07-28,19:10,ATL,NYM,0,0
2026-07-28,19:40,NYY,CHW,0,0
2026-07-28,19:40,KCR,MIN,0,0
2026-07-28,19:45,CHC,STL,0,0
2026-07-28,21:38,HOU,LAA,0,0
2026-07-28,21:40,BOS,ATH,0,0
2026-07-28,21:40,COL,SDP,0,0
2026-07-28,21:45,MIL,SFG,0,0
2026-07-28,22:10,SEA,LAD,0,0
2026-07-29,12:10,PHI,MIA,0,0
2026-07-29,12:35,ARI,PIT,0,0
2026-07-29,13:05,TOR,WSN,0,0
2026-07-29,13:10,BAL,DET,0,0
2026-07-29,13:10,ATL,NYM,0,0
2026-07-29,15:45,MIL,SFG,0,0
2026-07-29,16:10,COL,SDP,0,0
2026-07-29,18:40,TEX,TBR,0,0
2026-07-29,19:10,CLE,CIN,0,0
2026-07-29,19:40,NYY,CHW,0,0
2026-07-29,19:40,KCR,MIN,0,0
2026-07-29,19:45,CHC,STL,0,0
2026-07-29,21:38,HOU,LAA,0,0
2026-07-29,21:40,BOS,ATH,0,0
2026-07-29,22:10,SEA,LAD,0,0
2026-07-30,12:10,TEX,TBR,0,0
2026-07-30,13:40,KCR,MIN,0,0
2026-07-30,14:10,NYY,CHW,0,0
2026-07-30,14:15,CHC,STL,0,0
2026-07-30,19:10,PIT,CIN,0,0
2026-07-30,19:10,MIA,NYM,0,0
2026-07-30,19:15,WSN,ATL,0,0
2026-07-30,21:40,BOS,ATH,0,0
2026-07-30,21:40,SFG,SDP,0,0
2026-07-30,22:10,SEA,LAD,0,0
2026-07-31,14:20,NYY,CHC,0,0
2026-07-31,18:10,PIT,CIN,0,0
2026-07-31,19:05,PHI,BAL,0,0
2026-07-31,19:07,STL,TOR,0,0
2026-07-31,19:10,ARI,CLE,0,0
2026-07-31,19:10,MIA,NYM,0,0
2026-07-31,19:10,CHW,TBR,0,0
2026-07-31,19:15,WSN,ATL,0,0
2026-07-31,20:10,TEX,HOU,0,0
2026-07-31,20:40,KCR,COL,0,0
2026-07-31,21:38,MIL,LAA,0,0
2026-07-31,21:40,DET,ATH,0,0
2026-07-31,21:40,SFG,SDP,0,0
2026-07-31,22:10,BOS,LAD,0,0
2026-07-31,22:10,MIN,SEA,0,0
2026-08-01,15:07,STL,TOR,0,0
2026-08-01,16:10,MIA,NYM,0,0
2026-08-01,16:10,MIN,SEA,0,0
2026-08-01,16:10,CHW,TBR,0,0
2026-08-01,18:40,PIT,CIN,0,0
2026-08-01,19:05,PHI,BAL,0,0
2026-08-01,19:10,TEX,HOU,0,0
2026-08-01,19:15,WSN,ATL,0,0
2026-08-01,19:15,NYY,CHC,0,0
2026-08-01,19:15,ARI,CLE,0,0
2026-08-01,20:10,KCR,COL,0,0
2026-08-01,20:40,SFG,SDP,0,0
2026-08-01,21:10,BOS,LAD,0,0
2026-08-01,21:38,MIL,LAA,0,0
2026-08-01,21:40,DET,ATH,0,0
2026-08-02,13:35,WSN,ATL,0,0
2026-08-02,13:35,PHI,BAL,0,0
2026-08-02,13:37,STL,TOR,0,0
2026-08-02,13:40,PIT,CIN,0,0
2026-08-02,13:40,ARI,CLE,0,0
2026-08-02,13:40,MIA,NYM,0,0
2026-08-02,13:40,CHW,TBR,0,0
2026-08-02,14:10,TEX,HOU,0,0
2026-08-02,14:20,NYY,CHC,0,0
2026-08-02,15:10,KCR,COL,0,0
2026-08-02,15:15,MIL,LAA,0,0
2026-08-02,16:05,DET,ATH,0,0
2026-08-02,16:10,SFG,SDP,0,0
2026-08-02,16:10,MIN,SEA,0,0
2026-08-02,19:20,BOS,LAD,0,0
2026-08-03,18:40,WSN,PHI,0,0
2026-08-03,19:05,STL,NYY,0,0
2026-08-03,19:40,PIT,MIL,0,0
2026-08-03,20:05,LAD,CHC,0,0
2026-08-03,20:05,SFG,TEX,0,0
2026-08-03,20:10,TOR,HOU,0,0
2026-08-03,20:40,TBR,COL,0,0
2026-08-03,21:40,SDP,ARI,0,0
2026-08-04,18:35,LAA,BAL,0,0
2026-08-04,18:40,ATH,CIN,0,0
2026-08-04,18:40,NYM,CLE,0,0
2026-08-04,18:40,WSN,PHI,0,0
2026-08-04,19:05,STL,NYY,0,0
2026-08-04,19:10,CHW,BOS,0,0
2026-08-04,19:15,MIA,ATL,0,0
2026-08-04,19:40,MIN,KCR,0,0
2026-08-04,19:40,PIT,MIL,0,0
2026-08-04,20:05,LAD,CHC,0,0
2026-08-04,20:05,SFG,TEX,0,0
2026-08-04,20:10,TOR,HOU,0,0
2026-08-04,20:40,TBR,COL,0,0
2026-08-04,21:40,SDP,ARI,0,0
2026-08-04,21:40,DET,SEA,0,0
2026-08-05,14:10,TOR,HOU,0,0
2026-08-05,14:20,LAD,CHC,0,0
2026-08-05,14:35,SFG,TEX,0,0
2026-08-05,15:10,TBR,COL,0,0
2026-08-05,18:35,LAA,BAL,0,0
2026-08-05,18:40,ATH,CIN,0,0
2026-08-05,18:40,NYM,CLE,0,0
2026-08-05,18:40,WSN,PHI,0,0
2026-08-05,19:05,STL,NYY,0,0
2026-08-05,19:10,CHW,BOS,0,0
2026-08-05,19:15,MIA,ATL,0,0
2026-08-05,19:40,MIN,KCR,0,0
2026-08-05,19:40,PIT,MIL,0,0
2026-08-05,21:40,SDP,ARI,0,0
2026-08-05,21:40,DET,SEA,0,0
2026-08-06,12:35,LAA,BAL,0,0
2026-08-06,12:40,ATH,CIN,0,0
2026-08-06,13:10,NYM,CLE,0,0
2026-08-06,14:10,PIT,MIL,0,0
2026-08-06,16:10,DET,SEA,0,0
2026-08-06,18:05,WSN,PHI,0,0
2026-08-06,19:10,CHW,BOS,0,0
2026-08-06,19:15,MIA,ATL,0,0
2026-08-06,19:40,MIN,KCR,0,0
2026-08-06,21:40,SDP,ARI,0,0
2026-08-07,18:40,TOR,PHI,0,0
2026-08-07,18:40,NYM,PIT,0,0
2026-08-07,18:45,CIN,WSN,0,0
2026-08-07,19:05,ATL,NYY,0,0
2026-08-07,19:10,ATH,BOS,0,0
2026-08-07,19:10,LAA,MIA,0,0
2026-08-07,19:40,CLE,CHW,0,0
2026-08-07,19:40,MIN,MIL,0,0
2026-08-07,20:05,BAL,TEX,0,0
2026-08-07,20:10,CHC,KCR,0,0
2026-08-07,20:15,COL,STL,0,0
2026-08-07,21:40,LAD,ARI,0,0
2026-08-07,21:40,HOU,SDP,0,0
2026-08-07,22:10,TBR,SEA,0,0
2026-08-07,22:15,DET,SFG,0,0
2026-08-08,15:05,ATL,NYY,0,0
2026-08-08,16:10,ATH,BOS,0,0
2026-08-08,16:10,LAA,MIA,0,0
2026-08-08,18:05,TOR,PHI,0,0
2026-08-08,18:40,NYM,PIT,0,0
2026-08-08,18:45,CIN,WSN,0,0
2026-08-08,19:10,CLE,CHW,0,0
2026-08-08,19:10,CHC,KCR,0,0
2026-08-08,19:10,MIN,MIL,0,0
2026-08-08,19:15,HOU,SDP,0,0
2026-08-08,19:15,DET,SFG,0,0
2026-08-08,19:15,COL,STL,0,0
2026-08-08,19:15,BAL,TEX,0,0
2026-08-08,20:10,LAD,ARI,0,0
2026-08-08,21:50,TBR,SEA,0,0
2026-08-09,12:15,CIN,WSN,0,0
2026-08-09,13:35,ATH,BOS,0,0
2026-08-09,13:35,ATL,NYY,0,0
2026-08-09,13:35,TOR,PHI,0,0
2026-08-09,13:35,NYM,PIT,0,0
2026-08-09,13:40,LAA,MIA,0,0
2026-08-09,14:10,CLE,CHW,0,0
2026-08-09,14:10,CHC,KCR,0,0
2026-08-09,14:10,MIN,MIL,0,0
2026-08-09,14:15,COL,STL,0,0
2026-08-09,14:35,BAL,TEX,0,0
2026-08-09,16:05,DET,SFG,0,0
2026-08-09,16:10,LAD,ARI,0,0
2026-08-09,16:10,TBR,SEA,0,0
2026-08-09,20:20,HOU,SDP,0,0
2026-08-10,19:07,BOS,TOR,0,0
2026-08-10,19:15,NYM,ATL,0,0
2026-08-10,19:40,BAL,MIN,0,0
2026-08-10,19:45,PHI,STL,0,0
2026-08-10,21:38,TEX,LAA,0,0
2026-08-10,21:40,COL,ARI,0,0
2026-08-10,21:40,TBR,ATH,0,0
2026-08-10,21:40,MIL,SDP,0,0
2026-08-10,21:45,HOU,SFG,0,0
2026-08-10,22:10,KCR,LAD,0,0
2026-08-11,18:40,CLE,DET,0,0
2026-08-11,18:40,PIT,MIA,0,0
2026-08-11,18:45,CHC,WSN,0,0
2026-08-11,19:05,SEA,NYY,0,0
2026-08-11,19:07,BOS,TOR,0,0
2026-08-11,19:15,NYM,ATL,0,0
2026-08-11,19:40,CIN,CHW,0,0
2026-08-11,19:40,BAL,MIN,0,0
2026-08-11,19:45,PHI,STL,0,0
2026-08-11,21:38,TEX,LAA,0,0
2026-08-11,21:40,COL,ARI,0,0
2026-08-11,21:40,TBR,ATH,0,0
2026-08-11,21:40,MIL,SDP,0,0
2026-08-11,21:45,HOU,SFG,0,0
2026-08-11,22:10,KCR,LAD,0,0
2026-08-12,13:40,BAL,MIN,0,0
2026-08-12,14:15,PHI,STL,0,0
2026-08-12,15:05,TBR,ATH,0,0
2026-08-12,15:40,COL,ARI,0,0
2026-08-12,15:45,HOU,SFG,0,0
2026-08-12,16:10,MIL,SDP,0,0
2026-08-12,18:40,CLE,DET,0,0
2026-08-12,18:40,PIT,MIA,0,0
2026-08-12,18:45,CHC,WSN,0,0
2026-08-12,19:05,SEA,NYY,0,0
2026-08-12,19:07,BOS,TOR,0,0
2026-08-12,19:15,NYM,ATL,0,0
2026-08-12,19:40,CIN,CHW,0,0
2026-08-12,22:10,TEX,LAA,0,0
2026-08-12,22:10,KCR,LAD,0,0
2026-08-13,13:10,CLE,DET,0,0
2026-08-13,13:10,PIT,MIA,0,0
2026-08-13,13:35,SEA,NYY,0,0
2026-08-13,14:10,CIN,CHW,0,0
2026-08-13,15:07,BOS,TOR,0,0
2026-08-13,16:05,CHC,WSN,0,0
2026-08-13,19:30,PHI,MIN,0,0
2026-08-13,22:07,TEX,LAA,0,0
2026-08-13,22:10,MIL,LAD,0,0
2026-08-14,14:20,STL,CHC,0,0
2026-08-14,18:10,MIA,CIN,0,0
2026-08-14,18:40,CHW,DET,0,0
2026-08-14,18:40,BOS,PIT,0,0
2026-08-14,19:07,NYY,TOR,0,0
2026-08-14,19:10,SDP,CLE,0,0
2026-08-14,19:10,WSN,NYM,0,0
2026-08-14,19:10,BAL,TBR,0,0
2026-08-14,19:15,ARI,ATL,0,0
2026-08-14,20:10,SEA,HOU,0,0
2026-08-14,21:38,KCR,LAA,0,0
2026-08-14,21:40,TEX,ATH,0,0
2026-08-14,22:10,MIL,LAD,0,0
2026-08-14,22:15,COL,SFG,0,0
2026-08-15,13:10,CHW,DET,0,0
2026-08-15,14:20,STL,CHC,0,0
2026-08-15,15:07,NYY,TOR,0,0
2026-08-15,16:05,COL,SFG,0,0
2026-08-15,16:10,WSN,NYM,0,0
2026-08-15,18:10,BAL,TBR,0,0
2026-08-15,18:40,MIA,CIN,0,0
2026-08-15,18:40,BOS,PIT,0,0
2026-08-15,19:10,SDP,CLE,0,0
2026-08-15,19:10,SEA,HOU,0,0
2026-08-15,19:10,PHI,MIN,0,0
2026-08-15,19:15,ARI,ATL,0,0
2026-08-15,19:15,MIL,LAD,0,0
2026-08-15,21:38,KCR,LAA,0,0
2026-08-15,21:40,TEX,ATH,0,0
2026-08-16,12:15,BAL,TBR,0,0
2026-08-16,13:35,ARI,ATL,0,0
2026-08-16,13:35,BOS,PIT,0,0
2026-08-16,13:37,NYY,TOR,0,0
2026-08-16,13:40,MIA,CIN,0,0
2026-08-16,13:40,SDP,CLE,0,0
2026-08-16,13:40,CHW,DET,0,0
2026-08-16,13:40,WSN,NYM,0,0
2026-08-16,14:10,PHI,MIN,0,0
2026-08-16,15:10,STL,CHC,0,0
2026-08-16,16:05,TEX,ATH,0,0
2026-08-16,16:05,COL,SFG,0,0
2026-08-16,16:07,KCR,LAA,0,0
2026-08-16,16:10,MIL,LAD,0,0
2026-08-16,19:20,SEA,HOU,0,0
2026-08-17,18:40,STL,CIN,0,0
2026-08-17,18:40,MIA,PHI,0,0
2026-08-17,18:40,BAL,TBR,0,0
2026-08-17,19:05,DET,PIT,0,0
2026-08-17,19:10,ARI,BOS,0,0
2026-08-17,19:10,SDP,NYM,0,0
2026-08-17,19:40,ATH,KCR,0,0
2026-08-17,19:40,ATL,MIN,0,0
2026-08-17,20:05,CHW,CHC,0,0
2026-08-17,20:40,LAD,COL,0,0
2026-08-18,18:35,NYY,BAL,0,0
2026-08-18,18:40,STL,CIN,0,0
2026-08-18,18:40,SFG,CLE,0,0
2026-08-18,18:40,MIA,PHI,0,0
2026-08-18,18:40,DET,PIT,0,0
2026-08-18,18:40,TOR,TBR,0,0
2026-08-18,19:10,ARI,BOS,0,0
2026-08-18,19:10,SDP,NYM,0,0
2026-08-18,19:40,ATH,KCR,0,0
2026-08-18,19:40,SEA,MIL,0,0
2026-08-18,19:40,ATL,MIN,0,0
2026-08-18,20:05,CHW,CHC,0,0
2026-08-18,20:05,WSN,TEX,0,0
2026-08-18,20:10,LAA,HOU,0,0
2026-08-18,20:40,LAD,COL,0,0
2026-08-19,12:35,DET,PIT,0,0
2026-08-19,13:10,SDP,NYM,0,0
2026-08-19,13:40,ATL,MIN,0,0
2026-08-19,14:20,CHW,CHC,0,0
2026-08-19,16:10,ARI,BOS,0,0
2026-08-19,18:05,MIA,PHI,0,0
2026-08-19,18:35,NYY,BAL,0,0
2026-08-19,18:40,STL,CIN,0,0
2026-08-19,18:40,SFG,CLE,0,0
2026-08-19,18:40,TOR,TBR,0,0
2026-08-19,19:40,ATH,KCR,0,0
2026-08-19,19:40,SEA,MIL,0,0
2026-08-19,20:05,WSN,TEX,0,0
2026-08-19,20:10,LAA,HOU,0,0
2026-08-19,20:40,LAD,COL,0,0
2026-08-20,12:40,STL,CIN,0,0
2026-08-20,13:10,SFG,CLE,0,0
2026-08-20,13:10,TOR,TBR,0,0
2026-08-20,14:10,ATH,KCR,0,0
2026-08-20,14:10,SEA,MIL,0,0
2026-08-20,18:35,NYY,BAL,0,0
2026-08-20,20:05,WSN,TEX,0,0
2026-08-20,20:10,LAA,HOU,0,0
2026-08-21,16:10,ATL,MIL,0,0
2026-08-21,18:40,STL,PHI,0,0
2026-08-21,19:05,TBR,BAL,0,0
2026-08-21,19:05,TOR,NYY,0,0
2026-08-21,19:10,SFG,BOS,0,0
2026-08-21,19:10,WSN,MIA,0,0
2026-08-21,19:40,NYM,CHW,0,0
2026-08-21,20:05,LAA,TEX,0,0
2026-08-21,20:10,ATH,HOU,0,0
2026-08-21,20:10,DET,KCR,0,0
2026-08-21,20:40,CLE,COL,0,0
2026-08-21,21:40,CIN,ARI,0,0
2026-08-21,21:40,MIN,SDP,0,0
2026-08-21,22:10,PIT,LAD,0,0
2026-08-21,22:10,CHC,SEA,0,0
2026-08-22,13:35,TOR,NYY,0,0
2026-08-22,14:10,ATL,MIL,0,0
2026-08-22,16:10,WSN,MIA,0,0
2026-08-22,18:05,STL,PHI,0,0
2026-08-22,19:05,TBR,BAL,0,0
2026-08-22,19:05,LAA,TEX,0,0
2026-08-22,19:10,NYM,CHW,0,0
2026-08-22,19:10,ATH,HOU,0,0
2026-08-22,19:15,SFG,BOS,0,0
2026-08-22,19:15,DET,KCR,0,0
2026-08-22,20:10,CIN,ARI,0,0
2026-08-22,20:10,CLE,COL,0,0
2026-08-22,20:40,MIN,SDP,0,0
2026-08-22,21:10,PIT,LAD,0,0
2026-08-22,21:40,CHC,SEA,0,0
2026-08-23,13:35,TBR,BAL,0,0
2026-08-23,13:35,TOR,NYY,0,0
2026-08-23,13:35,STL,PHI,0,0
2026-08-23,13:40,WSN,MIA,0,0
2026-08-23,14:10,NYM,CHW,0,0
2026-08-23,14:10,ATH,HOU,0,0
2026-08-23,14:10,DET,KCR,0,0
2026-08-23,14:35,LAA,TEX,0,0
2026-08-23,15:10,SFG,BOS,0,0
2026-08-23,15:10,CLE,COL,0,0
2026-08-23,16:10,PIT,LAD,0,0
2026-08-23,16:10,MIN,SDP,0,0
2026-08-23,16:10,CHC,SEA,0,0
2026-08-23,16:15,CIN,ARI,0,0
2026-08-23,19:10,ATL,MIL,0,0
2026-08-24,18:40,TBR,DET,0,0
2026-08-24,18:40,BOS,MIA,0,0
2026-08-24,18:45,COL,WSN,0,0
2026-08-24,19:40,TEX,CHW,0,0
2026-08-24,21:38,CLE,LAA,0,0
2026-08-24,21:40,CHC,ARI,0,0
2026-08-24,21:40,MIN,ATH,0,0
2026-08-24,21:40,PIT,SDP,0,0
2026-08-24,21:40,PHI,SEA,0,0
2026-08-24,21:45,CIN,SFG,0,0
2026-08-25,18:40,TBR,DET,0,0
2026-08-25,18:40,BOS,MIA,0,0
2026-08-25,18:45,COL,WSN,0,0
2026-08-25,19:05,HOU,NYY,0,0
2026-08-25,19:07,KCR,TOR,0,0
2026-08-25,19:10,MIL,NYM,0,0
2026-08-25,19:15,LAD,ATL,0,0
2026-08-25,19:40,TEX,CHW,0,0
2026-08-25,19:45,BAL,STL,0,0
2026-08-25,21:38,CLE,LAA,0,0
2026-08-25,21:40,CHC,ARI,0,0
2026-08-25,21:40,MIN,ATH,0,0
2026-08-25,21:40,PIT,SDP,0,0
2026-08-25,21:40,PHI,SEA,0,0
2026-08-25,21:45,CIN,SFG,0,0
2026-08-26,13:10,TBR,DET,0,0
2026-08-26,15:40,CHC,ARI,0,0
2026-08-26,15:45,CIN,SFG,0,0
2026-08-26,16:07,CLE,LAA,0,0
2026-08-26,16:10,PIT,SDP,0,0
2026-08-26,16:10,PHI,SEA,0,0
2026-08-26,18:40,BOS,MIA,0,0
2026-08-26,18:45,COL,WSN,0,0
2026-08-26,19:05,HOU,NYY,0,0
2026-08-26,19:07,KCR,TOR,0,0
2026-08-26,19:10,MIL,NYM,0,0
2026-08-26,19:15,LAD,ATL,0,0
2026-08-26,19:40,TEX,CHW,0,0
2026-08-26,19:45,BAL,STL,0,0
2026-08-26,21:05,MIN,ATH,0,0
2026-08-27,13:05,COL,WSN,0,0
2026-08-27,14:15,BAL,STL,0,0
2026-08-27,19:05,HOU,NYY,0,0
2026-08-27,19:07,KCR,TOR,0,0
2026-08-27,19:10,MIL,NYM,0,0
2026-08-27,19:15,LAD,ATL,0,0
2026-08-27,21:45,ARI,SFG,0,0
2026-08-28,14:20,CIN,CHC,0,0
2026-08-28,18:40,LAD,DET,0,0
2026-08-28,18:45,MIA,WSN,0,0
2026-08-28,19:05,BOS,NYY,0,0
2026-08-28,19:07,SEA,TOR,0,0
2026-08-28,19:10,KCR,CLE,0,0
2026-08-28,19:10,HOU,NYM,0,0
2026-08-28,19:10,SDP,TBR,0,0
2026-08-28,19:15,COL,ATL,0,0
2026-08-28,19:40,TEX,MIL,0,0
2026-08-28,20:10,CHW,MIN,0,0
2026-08-28,20:15,PIT,STL,0,0
2026-08-28,21:38,PHI,LAA,0,0
2026-08-28,21:40,BAL,ATH,0,0
2026-08-28,22:15,ARI,SFG,0,0
2026-08-29,13:10,LAD,DET,0,0
2026-08-29,14:10,CHW,MIN,0,0
2026-08-29,14:15,PIT,STL,0,0
2026-08-29,14:20,CIN,CHC,0,0
2026-08-29,15:07,SEA,TOR,0,0
2026-08-29,16:05,MIA,WSN,0,0
2026-08-29,16:10,COL,ATL,0,0
2026-08-29,16:10,KCR,CLE,0,0
2026-08-29,16:10,HOU,NYM,0,0
2026-08-29,16:10,SDP,TBR,0,0
2026-08-29,19:15,TEX,MIL,0,0
2026-08-29,19:15,BOS,NYY,0,0
2026-08-29,22:05,BAL,ATH,0,0
2026-08-29,22:05,ARI,SFG,0,0
2026-08-29,22:07,PHI,LAA,0,0
2026-08-30,12:15,MIA,WSN,0,0
2026-08-30,13:35,COL,ATL,0,0
2026-08-30,13:35,BOS,NYY,0,0
2026-08-30,13:37,SEA,TOR,0,0
2026-08-30,13:40,KCR,CLE,0,0
2026-08-30,13:40,LAD,DET,0,0
2026-08-30,13:40,SDP,TBR,0,0
2026-08-30,14:10,TEX,MIL,0,0
2026-08-30,14:10,CHW,MIN,0,0
2026-08-30,14:15,PIT,STL,0,0
2026-08-30,15:10,CIN,CHC,0,0
2026-08-30,16:05,BAL,ATH,0,0
2026-08-30,16:05,ARI,SFG,0,0
2026-08-30,16:07,PHI,LAA,0,0
2026-08-30,19:20,HOU,NYM,0,0
2026-08-31,18:40,SDP,CIN,0,0
2026-08-31,18:40,NYM,TBR,0,0
2026-08-31,18:45,SEA,BOS,0,0
2026-08-31,18:45,MIA,WSN,0,0
2026-08-31,19:40,MIL,CHC,0,0
2026-08-31,19:40,DET,MIN,0,0
2026-08-31,20:05,ATH,TEX,0,0
2026-08-31,20:10,CHW,HOU,0,0
2026-08-31,20:40,BAL,COL,0,0
2026-08-31,21:38,NYY,LAA,0,0
2026-08-31,21:40,PHI,ARI,0,0
2026-09-01,18:40,SDP,CIN,0,0
2026-09-01,18:40,TOR,CLE,0,0
2026-09-01,18:40,SFG,PIT,0,0
2026-09-01,18:40,NYM,TBR,0,0
2026-09-01,18:45,SEA,BOS,0,0
2026-09-01,18:45,ATL,WSN,0,0
2026-09-01,19:40,MIL,CHC,0,0
2026-09-01,19:40,MIA,KCR,0,0
2026-09-01,19:40,DET,MIN,0,0
2026-09-01,20:05,ATH,TEX,0,0
2026-09-01,20:10,CHW,HOU,0,0
2026-09-01,20:40,BAL,COL,0,0
2026-09-01,21:38,NYY,LAA,0,0
2026-09-01,21:40,PHI,ARI,0,0
2026-09-01,22:10,STL,LAD,0,0
2026-09-02,12:40,SDP,CIN,0,0
2026-09-02,13:05,ATL,WSN,0,0
2026-09-02,14:35,ATH,TEX,0,0
2026-09-02,15:10,BAL,COL,0,0
2026-09-02,15:40,PHI,ARI,0,0
2026-09-02,16:10,SEA,BOS,0,0
2026-09-02,18:40,TOR,CLE,0,0
2026-09-02,18:40,SFG,PIT,0,0
2026-09-02,18:40,NYM,TBR,0,0
2026-09-02,19:40,MIL,CHC,0,0
2026-09-02,19:40,MIA,KCR,0,0
2026-09-02,19:40,DET,MIN,0,0
2026-09-02,20:10,CHW,HOU,0,0
2026-09-02,21:38,NYY,LAA,0,0
2026-09-02,22:10,STL,LAD,0,0
2026-09-03,12:35,SFG,PIT,0,0
2026-09-03,13:10,TOR,CLE,0,0
2026-09-03,14:10,CHW,HOU,0,0
2026-09-03,18:35,BOS,BAL,0,0
2026-09-03,19:40,MIL,CHC,0,0
2026-09-03,19:40,MIA,KCR,0,0
2026-09-03,20:05,TBR,TEX,0,0
2026-09-03,21:40,ATH,SEA,0,0
2026-09-03,22:10,STL,LAD,0,0
2026-09-04,18:10,MIL,CIN,0,0
2026-09-04,18:40,ATL,PHI,0,0
2026-09-04,18:40,LAA,PIT,0,0
2026-09-04,19:05,BOS,BAL,0,0
2026-09-04,19:10,DET,CLE,0,0
2026-09-04,19:10,CHC,MIA,0,0
2026-09-04,19:10,SFG,NYM,0,0
2026-09-04,19:40,MIN,CHW,0,0
2026-09-04,20:05,TBR,TEX,0,0
2026-09-04,20:10,ARI,HOU,0,0
2026-09-04,20:10,TOR,KCR,0,0
2026-09-04,20:40,STL,COL,0,0
2026-09-04,21:40,NYY,SDP,0,0
2026-09-04,22:10,WSN,LAD,0,0
2026-09-04,22:10,ATH,SEA,0,0
2026-09-05,16:10,CHC,MIA,0,0
2026-09-05,16:10,SFG,NYM,0,0
2026-09-05,18:05,ATL,PHI,0,0
2026-09-05,18:40,MIL,CIN,0,0
2026-09-05,18:40,LAA,PIT,0,0
2026-09-05,19:05,TBR,TEX,0,0
2026-09-05,19:10,MIN,CHW,0,0
2026-09-05,19:10,TOR,KCR,0,0
2026-09-05,19:15,BOS,BAL,0,0
2026-09-05,19:15,DET,CLE,0,0
2026-09-05,19:15,ARI,HOU,0,0
2026-09-05,20:10,STL,COL,0,0
2026-09-05,20:40,NYY,SDP,0,0
2026-09-05,21:10,WSN,LAD,0,0
2026-09-05,21:40,ATH,SEA,0,0
2026-09-06,12:10,MIL,CIN,0,0
2026-09-06,13:10,ATL,PHI,0,0
2026-09-06,13:35,BOS,BAL,0,0
2026-09-06,13:35,LAA,PIT,0,0
2026-09-06,13:40,DET,CLE,0,0
2026-09-06,13:40,CHC,MIA,0,0
2026-09-06,13:40,SFG,NYM,0,0
2026-09-06,14:10,MIN,CHW,0,0
2026-09-06,14:10,ARI,HOU,0,0
2026-09-06,14:35,TBR,TEX,0,0
2026-09-06,15:10,STL,COL,0,0
2026-09-06,16:10,NYY,SDP,0,0
2026-09-06,16:10,ATH,SEA,0,0
2026-09-06,19:20,TOR,KCR,0,0
2026-09-06,22:10,WSN,LAD,0,0
2026-09-07,13:05,ATL,PHI,0,0
2026-09-07,13:10,MIN,DET,0,0
2026-09-07,13:10,NYM,MIA,0,0
2026-09-07,13:35,CLE,BAL,0,0
2026-09-07,13:35,LAA,BOS,0,0
2026-09-07,14:10,ARI,KCR,0,0
2026-09-07,14:10,CHC,MIL,0,0
2026-09-07,17:10,WSN,SDP,0,0
2026-09-07,20:10,STL,SFG,0,0
2026-09-07,21:10,CIN,LAD,0,0
2026-09-07,22:05,TOR,ATH,0,0
2026-09-08,18:35,CLE,BAL,0,0
2026-09-08,18:40,MIN,DET,0,0
2026-09-08,18:40,NYM,MIA,0,0
2026-09-08,18:40,HOU,PHI,0,0
2026-09-08,18:45,LAA,BOS,0,0
2026-09-08,19:05,COL,NYY,0,0
2026-09-08,19:15,TBR,ATL,0,0
2026-09-08,19:40,PIT,CHW,0,0
2026-09-08,19:40,ARI,KCR,0,0
2026-09-08,19:40,CHC,MIL,0,0
2026-09-08,21:40,TOR,ATH,0,0
2026-09-08,21:40,WSN,SDP,0,0
2026-09-08,21:40,TEX,SEA,0,0
2026-09-08,21:45,STL,SFG,0,0
2026-09-08,22:10,CIN,LAD,0,0
2026-09-09,13:10,MIN,DET,0,0
2026-09-09,15:05,TOR,ATH,0,0
2026-09-09,15:45,STL,SFG,0,0
2026-09-09,16:10,WSN,SDP,0,0
2026-09-09,16:10,TEX,SEA,0,0
2026-09-09,18:35,CLE,BAL,0,0
2026-09-09,18:40,NYM,MIA,0,0
2026-09-09,18:40,HOU,PHI,0,0
2026-09-09,18:45,LAA,BOS,0,0
2026-09-09,19:05,COL,NYY,0,0
2026-09-09,19:15,TBR,ATL,0,0
2026-09-09,19:40,PIT,CHW,0,0
2026-09-09,19:40,ARI,KCR,0,0
2026-09-09,19:40,CHC,MIL,0,0
2026-09-09,22:10,CIN,LAD,0,0
2026-09-10,12:15,TBR,ATL,0,0
2026-09-10,13:05,HOU,PHI,0,0
2026-09-10,16:10,TEX,SEA,0,0
2026-09-10,19:05,COL,NYY,0,0
2026-09-10,19:40,PIT,CHW,0,0
2026-09-11,14:20,PIT,CHC,0,0
2026-09-11,18:40,COL,DET,0,0
2026-09-11,18:45,LAA,WSN,0,0
2026-09-11,19:05,NYM,NYY,0,0
2026-09-11,19:07,BAL,TOR,0,0
2026-09-11,19:10,KCR,BOS,0,0
2026-09-11,19:10,LAD,MIA,0,0
2026-09-11,19:10,HOU,TBR,0,0
2026-09-11,19:15,PHI,ATL,0,0
2026-09-11,19:40,CIN,MIL,0,0
2026-09-11,20:10,CLE,MIN,0,0
2026-09-11,20:15,CHW,STL,0,0
2026-09-11,21:40,TEX,ARI,0,0
2026-09-11,21:40,SEA,ATH,0,0
2026-09-11,22:15,SDP,SFG,0,0
2026-09-12,13:10,COL,DET,0,0
2026-09-12,13:35,NYM,NYY,0,0
2026-09-12,14:20,PIT,CHC,0,0
2026-09-12,15:07,BAL,TOR,0,0
2026-09-12,16:05,SDP,SFG,0,0
2026-09-12,16:05,LAA,WSN,0,0
2026-09-12,16:10,KCR,BOS,0,0
2026-09-12,16:10,LAD,MIA,0,0
2026-09-12,16:10,CLE,MIN,0,0
2026-09-12,18:10,HOU,TBR,0,0
2026-09-12,19:10,CIN,MIL,0,0
2026-09-12,19:15,PHI,ATL,0,0
2026-09-12,19:15,CHW,STL,0,0
2026-09-12,20:10,TEX,ARI,0,0
2026-09-12,21:40,SEA,ATH,0,0
2026-09-13,13:35,PHI,ATL,0,0
2026-09-13,13:35,KCR,BOS,0,0
2026-09-13,13:35,NYM,NYY,0,0
2026-09-13,13:35,LAA,WSN,0,0
2026-09-13,13:37,BAL,TOR,0,0
2026-09-13,13:40,COL,DET,0,0
2026-09-13,13:40,LAD,MIA,0,0
2026-09-13,13:40,HOU,TBR,0,0
2026-09-13,14:10,CIN,MIL,0,0
2026-09-13,14:10,CLE,MIN,0,0
2026-09-13,14:15,CHW,STL,0,0
2026-09-13,14:20,PIT,CHC,0,0
2026-09-13,16:05,SEA,ATH,0,0
2026-09-13,16:10,TEX,ARI,0,0
2026-09-13,19:20,SDP,SFG,0,0
2026-09-14,18:40,LAD,CIN,0,0
2026-09-14,18:40,CHW,CLE,0,0
2026-09-14,19:07,DET,TOR,0,0
2026-09-14,19:10,BAL,NYM,0,0
2026-09-14,19:40,ATL,CHC,0,0
2026-09-14,19:40,NYY,MIN,0,0
2026-09-14,19:45,SFG,STL,0,0
2026-09-14,20:40,SDP,COL,0,0
2026-09-14,21:38,SEA,LAA,0,0
2026-09-14,21:40,MIA,ARI,0,0
2026-09-15,18:40,LAD,CIN,0,0
2026-09-15,18:40,CHW,CLE,0,0
2026-09-15,18:40,MIL,PIT,0,0
2026-09-15,18:40,ATH,TBR,0,0
2026-09-15,18:45,PHI,WSN,0,0
2026-09-15,19:07,DET,TOR,0,0
2026-09-15,19:10,BAL,NYM,0,0
2026-09-15,19:40,ATL,CHC,0,0
2026-09-15,19:40,NYY,MIN,0,0
2026-09-15,19:45,SFG,STL,0,0
2026-09-15,20:05,BOS,TEX,0,0
2026-09-15,20:10,KCR,HOU,0,0
2026-09-15,20:40,SDP,COL,0,0
2026-09-15,21:38,SEA,LAA,0,0
2026-09-15,21:40,MIA,ARI,0,0
2026-09-16,13:10,CHW,CLE,0,0
2026-09-16,13:15,SFG,STL,0,0
2026-09-16,13:40,NYY,MIN,0,0
2026-09-16,15:07,DET,TOR,0,0
2026-09-16,18:40,LAD,CIN,0,0
2026-09-16,18:40,MIL,PIT,0,0
2026-09-16,18:40,ATH,TBR,0,0
2026-09-16,18:45,PHI,WSN,0,0
2026-09-16,19:10,BAL,NYM,0,0
2026-09-16,19:40,ATL,CHC,0,0
2026-09-16,20:05,BOS,TEX,0,0
2026-09-16,20:10,KCR,HOU,0,0
2026-09-16,20:40,SDP,COL,0,0
2026-09-16,21:38,SEA,LAA,0,0
2026-09-16,21:40,MIA,ARI,0,0
2026-09-17,12:35,MIL,PIT,0,0
2026-09-17,12:40,LAD,CIN,0,0
2026-09-17,13:10,ATH,TBR,0,0
2026-09-17,15:10,SDP,COL,0,0
2026-09-17,19:15,KCR,HOU,0,0
2026-09-17,19:15,PHI,NYM,0,0
2026-09-17,19:40,DET,CHW,0,0
2026-09-17,20:05,BOS,TEX,0,0
2026-09-17,21:38,MIN,LAA,0,0
2026-09-18,18:40,CHC,CIN,0,0
2026-09-18,18:40,KCR,PIT,0,0
2026-09-18,19:05,MIL,BAL,0,0
2026-09-18,19:10,ATH,CLE,0,0
2026-09-18,19:10,PHI,NYM,0,0
2026-09-18,19:10,BOS,TBR,0,0
2026-09-18,19:40,DET,CHW,0,0
2026-09-18,20:05,TOR,TEX,0,0
2026-09-18,20:10,SEA,COL,0,0
2026-09-18,20:10,ATL,HOU,0,0
2026-09-18,20:15,WSN,STL,0,0
2026-09-18,21:38,MIN,LAA,0,0
2026-09-18,21:40,NYY,ARI,0,0
2026-09-18,21:40,MIA,SDP,0,0
2026-09-18,22:10,SFG,LAD,0,0
2026-09-19,16:05,MIL,BAL,0,0
2026-09-19,16:10,PHI,NYM,0,0
2026-09-19,16:10,BOS,TBR,0,0
2026-09-19,18:10,ATH,CLE,0,0
2026-09-19,18:40,CHC,CIN,0,0
2026-09-19,18:40,KCR,PIT,0,0
2026-09-19,19:05,TOR,TEX,0,0
2026-09-19,19:10,DET,CHW,0,0
2026-09-19,19:10,ATL,HOU,0,0
2026-09-19,19:15,WSN,STL,0,0
2026-09-19,20:10,NYY,ARI,0,0
2026-09-19,20:10,SEA,COL,0,0
2026-09-19,20:40,MIA,SDP,0,0
2026-09-19,21:10,SFG,LAD,0,0
2026-09-19,21:38,MIN,LAA,0,0
2026-09-20,13:35,KCR,PIT,0,0
2026-09-20,13:40,CHC,CIN,0,0
2026-09-20,13:40,ATH,CLE,0,0
2026-09-20,13:40,PHI,NYM,0,0
2026-09-20,13:40,BOS,TBR,0,0
2026-09-20,14:10,DET,CHW,0,0
2026-09-20,14:10,ATL,HOU,0,0
2026-09-20,14:15,WSN,STL,0,0
2026-09-20,14:35,TOR,TEX,0,0
2026-09-20,15:10,SEA,COL,0,0
2026-09-20,16:07,MIN,LAA,0,0
2026-09-20,16:10,NYY,ARI,0,0
2026-09-20,16:10,SFG,LAD,0,0
2026-09-20,16:10,MIA,SDP,0,0
2026-09-20,19:20,MIL,BAL,0,0
2026-09-21,18:35,TOR,BAL,0,0
2026-09-21,18:40,WSN,DET,0,0
2026-09-21,21:45,MIN,SFG,0,0
2026-09-22,18:35,TOR,BAL,0,0
2026-09-22,18:40,WSN,DET,0,0
2026-09-22,18:40,MIL,PHI,0,0
2026-09-22,18:40,STL,PIT,0,0
2026-09-22,18:45,CLE,BOS,0,0
2026-09-22,19:05,TBR,NYY,0,0
2026-09-22,19:15,CIN,ATL,0,0
2026-09-22,19:40,MIA,CHC,0,0
2026-09-22,19:40,CHW,KCR,0,0
2026-09-22,20:05,NYM,TEX,0,0
2026-09-22,20:40,ARI,COL,0,0
2026-09-22,21:40,LAA,ATH,0,0
2026-09-22,21:40,HOU,SEA,0,0
2026-09-22,21:45,MIN,SFG,0,0
2026-09-22,22:10,SDP,LAD,0,0
2026-09-23,13:10,WSN,DET,0,0
2026-09-23,15:45,MIN,SFG,0,0
2026-09-23,18:35,TOR,BAL,0,0
2026-09-23,18:40,MIL,PHI,0,0
2026-09-23,18:40,STL,PIT,0,0
2026-09-23,19:05,TBR,NYY,0,0
2026-09-23,19:10,CLE,BOS,0,0
2026-09-23,19:15,CIN,ATL,0,0
2026-09-23,19:40,MIA,CHC,0,0
2026-09-23,19:40,CHW,KCR,0,0
2026-09-23,20:05,NYM,TEX,0,0
2026-09-23,20:40,ARI,COL,0,0
2026-09-23,21:40,LAA,ATH,0,0
2026-09-23,22:10,SDP,LAD,0,0
2026-09-23,22:10,HOU,SEA,0,0
2026-09-24,12:35,STL,PIT,0,0
2026-09-24,14:10,CHW,KCR,0,0
2026-09-24,14:20,MIA,CHC,0,0
2026-09-24,14:35,NYM,TEX,0,0
2026-09-24,15:10,ARI,COL,0,0
2026-09-24,18:05,MIL,PHI,0,0
2026-09-24,18:45,CLE,BOS,0,0
2026-09-24,19:05,TBR,NYY,0,0
2026-09-24,19:15,CIN,ATL,0,0
2026-09-24,21:40,HOU,ATH,0,0
2026-09-24,21:40,LAA,SEA,0,0
2026-09-24,22:10,SDP,LAD,0,0
2026-09-25,18:40,PIT,DET,0,0
2026-09-25,18:40,TBR,PHI,0,0
2026-09-25,18:45,NYM,WSN,0,0
2026-09-25,19:05,BAL,NYY,0,0
2026-09-25,19:07,CIN,TOR,0,0
2026-09-25,19:10,CHC,BOS,0,0
2026-09-25,19:10,ATL,MIA,0,0
2026-09-25,19:40,COL,CHW,0,0
2026-09-25,19:40,CLE,KCR,0,0
2026-09-25,19:40,STL,MIL,0,0
2026-09-25,20:10,TEX,MIN,0,0
2026-09-25,21:40,HOU,ATH,0,0
2026-09-25,21:40,ARI,SDP,0,0
2026-09-25,22:10,LAA,SEA,0,0
2026-09-25,22:15,LAD,SFG,0,0
2026-09-26,13:10,PIT,DET,0,0
2026-09-26,15:07,CIN,TOR,0,0
2026-09-26,16:05,LAD,SFG,0,0
2026-09-26,16:05,NYM,WSN,0,0
2026-09-26,16:10,ATL,MIA,0,0
2026-09-26,16:10,TEX,MIN,0,0
2026-09-26,18:05,TBR,PHI,0,0
2026-09-26,19:05,BAL,NYY,0,0
2026-09-26,19:10,COL,CHW,0,0
2026-09-26,19:10,CLE,KCR,0,0
2026-09-26,19:10,STL,MIL,0,0
2026-09-26,19:15,CHC,BOS,0,0
2026-09-26,20:40,ARI,SDP,0,0
2026-09-26,21:40,HOU,ATH,0,0
2026-09-26,21:40,LAA,SEA,0,0
2026-09-27,15:05,HOU,ATH,0,0
2026-09-27,15:05,CHC,BOS,0,0
2026-09-27,15:05,TBR,PHI,0,0
2026-09-27,15:05,LAD,SFG,0,0
2026-09-27,15:05,NYM,WSN,0,0
2026-09-27,15:07,CIN,TOR,0,0
2026-09-27,15:10,COL,CHW,0,0
2026-09-27,15:10,PIT,DET,0,0
2026-09-27,15:10,CLE,KCR,0,0
2026-09-27,15:10,ATL,MIA,0,0
2026-09-27,15:10,STL,MIL,0,0
2026-09-27,15:10,TEX,MIN,0,0
2026-09-27,15:10,ARI,SDP,0,0
2026-09-27,15:10,LAA,SEA,0,0
2026-09-27,15:20,BAL,NYY,0,0
